date,adj_close,close,high,low,open,volume,symbol
2015-01-02,39.6817512512207,46.7599983215332,47.41999816894531,46.540000915527344,46.65999984741211,27913900,MSFT
2015-01-05,39.31683349609375,46.33000183105469,46.72999954223633,46.25,46.369998931884766,39673900,MSFT
2015-01-06,38.73976516723633,45.650001525878906,46.75,45.540000915527344,46.380001068115234,36447900,MSFT
2015-01-07,39.23196792602539,46.22999954223633,46.459999084472656,45.4900016784668,45.97999954223633,29114100,MSFT
2015-01-08,40.386104583740234,47.59000015258789,47.75,46.720001220703125,46.75,29645200,MSFT
2015-01-09,40.04664611816406,47.189998626708984,47.81999969482422,46.900001525878906,47.61000061035156,23944200,MSFT
2015-01-12,39.54595184326172,46.599998474121094,47.540000915527344,46.36000061035156,47.41999816894531,23651900,MSFT
2015-01-13,39.3422966003418,46.36000061035156,47.90999984741211,46.060001373291016,46.970001220703125,35270600,MSFT
2015-01-14,39.002845764160156,45.959999084472656,46.2400016784668,45.619998931884766,45.959999084472656,29719600,MSFT
2015-01-15,38.595497131347656,45.47999954223633,46.380001068115234,45.40999984741211,46.220001220703125,32750800,MSFT
2015-01-16,39.24045181274414,46.2400016784668,46.279998779296875,45.16999816894531,45.310001373291016,35695300,MSFT
2015-01-20,39.367740631103516,46.38999938964844,46.650001525878906,45.56999969482422,46.29999923706055,36161900,MSFT
2015-01-21,38.9688835144043,45.91999816894531,46.13999938964844,45.47999954223633,45.939998626708984,39081100,MSFT
2015-01-22,39.99571990966797,47.130001068115234,47.13999938964844,46.08000183105469,46.380001068115234,35898000,MSFT
2015-01-23,40.03815460205078,47.18000030517578,47.38999938964844,46.79999923706055,47.36000061035156,26211600,MSFT
2015-01-26,39.89391326904297,47.0099983215332,47.130001068115234,46.2400016784668,47.0,42525500,MSFT
2015-01-27,36.202369689941406,42.65999984741211,43.20000076293945,42.11000061035156,42.95000076293945,169164000,MSFT
2015-01-28,34.95490264892578,41.189998626708984,42.790000915527344,41.15999984741211,42.7400016784668,84507100,MSFT
2015-01-29,35.65076446533203,42.0099983215332,42.119998931884766,40.790000915527344,40.93000030517578,63585300,MSFT
2015-01-30,34.28448486328125,40.400001525878906,41.58000183105469,40.349998474121094,41.54999923706055,78004900,MSFT
2015-02-02,35.03127670288086,41.279998779296875,41.369998931884766,40.22999954223633,40.59000015258789,50352500,MSFT
2015-02-03,35.302833557128906,41.599998474121094,41.93000030517578,41.04999923706055,41.630001068115234,52082400,MSFT
2015-02-04,35.50649642944336,41.84000015258789,42.209999084472656,41.36000061035156,41.939998626708984,41614800,MSFT
2015-02-05,36.024169921875,42.45000076293945,42.63999938964844,41.86000061035156,42.220001220703125,36548200,MSFT
2015-02-06,35.9902229309082,42.40999984741211,42.790000915527344,42.150001525878906,42.68000030517578,34616600,MSFT
2015-02-09,35.947784423828125,42.36000061035156,42.7400016784668,42.209999084472656,42.2400016784668,31381100,MSFT
2015-02-10,36.151451110839844,42.599998474121094,42.77000045776367,42.18000030517578,42.7400016784668,29670700,MSFT
2015-02-11,35.964759826660156,42.380001068115234,42.650001525878906,42.209999084472656,42.650001525878906,38262500,MSFT
2015-02-12,36.56727600097656,43.09000015258789,43.09000015258789,42.5099983215332,42.65999984741211,33268800,MSFT
2015-02-13,37.229209899902344,43.869998931884766,43.869998931884766,43.150001525878906,43.380001068115234,40264900,MSFT
2015-02-17,37.246307373046875,43.58000183105469,44.0,43.189998626708984,43.970001220703125,33695700,MSFT
2015-02-18,37.20359802246094,43.529998779296875,43.70000076293945,43.38999938964844,43.630001068115234,27111700,MSFT
2015-02-19,37.17792510986328,43.5,43.529998779296875,43.04999923706055,43.18000030517578,27603400,MSFT
2015-02-20,37.48561477661133,43.86000061035156,43.880001068115234,43.290000915527344,43.5099983215332,29721100,MSFT
2015-02-23,37.733463287353516,44.150001525878906,44.189998626708984,43.650001525878906,43.70000076293945,32518800,MSFT
2015-02-24,37.68217849731445,44.09000015258789,44.29999923706055,43.91999816894531,44.150001525878906,25271700,MSFT
2015-02-25,37.59672927856445,43.9900016784668,44.09000015258789,43.79999923706055,43.95000076293945,29759800,MSFT
2015-02-26,37.65653610229492,44.060001373291016,44.22999954223633,43.88999938964844,43.9900016784668,28957300,MSFT
2015-02-27,37.477054595947266,43.849998474121094,44.20000076293945,43.65999984741211,44.130001068115234,33807700,MSFT
2015-03-02,37.50270462036133,43.880001068115234,44.189998626708984,43.54999923706055,43.66999816894531,31924000,MSFT
2015-03-03,36.98990249633789,43.279998779296875,43.83000183105469,43.09000015258789,43.560001373291016,31748600,MSFT
2015-03-04,36.80188751220703,43.060001373291016,43.209999084472656,42.880001068115234,43.0099983215332,25748700,MSFT
2015-03-05,36.84461975097656,43.11000061035156,43.2400016784668,42.81999969482422,43.06999969482422,23193500,MSFT
2015-03-06,36.20361328125,42.36000061035156,43.11000061035156,42.150001525878906,43.0,36248800,MSFT
2015-03-09,36.62239074707031,42.849998474121094,43.130001068115234,42.189998626708984,42.189998626708984,32108000,MSFT
2015-03-10,35.921573638916016,42.029998779296875,42.709999084472656,42.029998779296875,42.349998474121094,39159700,MSFT
2015-03-11,35.87883377075195,41.97999954223633,42.369998931884766,41.84000015258789,42.310001373291016,32215300,MSFT
2015-03-12,35.05836868286133,41.02000045776367,41.650001525878906,40.86000061035156,41.33000183105469,59992500,MSFT
2015-03-13,35.36603546142578,41.380001068115234,41.470001220703125,40.61000061035156,40.70000076293945,58007700,MSFT
2015-03-16,35.5198860168457,41.560001373291016,41.63999938964844,41.279998779296875,41.470001220703125,35273500,MSFT
2015-03-17,35.6395263671875,41.70000076293945,41.83000183105469,41.150001525878906,41.369998931884766,31673400,MSFT
2015-03-18,36.323272705078125,42.5,42.83000183105469,41.33000183105469,41.43000030517578,44194800,MSFT
2015-03-19,36.14377975463867,42.290000915527344,42.59000015258789,42.220001220703125,42.2599983215332,33879100,MSFT
2015-03-20,36.648048400878906,42.880001068115234,42.97999954223633,42.4900016784668,42.560001373291016,71904500,MSFT
2015-03-23,36.630950927734375,42.86000061035156,43.130001068115234,42.779998779296875,42.880001068115234,26246100,MSFT
2015-03-24,36.665138244628906,42.900001525878906,43.16999816894531,42.75,42.779998779296875,25513300,MSFT
2015-03-25,35.43440628051758,41.459999084472656,42.93000030517578,41.439998626708984,42.91999816894531,43469900,MSFT
2015-03-26,35.22074508666992,41.209999084472656,41.61000061035156,40.91999816894531,41.220001220703125,37495600,MSFT
2015-03-27,35.015628814697266,40.970001220703125,41.43000030517578,40.83000183105469,41.119998931884766,34401400,MSFT
2015-03-30,35.00707244873047,40.959999084472656,41.540000915527344,40.90999984741211,41.099998474121094,35049700,MSFT
2015-03-31,34.75067901611328,40.65999984741211,41.029998779296875,40.540000915527344,40.779998779296875,34887200,MSFT
2015-04-01,34.80196762084961,40.720001220703125,40.7599983215332,40.310001373291016,40.599998474121094,36865300,MSFT
2015-04-02,34.434452056884766,40.290000915527344,40.7400016784668,40.119998931884766,40.65999984741211,37487500,MSFT
2015-04-06,35.5113410949707,41.54999923706055,41.779998779296875,40.18000030517578,40.34000015258789,39223700,MSFT
2015-04-07,35.49423599243164,41.529998779296875,41.90999984741211,41.310001373291016,41.61000061035156,28809400,MSFT
2015-04-08,35.40023422241211,41.41999816894531,41.689998626708984,41.040000915527344,41.459999084472656,24753400,MSFT
2015-04-09,35.45151138305664,41.47999954223633,41.619998931884766,41.25,41.25,25723900,MSFT
2015-04-10,35.65664291381836,41.720001220703125,41.95000076293945,41.40999984741211,41.630001068115234,28022000,MSFT
2015-04-13,35.690818786621094,41.7599983215332,42.060001373291016,41.38999938964844,41.400001525878906,30276700,MSFT
2015-04-14,35.596797943115234,41.650001525878906,42.029998779296875,41.38999938964844,41.79999923706055,24244400,MSFT
2015-04-15,36.11814498901367,42.2599983215332,42.459999084472656,41.68000030517578,41.7599983215332,27343600,MSFT
2015-04-16,36.032684326171875,42.15999984741211,42.34000015258789,41.81999969482422,41.95000076293945,22509700,MSFT
2015-04-17,35.5711669921875,41.619998931884766,41.7400016784668,41.15999984741211,41.66999816894531,42387600,MSFT
2015-04-20,36.673683166503906,42.90999984741211,43.16999816894531,41.68000030517578,41.72999954223633,46057700,MSFT
2015-04-21,36.44292068481445,42.63999938964844,43.150001525878906,42.529998779296875,43.0,26013800,MSFT
2015-04-22,36.74205017089844,42.9900016784668,43.130001068115234,42.54999923706055,42.66999816894531,25064300,MSFT
2015-04-23,37.04118728637695,43.34000015258789,43.61000061035156,42.79999923706055,42.88999938964844,46309500,MSFT
2015-04-24,40.91281509399414,47.869998931884766,48.13999938964844,45.650001525878906,45.65999984741211,130933700,MSFT
2015-04-27,41.049556732177734,48.029998779296875,48.130001068115234,47.220001220703125,47.22999954223633,59248200,MSFT
2015-04-28,42.01533508300781,49.15999984741211,49.209999084472656,47.70000076293945,47.779998779296875,60730800,MSFT
2015-04-29,41.92986297607422,49.060001373291016,49.310001373291016,48.5,48.720001220703125,47804600,MSFT
2015-04-30,41.57090377807617,48.63999938964844,49.540000915527344,48.599998474121094,48.70000076293945,64725500,MSFT
2015-05-01,41.58802032470703,48.65999984741211,48.880001068115234,48.400001525878906,48.58000183105469,38937300,MSFT
2015-05-04,41.22904586791992,48.2400016784668,48.869998931884766,48.18000030517578,48.369998931884766,34039500,MSFT
2015-05-05,40.68205642700195,47.599998474121094,48.15999984741211,47.310001373291016,47.81999969482422,50369200,MSFT
2015-05-06,39.55390167236328,46.279998779296875,47.77000045776367,46.02000045776367,47.56999969482422,52433000,MSFT
2015-05-07,39.912872314453125,46.70000076293945,47.09000015258789,46.15999984741211,46.27000045776367,32971700,MSFT
2015-05-08,40.810264587402344,47.75,47.97999954223633,47.52000045776367,47.54999923706055,35364900,MSFT
2015-05-11,40.48549270629883,47.369998931884766,47.90999984741211,47.369998931884766,47.54999923706055,24609400,MSFT
2015-05-12,40.46839141845703,47.349998474121094,47.68000030517578,46.41999816894531,46.849998474121094,29928300,MSFT
2015-05-13,40.70771026611328,47.630001068115234,48.31999969482422,47.56999969482422,48.189998626708984,34184600,MSFT
2015-05-14,41.639278411865234,48.720001220703125,48.81999969482422,48.029998779296875,48.029998779296875,32980900,MSFT
2015-05-15,41.28032684326172,48.29999923706055,48.90999984741211,48.04999923706055,48.869998931884766,28642700,MSFT
2015-05-18,41.032466888427734,48.0099983215332,48.220001220703125,47.61000061035156,47.97999954223633,24136500,MSFT
2015-05-19,40.92924118041992,47.58000183105469,47.810001373291016,47.18000030517578,47.560001373291016,28574800,MSFT
2015-05-20,40.92924118041992,47.58000183105469,47.93000030517578,47.27000045776367,47.38999938964844,25047900,MSFT
2015-05-21,40.79160690307617,47.41999816894531,47.599998474121094,47.0099983215332,47.279998779296875,22410700,MSFT
2015-05-22,40.34429931640625,46.900001525878906,47.349998474121094,46.81999969482422,47.29999923706055,25720600,MSFT
2015-05-26,40.07762145996094,46.59000015258789,46.880001068115234,46.189998626708984,46.83000183105469,29581900,MSFT
2015-05-27,40.95504379272461,47.61000061035156,47.77000045776367,46.619998931884766,46.81999969482422,27335600,MSFT
2015-05-28,40.81740951538086,47.45000076293945,48.02000045776367,47.38999938964844,47.5,19283700,MSFT
2015-05-29,40.30989456176758,46.86000061035156,47.56999969482422,46.59000015258789,47.43000030517578,36519600,MSFT
2015-06-01,40.628170013427734,47.22999954223633,47.77000045776367,46.619998931884766,47.060001373291016,28837300,MSFT
2015-06-02,40.361515045166016,46.91999816894531,47.349998474121094,46.619998931884766,46.93000030517578,21498300,MSFT
2015-06-03,40.30128479003906,46.849998474121094,47.7400016784668,46.81999969482422,47.369998931884766,28002200,MSFT
2015-06-04,39.879783630371094,46.36000061035156,47.15999984741211,46.20000076293945,46.790000915527344,27745500,MSFT
2015-06-05,39.69053268432617,46.13999938964844,46.52000045776367,45.84000015258789,46.310001373291016,25438100,MSFT
2015-06-08,39.337833404541016,45.72999954223633,46.43000030517578,45.66999816894531,46.29999923706055,22121600,MSFT
2015-06-09,39.269020080566406,45.650001525878906,45.939998626708984,45.459999084472656,45.7599983215332,24406100,MSFT
2015-06-10,40.0948371887207,46.61000061035156,46.83000183105469,45.689998626708984,45.790000915527344,28417400,MSFT
2015-06-11,39.9485969543457,46.439998626708984,46.91999816894531,46.130001068115234,46.65999984741211,27347800,MSFT
2015-06-12,39.54429244995117,45.970001220703125,46.470001220703125,45.900001525878906,46.220001220703125,23931000,MSFT
2015-06-15,39.1227912902832,45.47999954223633,45.650001525878906,45.02000045776367,45.45000076293945,33254500,MSFT
2015-06-16,39.423866271972656,45.83000183105469,46.2400016784668,45.29999923706055,45.349998474121094,27070300,MSFT
2015-06-17,39.54429244995117,45.970001220703125,46.06999969482422,45.36000061035156,45.72999954223633,28704100,MSFT
2015-06-18,40.18944549560547,46.720001220703125,46.79999923706055,46.16999816894531,46.220001220703125,32658300,MSFT
2015-06-19,39.65610885620117,46.099998474121094,46.83000183105469,45.9900016784668,46.790000915527344,63837000,MSFT
2015-06-22,39.7679557800293,46.22999954223633,46.720001220703125,46.15999984741211,46.33000183105469,20318100,MSFT
2015-06-23,39.49268341064453,45.90999984741211,46.279998779296875,45.619998931884766,46.130001068115234,25896500,MSFT
2015-06-24,39.26041793823242,45.63999938964844,46.25,45.54999923706055,45.66999816894531,34890900,MSFT
2015-06-25,39.269020080566406,45.650001525878906,46.060001373291016,45.5,46.029998779296875,20616000,MSFT
2015-06-26,38.933536529541016,45.2599983215332,46.279998779296875,45.029998779296875,45.650001525878906,49835300,MSFT
2015-06-29,38.16793441772461,44.369998931884766,45.22999954223633,44.36000061035156,45.040000915527344,34081700,MSFT
2015-06-30,37.97868728637695,44.150001525878906,44.720001220703125,43.939998626708984,44.709999084472656,35945400,MSFT
2015-07-01,38.236751556396484,44.45000076293945,45.22999954223633,44.099998474121094,44.459999084472656,28343900,MSFT
2015-07-02,38.19374084472656,44.400001525878906,44.75,44.060001373291016,44.47999954223633,21752000,MSFT
2015-07-06,38.18513870239258,44.38999938964844,44.47999954223633,43.95000076293945,43.959999084472656,23034000,MSFT
2015-07-07,38.10773849487305,44.29999923706055,44.4900016784668,43.31999969482422,44.34000015258789,36435800,MSFT
2015-07-08,38.05610656738281,44.2400016784668,44.900001525878906,44.029998779296875,44.439998626708984,39785900,MSFT
2015-07-09,38.29698181152344,44.52000045776367,45.220001220703125,44.5,44.75,32424700,MSFT
2015-07-10,38.3744010925293,44.61000061035156,45.13999938964844,44.56999969482422,45.0099983215332,25465800,MSFT
2015-07-13,39.17438507080078,45.540000915527344,45.619998931884766,44.95000076293945,44.97999954223633,28178300,MSFT
2015-07-14,39.243221282958984,45.619998931884766,45.959999084472656,45.310001373291016,45.45000076293945,22880300,MSFT
2015-07-15,39.363643646240234,45.7599983215332,45.88999938964844,45.43000030517578,45.68000030517578,26629600,MSFT
2015-07-16,40.13785171508789,46.65999984741211,46.689998626708984,45.970001220703125,46.0099983215332,26271700,MSFT
2015-07-17,40.10343551635742,46.619998931884766,46.779998779296875,46.2599983215332,46.54999923706055,29467100,MSFT
2015-07-20,40.361515045166016,46.91999816894531,47.130001068115234,46.439998626708984,46.650001525878906,30631900,MSFT
2015-07-21,40.671180725097656,47.279998779296875,47.33000183105469,46.47999954223633,46.779998779296875,42781900,MSFT
2015-07-22,39.17438507080078,45.540000915527344,46.93000030517578,45.20000076293945,45.439998626708984,59152400,MSFT
2015-07-23,39.66471481323242,46.11000061035156,46.22999954223633,45.099998474121094,45.27000045776367,33934000,MSFT
2015-07-24,39.51848220825195,45.939998626708984,46.31999969482422,45.79999923706055,45.90999984741211,32333200,MSFT
2015-07-27,39.010955810546875,45.349998474121094,46.0099983215332,45.25,45.939998626708984,39701400,MSFT
2015-07-28,39.002349853515625,45.34000015258789,45.63999938964844,44.790000915527344,45.58000183105469,34328900,MSFT
2015-07-29,39.81957244873047,46.290000915527344,46.779998779296875,45.2599983215332,45.400001525878906,40945900,MSFT
2015-07-30,40.327091217041016,46.880001068115234,47.400001525878906,45.93000030517578,46.2599983215332,39777900,MSFT
2015-07-31,40.17226791381836,46.70000076293945,47.369998931884766,46.5,47.290000915527344,31201500,MSFT
2015-08-03,40.26689147949219,46.810001373291016,47.0,46.45000076293945,46.97999954223633,24125900,MSFT
2015-08-04,40.894832611083984,47.540000915527344,47.709999084472656,46.68000030517578,46.75,33403900,MSFT
2015-08-05,40.92924118041992,47.58000183105469,48.40999984741211,47.540000915527344,47.97999954223633,26959700,MSFT
2015-08-06,40.10343551635742,46.619998931884766,47.77000045776367,46.33000183105469,47.709999084472656,27368000,MSFT
2015-08-07,40.20664978027344,46.7400016784668,46.779998779296875,46.2599983215332,46.38999938964844,19163000,MSFT
2015-08-10,40.71418762207031,47.33000183105469,47.4900016784668,46.84000015258789,46.95000076293945,23079900,MSFT
2015-08-11,39.92277908325195,46.40999984741211,46.939998626708984,45.900001525878906,46.81999969482422,29237400,MSFT
2015-08-12,40.20664978027344,46.7400016784668,46.900001525878906,45.709999084472656,46.189998626708984,30181400,MSFT
2015-08-13,40.19805908203125,46.72999954223633,47.099998474121094,46.4900016784668,47.060001373291016,22627200,MSFT
2015-08-14,40.4303092956543,47.0,47.099998474121094,46.52000045776367,46.529998779296875,21473400,MSFT
2015-08-17,40.705596923828125,47.31999969482422,47.45000076293945,46.56999969482422,46.810001373291016,21099700,MSFT
2015-08-18,40.930721282958984,47.27000045776367,47.43000030517578,46.70000076293945,46.84000015258789,23574100,MSFT
2015-08-19,40.35923385620117,46.61000061035156,47.08000183105469,46.29999923706055,46.779998779296875,31485500,MSFT
2015-08-20,39.53663635253906,45.65999984741211,46.470001220703125,45.65999984741211,46.06999969482422,36238200,MSFT
2015-08-21,37.29397964477539,43.06999969482422,45.47999954223633,43.06999969482422,45.29999923706055,70053100,MSFT
2015-08-24,36.09038162231445,41.68000030517578,42.689998626708984,39.720001220703125,40.45000076293945,88753700,MSFT
2015-08-25,35.04265594482422,40.470001220703125,43.2400016784668,40.38999938964844,42.56999969482422,70616600,MSFT
2015-08-26,36.98225784301758,42.709999084472656,42.84000015258789,41.060001373291016,42.0099983215332,63408000,MSFT
2015-08-27,38.01266098022461,43.900001525878906,43.95000076293945,42.93000030517578,43.22999954223633,50943200,MSFT
2015-08-28,38.038631439208984,43.93000030517578,44.150001525878906,43.38999938964844,43.400001525878906,28246700,MSFT
2015-08-31,37.683631896972656,43.52000045776367,43.93000030517578,43.099998474121094,43.560001373291016,34441700,MSFT
2015-09-01,36.21160888671875,41.81999969482422,42.59000015258789,41.65999984741211,42.16999816894531,49688900,MSFT
2015-09-02,37.54508590698242,43.36000061035156,43.380001068115234,41.880001068115234,42.36000061035156,37671500,MSFT
2015-09-03,37.66630172729492,43.5,43.97999954223633,43.279998779296875,43.40999984741211,28285200,MSFT
2015-09-04,36.89567184448242,42.61000061035156,43.040000915527344,42.20000076293945,42.810001373291016,37138800,MSFT
2015-09-08,38.00400161743164,43.88999938964844,44.0,43.20000076293945,43.29999923706055,32469800,MSFT
2015-09-09,37.29397964477539,43.06999969482422,44.400001525878906,42.90999984741211,44.209999084472656,33469500,MSFT
2015-09-10,37.48446273803711,43.290000915527344,43.790000915527344,42.75,43.119998931884766,31366600,MSFT
2015-09-11,37.64897918701172,43.47999954223633,43.59000015258789,42.939998626708984,43.13999938964844,27132500,MSFT
2015-09-14,37.268001556396484,43.040000915527344,43.439998626708984,42.86000061035156,43.43000030517578,23656000,MSFT
2015-09-15,38.081932067871094,43.97999954223633,44.290000915527344,43.08000183105469,43.189998626708984,28882200,MSFT
2015-09-16,38.35902786254883,44.29999923706055,44.380001068115234,43.84000015258789,43.970001220703125,23372200,MSFT
2015-09-17,38.31572341918945,44.25,45.0,44.08000183105469,44.290000915527344,32768200,MSFT
2015-09-18,37.64897918701172,43.47999954223633,43.9900016784668,43.33000183105469,43.5,63143700,MSFT
2015-09-21,38.19450378417969,44.11000061035156,44.470001220703125,43.599998474121094,43.619998931884766,26177200,MSFT
2015-09-22,38.01266098022461,43.900001525878906,44.04999923706055,43.310001373291016,43.380001068115234,28085900,MSFT
2015-09-23,37.98668670654297,43.869998931884766,44.16999816894531,43.5099983215332,43.93000030517578,17145200,MSFT
2015-09-24,38.021324157714844,43.90999984741211,44.130001068115234,43.27000045776367,43.45000076293945,27905600,MSFT
2015-09-25,38.04730224609375,43.939998626708984,44.72999954223633,43.7599983215332,44.47999954223633,29384600,MSFT
2015-09-28,37.48446273803711,43.290000915527344,44.09000015258789,43.209999084472656,43.83000183105469,27613800,MSFT
2015-09-29,37.614349365234375,43.439998626708984,43.56999969482422,43.04999923706055,43.369998931884766,32763600,MSFT
2015-09-30,38.32438278198242,44.2599983215332,44.29999923706055,43.65999984741211,43.880001068115234,34958900,MSFT
2015-10-01,38.627445220947266,44.61000061035156,44.75,43.75,44.75,28657900,MSFT
2015-10-02,39.458709716796875,45.56999969482422,45.56999969482422,43.91999816894531,44.27000045776367,41839000,MSFT
2015-10-05,40.376556396484375,46.630001068115234,46.88999938964844,45.70000076293945,45.75,34369300,MSFT
2015-10-06,40.4804573059082,46.75,47.18000030517578,46.220001220703125,46.33000183105469,27017200,MSFT
2015-10-07,40.52374267578125,46.79999923706055,47.349998474121094,45.95000076293945,47.099998474121094,27711500,MSFT
2015-10-08,41.086570739746094,47.45000076293945,47.52000045776367,46.5,46.560001373291016,33772700,MSFT
2015-10-09,40.79218292236328,47.11000061035156,47.540000915527344,46.91999816894531,47.45000076293945,28600600,MSFT
2015-10-12,40.69691848754883,47.0,47.06999969482422,46.5,46.97999954223633,19769100,MSFT
2015-10-13,40.6016845703125,46.88999938964844,47.130001068115234,46.560001373291016,46.560001373291016,19987800,MSFT
2015-10-14,40.41984939575195,46.68000030517578,47.099998474121094,46.529998779296875,46.650001525878906,24697800,MSFT
2015-10-15,40.70559310913086,47.0099983215332,47.029998779296875,46.529998779296875,47.0099983215332,27189400,MSFT
2015-10-16,41.1385498046875,47.5099983215332,47.540000915527344,46.900001525878906,47.02000045776367,26450300,MSFT
2015-10-19,41.23377990722656,47.619998931884766,47.880001068115234,47.02000045776367,47.41999816894531,29387600,MSFT
2015-10-20,41.36366271972656,47.77000045776367,47.810001373291016,47.02000045776367,47.439998626708984,30802200,MSFT
2015-10-21,40.87010192871094,47.20000076293945,47.9900016784668,47.11000061035156,47.91999816894531,25144300,MSFT
2015-10-22,41.588783264160156,48.029998779296875,48.95000076293945,47.09000015258789,47.529998779296875,56637100,MSFT
2015-10-23,45.779720306396484,52.869998931884766,54.06999969482422,52.25,52.29999923706055,135227100,MSFT
2015-10-26,46.97465515136719,54.25,54.31999969482422,52.5,52.529998779296875,64633300,MSFT
2015-10-27,46.48973846435547,53.689998626708984,54.369998931884766,53.58000183105469,53.9900016784668,50999900,MSFT
2015-10-28,46.74085998535156,53.97999954223633,53.97999954223633,52.86000061035156,53.540000915527344,47000800,MSFT
2015-10-29,46.20401382446289,53.36000061035156,53.83000183105469,53.220001220703125,53.540000915527344,30202100,MSFT
2015-10-30,45.58055877685547,52.63999938964844,53.9900016784668,52.619998931884766,53.31999969482422,46619800,MSFT
2015-11-02,46.100093841552734,53.2400016784668,53.36000061035156,52.619998931884766,52.849998474121094,30285000,MSFT
2015-11-03,46.8880500793457,54.150001525878906,54.38999938964844,52.900001525878906,52.93000030517578,36596900,MSFT
2015-11-04,47.104522705078125,54.400001525878906,54.880001068115234,54.060001373291016,54.18000030517578,37087800,MSFT
2015-11-05,47.08721160888672,54.380001068115234,54.70000076293945,54.0,54.4900016784668,31468500,MSFT
2015-11-06,47.55480194091797,54.91999816894531,54.97999954223633,53.959999084472656,54.09000015258789,32851200,MSFT
2015-11-09,46.896697998046875,54.15999984741211,54.869998931884766,53.560001373291016,54.54999923706055,32513100,MSFT
2015-11-10,46.333892822265625,53.5099983215332,54.130001068115234,53.27000045776367,54.06999969482422,55283700,MSFT
2015-11-11,46.45512008666992,53.650001525878906,54.20000076293945,53.459999084472656,53.70000076293945,36516300,MSFT
2015-11-12,46.16936111450195,53.31999969482422,53.97999954223633,53.189998626708984,53.47999954223633,35361100,MSFT
2015-11-13,45.75373458862305,52.84000015258789,53.290000915527344,52.529998779296875,53.06999969482422,36848200,MSFT
2015-11-16,46.55900955200195,53.77000045776367,53.88999938964844,52.849998474121094,53.08000183105469,32165200,MSFT
2015-11-17,46.17546463012695,52.970001220703125,53.529998779296875,52.849998474121094,53.16999816894531,31551300,MSFT
2015-11-18,46.94258117675781,53.849998474121094,53.97999954223633,52.97999954223633,53.0,29710000,MSFT
2015-11-19,47.02104187011719,53.939998626708984,54.65999984741211,53.779998779296875,53.9900016784668,28149200,MSFT
2015-11-20,47.23896789550781,54.189998626708984,54.29999923706055,53.27000045776367,54.25,37147600,MSFT
2015-11-23,47.23896789550781,54.189998626708984,54.459999084472656,53.75,54.25,28235900,MSFT
2015-11-24,47.29127883911133,54.25,54.439998626708984,53.58000183105469,53.91999816894531,24600000,MSFT
2015-11-25,46.80309295654297,53.689998626708984,54.22999954223633,53.689998626708984,54.09000015258789,21005100,MSFT
2015-11-27,47.01231384277344,53.93000030517578,54.08000183105469,53.790000915527344,53.79999923706055,9009100,MSFT
2015-11-30,47.378440856933594,54.349998474121094,54.959999084472656,54.0,54.540000915527344,56241400,MSFT
2015-12-01,48.1368522644043,55.220001220703125,55.22999954223633,54.29999923706055,54.40999984741211,39952800,MSFT
2015-12-02,48.12813186645508,55.209999084472656,55.959999084472656,55.060001373291016,55.31999969482422,47274900,MSFT
2015-12-03,47.2476806640625,54.20000076293945,55.77000045776367,53.93000030517578,55.4900016784668,38627800,MSFT
2015-12-04,48.73834991455078,55.90999984741211,56.22999954223633,54.099998474121094,54.119998931884766,43963700,MSFT
2015-12-07,48.65116500854492,55.810001373291016,55.970001220703125,55.290000915527344,55.790000915527344,30709800,MSFT
2015-12-08,48.63373565673828,55.790000915527344,56.099998474121094,54.9900016784668,55.470001220703125,32878000,MSFT
2015-12-09,47.9276237487793,54.97999954223633,55.869998931884766,54.5099983215332,55.369998931884766,36373200,MSFT
2015-12-10,48.180419921875,55.27000045776367,55.65999984741211,55.0099983215332,55.38999938964844,31775800,MSFT
2015-12-11,47.12564468383789,54.060001373291016,55.099998474121094,54.0099983215332,54.709999084472656,39549500,MSFT
2015-12-14,48.06711196899414,55.13999938964844,55.209999084472656,53.68000030517578,54.33000183105469,46768900,MSFT
2015-12-15,48.119415283203125,55.20000076293945,55.900001525878906,55.09000015258789,55.65999984741211,39843000,MSFT
2015-12-16,48.93012619018555,56.130001068115234,56.25,54.7599983215332,55.540000915527344,37503300,MSFT
2015-12-17,48.555294036865234,55.70000076293945,56.790000915527344,55.529998779296875,56.36000061035156,41280900,MSFT
2015-12-18,47.18667221069336,54.130001068115234,56.0,54.029998779296875,55.77000045776367,84684200,MSFT
2015-12-21,47.796878814697266,54.83000183105469,55.349998474121094,54.22999954223633,54.880001068115234,37246300,MSFT
2015-12-22,48.25017547607422,55.349998474121094,55.47999954223633,54.5,54.9900016784668,28322200,MSFT
2015-12-23,48.659881591796875,55.81999969482422,55.880001068115234,55.439998626708984,55.70000076293945,27279800,MSFT
2015-12-24,48.529117584228516,55.66999816894531,55.959999084472656,55.43000030517578,55.86000061035156,9558500,MSFT
2015-12-28,48.773216247558594,55.95000076293945,55.95000076293945,54.97999954223633,55.349998474121094,22458300,MSFT
2015-12-29,49.29623794555664,56.54999923706055,56.849998474121094,56.060001373291016,56.290000915527344,27731400,MSFT
2015-12-30,49.0870246887207,56.310001373291016,56.779998779296875,56.290000915527344,56.470001220703125,21704500,MSFT
2015-12-31,48.36349105834961,55.47999954223633,56.189998626708984,55.41999816894531,56.040000915527344,27334100,MSFT
2016-01-04,47.770713806152344,54.79999923706055,54.79999923706055,53.38999938964844,54.31999969482422,53778000,MSFT
2016-01-05,47.988651275634766,55.04999923706055,55.38999938964844,54.540000915527344,54.93000030517578,34079700,MSFT
2016-01-06,47.11692428588867,54.04999923706055,54.400001525878906,53.63999938964844,54.31999969482422,39518900,MSFT
2016-01-07,45.47807693481445,52.16999816894531,53.4900016784668,52.06999969482422,52.70000076293945,56564900,MSFT
2016-01-08,45.6175537109375,52.33000183105469,53.279998779296875,52.150001525878906,52.369998931884766,48754000,MSFT
2016-01-11,45.591400146484375,52.29999923706055,52.849998474121094,51.459999084472656,52.5099983215332,36943800,MSFT
2016-01-12,46.009830474853516,52.779998779296875,53.099998474121094,52.060001373291016,52.7599983215332,36095500,MSFT
2016-01-13,45.01606369018555,51.63999938964844,54.06999969482422,51.29999923706055,53.79999923706055,66883600,MSFT
2016-01-14,46.29750442504883,53.11000061035156,53.41999816894531,51.56999969482422,52.0,52381900,MSFT
2016-01-15,44.449440002441406,50.9900016784668,51.970001220703125,50.34000015258789,51.310001373291016,71820700,MSFT
2016-01-19,44.0745849609375,50.560001373291016,51.68000030517578,50.060001373291016,51.47999954223633,43564500,MSFT
2016-01-20,44.27509307861328,50.790000915527344,51.380001068115234,49.099998474121094,49.97999954223633,63273000,MSFT
2016-01-21,44.00486373901367,50.47999954223633,51.58000183105469,50.29999923706055,51.0,40191200,MSFT
2016-01-22,45.582679748535156,52.290000915527344,52.33000183105469,51.2599983215332,51.40999984741211,37555800,MSFT
2016-01-25,45.146820068359375,51.790000915527344,52.650001525878906,51.650001525878906,51.939998626708984,34707700,MSFT
2016-01-26,45.47807693481445,52.16999816894531,52.439998626708984,51.54999923706055,51.790000915527344,28900800,MSFT
2016-01-27,44.64993667602539,51.220001220703125,52.20000076293945,51.02000045776367,52.0099983215332,36775200,MSFT
2016-01-28,45.38219451904297,52.060001373291016,52.209999084472656,51.25,51.86000061035156,62513800,MSFT
2016-01-29,48.023529052734375,55.09000015258789,55.09000015258789,54.0,54.72999954223633,83611700,MSFT
2016-02-01,47.6922607421875,54.709999084472656,55.09000015258789,54.5,54.880001068115234,44208500,MSFT
2016-02-02,46.20161437988281,53.0,54.2599983215332,52.650001525878906,54.16999816894531,56313800,MSFT
2016-02-03,45.46935272216797,52.15999984741211,53.38999938964844,51.2599983215332,53.25,57559800,MSFT
2016-02-04,45.329891204833984,52.0,52.810001373291016,51.369998931884766,52.099998474121094,46987100,MSFT
2016-02-05,43.72590637207031,50.15999984741211,52.0,49.560001373291016,51.939998626708984,62009000,MSFT
2016-02-08,43.072105407714844,49.40999984741211,49.56999969482422,48.189998626708984,49.54999923706055,59290500,MSFT
2016-02-09,42.958770751953125,49.279998779296875,50.2400016784668,48.66999816894531,49.02000045776367,46740500,MSFT
2016-02-10,43.3336067199707,49.709999084472656,50.38999938964844,49.52000045776367,49.88999938964844,38237000,MSFT
2016-02-11,43.316192626953125,49.689998626708984,50.11000061035156,48.5099983215332,48.68000030517578,48878600,MSFT
2016-02-12,44.022300720214844,50.5,50.68000030517578,49.75,50.25,34243300,MSFT
2016-02-16,44.856388092041016,51.09000015258789,51.09000015258789,50.130001068115234,50.900001525878906,37291200,MSFT
2016-02-17,46.02409744262695,52.41999816894531,52.77000045776367,51.45000076293945,51.4900016784668,40789000,MSFT
2016-02-18,45.82215881347656,52.189998626708984,52.95000076293945,52.099998474121094,52.33000183105469,27176000,MSFT
2016-02-19,45.4973030090332,51.81999969482422,52.279998779296875,51.529998779296875,51.970001220703125,33559100,MSFT
2016-02-22,46.22603988647461,52.650001525878906,53.0,52.279998779296875,52.279998779296875,25008300,MSFT
2016-02-23,44.93539810180664,51.18000030517578,52.369998931884766,50.97999954223633,52.34000015258789,28895300,MSFT
2016-02-24,45.09344482421875,51.36000061035156,51.5,50.20000076293945,50.689998626708984,33014500,MSFT
2016-02-25,45.74314498901367,52.099998474121094,52.099998474121094,50.61000061035156,51.72999954223633,26939500,MSFT
2016-02-26,45.04075622558594,51.29999923706055,52.68000030517578,51.099998474121094,52.599998474121094,35975900,MSFT
2016-02-29,44.67200469970703,50.880001068115234,51.650001525878906,50.65999984741211,51.349998474121094,31654000,MSFT
2016-03-01,46.164581298828125,52.58000183105469,52.59000015258789,50.91999816894531,50.970001220703125,33024500,MSFT
2016-03-02,46.48942947387695,52.95000076293945,52.959999084472656,52.15999984741211,52.40999984741211,29289900,MSFT
2016-03-03,45.962642669677734,52.349998474121094,52.970001220703125,51.779998779296875,52.970001220703125,24427800,MSFT
2016-03-04,45.68169403076172,52.029998779296875,52.45000076293945,51.709999084472656,52.400001525878906,33034200,MSFT
2016-03-07,44.80369567871094,51.029998779296875,51.79999923706055,50.58000183105469,51.560001373291016,38407800,MSFT
2016-03-08,45.34805679321289,51.650001525878906,52.130001068115234,50.599998474121094,50.79999923706055,33835100,MSFT
2016-03-09,46.39286422729492,52.84000015258789,52.849998474121094,51.86000061035156,51.88999938964844,28251600,MSFT
2016-03-10,45.69924545288086,52.04999923706055,52.939998626708984,51.15999984741211,52.93000030517578,38387800,MSFT
2016-03-11,46.59479522705078,53.06999969482422,53.06999969482422,52.380001068115234,53.0,32275700,MSFT
2016-03-14,46.682594299316406,53.16999816894531,53.59000015258789,52.630001068115234,52.709999084472656,24083600,MSFT
2016-03-15,47.05133819580078,53.59000015258789,53.59000015258789,52.7400016784668,52.75,21104800,MSFT
2016-03-16,47.71862030029297,54.349998474121094,54.599998474121094,53.400001525878906,53.45000076293945,31691700,MSFT
2016-03-17,47.99079513549805,54.65999984741211,55.0,54.0,54.209999084472656,28223900,MSFT
2016-03-18,46.963558197021484,53.4900016784668,54.970001220703125,53.45000076293945,54.91999816894531,67625500,MSFT
2016-03-21,47.28840637207031,53.86000061035156,53.93000030517578,52.93000030517578,53.25,23925700,MSFT
2016-03-22,47.47277069091797,54.06999969482422,54.25,53.459999084472656,53.61000061035156,23124100,MSFT
2016-03-23,47.38498306274414,53.970001220703125,54.2400016784668,53.7400016784668,54.11000061035156,20129000,MSFT
2016-03-24,47.59569549560547,54.209999084472656,54.33000183105469,53.72999954223633,53.84000015258789,19950000,MSFT
2016-03-28,47.00743865966797,53.540000915527344,54.290000915527344,53.33000183105469,54.209999084472656,17025100,MSFT
2016-03-29,48.034690856933594,54.709999084472656,54.86000061035156,53.45000076293945,53.65999984741211,23924300,MSFT
2016-03-30,48.33320236206055,55.04999923706055,55.63999938964844,54.900001525878906,54.93000030517578,23008300,MSFT
2016-03-31,48.491241455078125,55.22999954223633,55.59000015258789,54.86000061035156,54.95000076293945,26360500,MSFT
2016-04-01,48.789772033691406,55.56999969482422,55.61000061035156,54.56999969482422,55.04999923706055,24399200,MSFT
2016-04-04,48.66685485839844,55.43000030517578,55.65999984741211,55.0,55.43000030517578,18928800,MSFT
2016-04-05,47.90299606323242,54.560001373291016,55.29999923706055,54.459999084472656,55.189998626708984,19272300,MSFT
2016-04-06,48.3946647644043,55.119998931884766,55.20000076293945,54.209999084472656,54.36000061035156,21188700,MSFT
2016-04-07,47.815189361572266,54.459999084472656,54.90999984741211,54.22999954223633,54.869998931884766,19225100,MSFT
2016-04-08,47.78007888793945,54.41999816894531,55.279998779296875,54.31999969482422,54.66999816894531,22167200,MSFT
2016-04-11,47.683509826660156,54.310001373291016,55.150001525878906,54.29999923706055,54.4900016784668,21414200,MSFT
2016-04-12,47.98201370239258,54.650001525878906,54.779998779296875,53.7599983215332,54.369998931884766,24944300,MSFT
2016-04-13,48.59659957885742,55.349998474121094,55.439998626708984,54.88999938964844,55.119998931884766,20818000,MSFT
2016-04-14,48.605384826660156,55.36000061035156,55.58000183105469,55.06999969482422,55.220001220703125,20877100,MSFT
2016-04-15,48.86000061035156,55.650001525878906,55.91999816894531,55.11000061035156,55.29999923706055,28793800,MSFT
2016-04-18,49.57115936279297,56.459999084472656,56.59000015258789,55.209999084472656,55.4900016784668,23786000,MSFT
2016-04-19,49.50971603393555,56.38999938964844,56.77000045776367,55.68000030517578,56.630001068115234,29596800,MSFT
2016-04-20,48.80731201171875,55.59000015258789,56.5,55.4900016784668,56.290000915527344,36195700,MSFT
2016-04-21,48.974143981933594,55.779998779296875,56.22999954223633,55.41999816894531,55.79999923706055,38909100,MSFT
2016-04-22,45.46218490600586,51.779998779296875,52.43000030517578,50.77000045776367,51.90999984741211,126834100,MSFT
2016-04-25,45.75192642211914,52.11000061035156,52.130001068115234,51.630001068115234,51.779998779296875,33226900,MSFT
2016-04-26,45.16366958618164,51.439998626708984,52.349998474121094,51.09000015258789,52.2599983215332,33532600,MSFT
2016-04-27,44.72468185424805,50.939998626708984,51.5,50.54999923706055,51.47999954223633,43369300,MSFT
2016-04-28,43.81156921386719,49.900001525878906,50.77000045776367,49.560001373291016,50.619998931884766,43134800,MSFT
2016-04-29,43.78523635864258,49.869998931884766,50.25,49.349998474121094,49.349998474121094,48411700,MSFT
2016-05-02,44.43495559692383,50.61000061035156,50.75,49.779998779296875,50.0,33114500,MSFT
2016-05-03,43.70621109008789,49.779998779296875,50.40999984741211,49.599998474121094,50.34000015258789,26460200,MSFT
2016-05-04,43.78523635864258,49.869998931884766,50.060001373291016,49.459999084472656,49.84000015258789,24257600,MSFT
2016-05-05,43.84669494628906,49.939998626708984,50.29999923706055,49.72999954223633,49.869998931884766,25390700,MSFT
2016-05-06,44.24178695678711,50.38999938964844,50.38999938964844,49.65999984741211,49.91999816894531,24787300,MSFT
2016-05-09,43.96083068847656,50.06999969482422,50.59000015258789,50.0,50.4900016784668,17951600,MSFT
2016-05-10,44.794921875,51.02000045776367,51.099998474121094,50.189998626708984,50.33000183105469,22891000,MSFT
2016-05-11,44.82125473022461,51.04999923706055,51.779998779296875,51.0,51.130001068115234,24039100,MSFT
2016-05-12,45.22513198852539,51.5099983215332,51.810001373291016,50.91999816894531,51.20000076293945,24102800,MSFT
2016-05-13,44.847591400146484,51.08000183105469,51.900001525878906,51.040000915527344,51.439998626708984,22592300,MSFT
2016-05-16,45.506099700927734,51.83000183105469,51.959999084472656,50.75,50.79999923706055,20032000,MSFT
2016-05-17,44.65731430053711,50.5099983215332,51.72999954223633,50.36000061035156,51.720001220703125,27803500,MSFT
2016-05-18,44.922576904296875,50.810001373291016,51.13999938964844,50.29999923706055,50.47999954223633,24907500,MSFT
2016-05-19,44.489341735839844,50.31999969482422,50.619998931884766,49.81999969482422,50.470001220703125,23842400,MSFT
2016-05-20,44.754581451416016,50.619998931884766,51.220001220703125,50.400001525878906,50.47999954223633,23905800,MSFT
2016-05-23,44.23293685913086,50.029998779296875,50.68000030517578,49.97999954223633,50.599998474121094,26118700,MSFT
2016-05-24,45.6121826171875,51.59000015258789,51.709999084472656,50.400001525878906,50.70000076293945,34757900,MSFT
2016-05-25,46.08077621459961,52.119998931884766,52.4900016784668,51.790000915527344,51.91999816894531,24040200,MSFT
2016-05-26,45.877418518066406,51.88999938964844,51.97999954223633,51.36000061035156,51.93000030517578,24335200,MSFT
2016-05-27,46.25760269165039,52.31999969482422,52.31999969482422,51.77000045776367,51.91999816894531,17721400,MSFT
2016-05-31,46.858802795410156,53.0,53.0,52.08000183105469,52.2599983215332,37653100,MSFT
2016-06-01,46.72617721557617,52.849998474121094,52.95000076293945,52.439998626708984,52.439998626708984,25324800,MSFT
2016-06-02,46.39906311035156,52.47999954223633,52.7400016784668,51.84000015258789,52.63999938964844,22840800,MSFT
2016-06-03,45.78901290893555,51.790000915527344,52.41999816894531,51.599998474121094,52.380001068115234,23368300,MSFT
2016-06-06,46.08960723876953,52.130001068115234,52.349998474121094,51.88999938964844,51.9900016784668,18243300,MSFT
2016-06-07,46.06308364868164,52.099998474121094,52.72999954223633,52.099998474121094,52.2400016784668,20866800,MSFT
2016-06-08,46.010040283203125,52.040000915527344,52.439998626708984,51.869998931884766,52.02000045776367,21149400,MSFT
2016-06-09,45.638702392578125,51.619998931884766,52.0,51.4900016784668,52.0,20305700,MSFT
2016-06-10,45.51494598388672,51.47999954223633,52.04999923706055,51.040000915527344,51.04999923706055,25833200,MSFT
2016-06-13,44.3302001953125,50.13999938964844,50.720001220703125,49.060001373291016,49.58000183105469,83217800,MSFT
2016-06-14,44.056121826171875,49.83000183105469,50.099998474121094,49.56999969482422,49.900001525878906,42577100,MSFT
2016-06-15,43.93233871459961,49.689998626708984,50.119998931884766,49.689998626708984,49.779998779296875,33757600,MSFT
2016-06-16,44.55122375488281,50.38999938964844,50.470001220703125,49.5099983215332,49.52000045776367,31188600,MSFT
2016-06-17,44.32136535644531,50.130001068115234,50.43000030517578,49.81999969482422,50.40999984741211,45710500,MSFT
2016-06-20,44.26830291748047,50.06999969482422,50.83000183105469,50.029998779296875,50.63999938964844,35607900,MSFT
2016-06-21,45.25852584838867,51.189998626708984,51.43000030517578,50.15999984741211,50.20000076293945,34097800,MSFT
2016-06-22,45.08171844482422,50.9900016784668,51.459999084472656,50.95000076293945,51.08000183105469,28816800,MSFT
2016-06-23,45.89511489868164,51.90999984741211,52.060001373291016,51.150001525878906,51.279998779296875,29028800,MSFT
2016-06-24,44.056121826171875,49.83000183105469,50.939998626708984,49.52000045776367,49.810001373291016,133503000,MSFT
2016-06-27,42.81834030151367,48.43000030517578,49.150001525878906,48.040000915527344,49.099998474121094,50216300,MSFT
2016-06-28,43.71132278442383,49.439998626708984,49.470001220703125,48.66999816894531,48.91999816894531,38140700,MSFT
2016-06-29,44.68385314941406,50.540000915527344,50.720001220703125,49.79999923706055,49.90999984741211,31304000,MSFT
2016-06-30,45.24085998535156,51.16999816894531,51.29999923706055,50.5,50.720001220703125,28527800,MSFT
2016-07-01,45.23200225830078,51.15999984741211,51.720001220703125,51.06999969482422,51.130001068115234,21400400,MSFT
2016-07-05,45.24085998535156,51.16999816894531,51.279998779296875,50.7400016784668,50.83000183105469,24806400,MSFT
2016-07-06,45.4265251159668,51.380001068115234,51.540000915527344,50.38999938964844,50.779998779296875,28167500,MSFT
2016-07-07,45.4265251159668,51.380001068115234,51.61000061035156,51.06999969482422,51.41999816894531,19585200,MSFT
2016-07-08,46.239906311035156,52.29999923706055,52.36000061035156,51.54999923706055,51.72999954223633,28391000,MSFT
2016-07-11,46.49631881713867,52.59000015258789,52.83000183105469,52.470001220703125,52.5,22269200,MSFT
2016-07-12,47.04446792602539,53.209999084472656,53.400001525878906,52.790000915527344,52.939998626708984,27317600,MSFT
2016-07-13,47.309715270996094,53.5099983215332,53.86000061035156,53.18000030517578,53.560001373291016,25356800,MSFT
2016-07-14,47.5130615234375,53.7400016784668,53.9900016784668,53.58000183105469,53.84000015258789,24545500,MSFT
2016-07-15,47.47770690917969,53.70000076293945,54.0,53.209999084472656,53.95000076293945,32024400,MSFT
2016-07-18,47.70756530761719,53.959999084472656,54.34000015258789,53.54999923706055,53.70000076293945,31433900,MSFT
2016-07-19,46.938392639160156,53.09000015258789,53.900001525878906,52.93000030517578,53.709999084472656,53336500,MSFT
2016-07-20,49.43162536621094,55.90999984741211,56.84000015258789,55.529998779296875,56.150001525878906,89893300,MSFT
2016-07-21,49.33435821533203,55.79999923706055,56.22999954223633,55.7599983215332,55.97999954223633,32776700,MSFT
2016-07-22,50.01515197753906,56.56999969482422,56.630001068115234,55.779998779296875,56.08000183105469,32157200,MSFT
2016-07-25,50.15660858154297,56.72999954223633,56.7400016784668,56.2599983215332,56.470001220703125,25610600,MSFT
2016-07-26,50.18313980102539,56.7599983215332,57.290000915527344,56.5099983215332,56.52000045776367,28079000,MSFT
2016-07-27,49.679168701171875,56.189998626708984,56.79999923706055,56.11000061035156,56.61000061035156,32327500,MSFT
2016-07-28,49.69685745239258,56.209999084472656,56.369998931884766,55.720001220703125,56.0,37550400,MSFT
2016-07-29,50.112396240234375,56.68000030517578,56.7599983215332,56.04999923706055,56.2599983215332,30558700,MSFT
2016-08-01,50.023990631103516,56.58000183105469,56.75,56.13999938964844,56.599998474121094,26003400,MSFT
2016-08-02,50.023990631103516,56.58000183105469,56.900001525878906,56.310001373291016,56.849998474121094,35122000,MSFT
2016-08-03,50.368797302246094,56.970001220703125,57.11000061035156,56.4900016784668,56.68000030517578,22075600,MSFT
2016-08-04,50.74012756347656,57.38999938964844,57.52000045776367,56.66999816894531,56.79999923706055,26587700,MSFT
2016-08-05,51.24408721923828,57.959999084472656,58.209999084472656,57.45000076293945,57.650001525878906,29335200,MSFT
2016-08-08,51.332489013671875,58.060001373291016,58.09000015258789,57.779998779296875,58.060001373291016,19473500,MSFT
2016-08-09,51.45627975463867,58.20000076293945,58.5,58.02000045776367,58.16999816894531,16920700,MSFT
2016-08-10,51.297142028808594,58.02000045776367,58.31999969482422,57.81999969482422,58.15999984741211,15756900,MSFT
2016-08-11,51.54468536376953,58.29999923706055,58.45000076293945,58.029998779296875,58.029998779296875,18162300,MSFT
2016-08-12,51.226402282714844,57.939998626708984,58.189998626708984,57.619998931884766,58.029998779296875,21655200,MSFT
2016-08-15,51.38555145263672,58.119998931884766,58.5,57.959999084472656,58.0099983215332,19283900,MSFT
2016-08-16,51.100868225097656,57.439998626708984,57.619998931884766,57.27000045776367,57.61000061035156,20523500,MSFT
2016-08-17,51.20762252807617,57.560001373291016,57.68000030517578,57.22999954223633,57.540000915527344,18856400,MSFT
2016-08-18,51.243202209472656,57.599998474121094,57.70000076293945,57.27000045776367,57.41999816894531,14214300,MSFT
2016-08-19,51.260986328125,57.619998931884766,57.72999954223633,57.20000076293945,57.43000030517578,17271000,MSFT
2016-08-22,51.30546951293945,57.66999816894531,57.75,57.2599983215332,57.599998474121094,15221900,MSFT
2016-08-23,51.501182556152344,57.88999938964844,58.18000030517578,57.849998474121094,57.900001525878906,18732400,MSFT
2016-08-24,51.5545654296875,57.95000076293945,58.040000915527344,57.720001220703125,57.79999923706055,18151500,MSFT
2016-08-25,51.75029754638672,58.16999816894531,58.290000915527344,57.779998779296875,57.880001068115234,18552600,MSFT
2016-08-26,51.625736236572266,58.029998779296875,58.70000076293945,57.689998626708984,58.279998779296875,20971200,MSFT
2016-08-29,51.68800735473633,58.099998474121094,58.599998474121094,58.099998474121094,58.18000030517578,16417200,MSFT
2016-08-30,51.501182556152344,57.88999938964844,58.189998626708984,57.61000061035156,57.97999954223633,16930200,MSFT
2016-08-31,51.11865997314453,57.459999084472656,57.79999923706055,57.29999923706055,57.650001525878906,20860300,MSFT
2016-09-01,51.234310150146484,57.59000015258789,57.81999969482422,57.0099983215332,57.0099983215332,26075400,MSFT
2016-09-02,51.30546951293945,57.66999816894531,58.189998626708984,57.41999816894531,57.66999816894531,18900500,MSFT
2016-09-06,51.2520866394043,57.61000061035156,57.79999923706055,57.209999084472656,57.779998779296875,16278400,MSFT
2016-09-07,51.29657745361328,57.65999984741211,57.84000015258789,57.40999984741211,57.470001220703125,17493400,MSFT
2016-09-08,51.09196090698242,57.43000030517578,57.790000915527344,57.18000030517578,57.630001068115234,20146100,MSFT
2016-09-09,50.00659942626953,56.209999084472656,57.52000045776367,56.209999084472656,56.790000915527344,35113900,MSFT
2016-09-12,50.75389862060547,57.04999923706055,57.209999084472656,55.61000061035156,56.0,29303000,MSFT
2016-09-13,50.291282653808594,56.529998779296875,56.650001525878906,56.04999923706055,56.5,30130200,MSFT
2016-09-14,50.05109405517578,56.2599983215332,56.630001068115234,56.029998779296875,56.38999938964844,24062500,MSFT
2016-09-15,50.87845230102539,57.189998626708984,57.349998474121094,55.97999954223633,56.150001525878906,26847000,MSFT
2016-09-16,50.93182373046875,57.25,57.630001068115234,56.75,57.630001068115234,44607000,MSFT
2016-09-19,50.64714431762695,56.93000030517578,57.75,56.849998474121094,57.27000045776367,20937100,MSFT
2016-09-20,50.540382385253906,56.810001373291016,57.349998474121094,56.75,57.349998474121094,17384000,MSFT
2016-09-21,51.385536193847656,57.7599983215332,57.849998474121094,57.08000183105469,57.5099983215332,33707300,MSFT
2016-09-22,51.43892288208008,57.81999969482422,58.0,57.630001068115234,57.91999816894531,19822200,MSFT
2016-09-23,51.09196090698242,57.43000030517578,57.90999984741211,57.380001068115234,57.869998931884766,19955300,MSFT
2016-09-26,50.62044906616211,56.900001525878906,57.13999938964844,56.83000183105469,57.08000183105469,21688700,MSFT
2016-09-27,51.5545654296875,57.95000076293945,58.060001373291016,56.68000030517578,56.93000030517578,28065100,MSFT
2016-09-28,51.625736236572266,58.029998779296875,58.060001373291016,57.66999816894531,57.880001068115234,20536400,MSFT
2016-09-29,51.065277099609375,57.400001525878906,58.16999816894531,57.209999084472656,57.810001373291016,25463500,MSFT
2016-09-30,51.243202209472656,57.599998474121094,57.77000045776367,57.34000015258789,57.56999969482422,29910800,MSFT
2016-10-03,51.08304977416992,57.41999816894531,57.54999923706055,57.060001373291016,57.40999984741211,19189500,MSFT
2016-10-04,50.92292404174805,57.2400016784668,57.599998474121094,56.970001220703125,57.27000045776367,20085900,MSFT
2016-10-05,51.27878952026367,57.63999938964844,57.959999084472656,57.2599983215332,57.290000915527344,16726400,MSFT
2016-10-06,51.36774444580078,57.7400016784668,57.86000061035156,57.279998779296875,57.7400016784668,16212600,MSFT
2016-10-07,51.42112731933594,57.79999923706055,57.97999954223633,57.41999816894531,57.849998474121094,20089000,MSFT
2016-10-10,51.63463592529297,58.040000915527344,58.38999938964844,57.869998931884766,57.90999984741211,18196500,MSFT
2016-10-11,50.87845230102539,57.189998626708984,58.02000045776367,56.88999938964844,57.88999938964844,26497400,MSFT
2016-10-12,50.807273864746094,57.11000061035156,57.27000045776367,56.400001525878906,57.11000061035156,22177500,MSFT
2016-10-13,50.63824462890625,56.91999816894531,57.29999923706055,56.31999969482422,56.70000076293945,25313700,MSFT
2016-10-14,51.08304977416992,57.41999816894531,57.7400016784668,57.119998931884766,57.119998931884766,27402500,MSFT
2016-10-17,50.90514373779297,57.220001220703125,57.459999084472656,56.869998931884766,57.36000061035156,23830000,MSFT
2016-10-18,51.29657745361328,57.65999984741211,57.95000076293945,57.40999984741211,57.529998779296875,19149500,MSFT
2016-10-19,51.1809196472168,57.529998779296875,57.84000015258789,57.400001525878906,57.470001220703125,22878400,MSFT
2016-10-20,50.93182373046875,57.25,57.52000045776367,56.65999984741211,57.5,49455600,MSFT
2016-10-21,53.07585906982422,59.65999984741211,60.45000076293945,59.4900016784668,60.279998779296875,80032200,MSFT
2016-10-24,54.26795959472656,61.0,61.0,59.93000030517578,59.939998626708984,54067000,MSFT
2016-10-25,54.25907897949219,60.9900016784668,61.369998931884766,60.79999923706055,60.849998474121094,35137200,MSFT
2016-10-26,53.93879699707031,60.630001068115234,61.20000076293945,60.470001220703125,60.810001373291016,29911600,MSFT
2016-10-27,53.46730041503906,60.099998474121094,60.83000183105469,60.09000015258789,60.61000061035156,28479900,MSFT
2016-10-28,53.26267623901367,59.869998931884766,60.52000045776367,59.58000183105469,60.0099983215332,33574700,MSFT
2016-10-31,53.307159423828125,59.91999816894531,60.41999816894531,59.91999816894531,60.15999984741211,26434700,MSFT
2016-11-01,53.200401306152344,59.79999923706055,60.02000045776367,59.25,59.970001220703125,24533000,MSFT
2016-11-02,52.871246337890625,59.43000030517578,59.93000030517578,59.29999923706055,59.81999969482422,22147000,MSFT
2016-11-03,52.6755256652832,59.209999084472656,59.63999938964844,59.11000061035156,59.529998779296875,21600400,MSFT
2016-11-04,52.23069763183594,58.709999084472656,59.279998779296875,58.52000045776367,58.650001525878906,28697000,MSFT
2016-11-07,53.751991271972656,60.41999816894531,60.52000045776367,59.779998779296875,59.779998779296875,31664800,MSFT
2016-11-08,53.79646301269531,60.470001220703125,60.779998779296875,60.150001525878906,60.54999923706055,22935400,MSFT
2016-11-09,53.52958297729492,60.16999816894531,60.59000015258789,59.20000076293945,60.0,49632500,MSFT
2016-11-10,52.2218017578125,58.70000076293945,60.4900016784668,57.630001068115234,60.47999954223633,57822400,MSFT
2016-11-11,52.506492614746094,59.02000045776367,59.119998931884766,58.0099983215332,58.22999954223633,38767800,MSFT
2016-11-14,51.705810546875,58.119998931884766,59.08000183105469,57.279998779296875,59.02000045776367,41328400,MSFT
2016-11-15,52.72685241699219,58.869998931884766,59.4900016784668,58.31999969482422,58.33000183105469,35904100,MSFT
2016-11-16,53.425453186035156,59.650001525878906,59.65999984741211,58.810001373291016,58.939998626708984,27332500,MSFT
2016-11-17,54.31214904785156,60.63999938964844,60.95000076293945,59.970001220703125,60.40999984741211,32132700,MSFT
2016-11-18,54.05239486694336,60.349998474121094,61.13999938964844,60.29999923706055,60.779998779296875,27686300,MSFT
2016-11-21,54.509193420410156,60.86000061035156,60.970001220703125,60.41999816894531,60.5,19652600,MSFT
2016-11-22,54.742061614990234,61.119998931884766,61.2599983215332,60.810001373291016,60.97999954223633,23206700,MSFT
2016-11-23,54.09720230102539,60.400001525878906,61.099998474121094,60.25,61.0099983215332,21848900,MSFT
2016-11-25,54.2136344909668,60.529998779296875,60.529998779296875,60.130001068115234,60.29999923706055,8409600,MSFT
2016-11-28,54.28528594970703,60.61000061035156,61.02000045776367,60.209999084472656,60.34000015258789,20732600,MSFT
2016-11-29,54.7151985168457,61.09000015258789,61.40999984741211,60.52000045776367,60.650001525878906,22366700,MSFT
2016-11-30,53.971805572509766,60.2599983215332,61.18000030517578,60.220001220703125,60.86000061035156,34655400,MSFT
2016-12-01,53.02241516113281,59.20000076293945,60.150001525878906,58.939998626708984,60.11000061035156,34542100,MSFT
2016-12-02,53.06719207763672,59.25,59.470001220703125,58.79999923706055,59.08000183105469,25515700,MSFT
2016-12-05,53.93598937988281,60.220001220703125,60.59000015258789,59.560001373291016,59.70000076293945,23552700,MSFT
2016-12-06,53.694149017333984,59.95000076293945,60.459999084472656,59.79999923706055,60.43000030517578,19907000,MSFT
2016-12-07,54.96596908569336,61.369998931884766,61.380001068115234,59.79999923706055,60.0099983215332,30809000,MSFT
2016-12-08,54.64353561401367,61.0099983215332,61.58000183105469,60.84000015258789,61.29999923706055,21220800,MSFT
2016-12-09,55.503353118896484,61.970001220703125,61.9900016784668,61.130001068115234,61.18000030517578,27349400,MSFT
2016-12-12,55.6824836730957,62.16999816894531,62.29999923706055,61.720001220703125,61.81999969482422,20198100,MSFT
2016-12-13,56.4079704284668,62.97999954223633,63.41999816894531,62.2400016784668,62.5,35718900,MSFT
2016-12-14,56.139286041259766,62.68000030517578,63.45000076293945,62.529998779296875,63.0,30352700,MSFT
2016-12-15,56.049705505371094,62.58000183105469,63.150001525878906,62.29999923706055,62.70000076293945,27669900,MSFT
2016-12-16,55.79891586303711,62.29999923706055,62.95000076293945,62.119998931884766,62.95000076293945,42453100,MSFT
2016-12-19,56.981178283691406,63.619998931884766,63.77000045776367,62.41999816894531,62.560001373291016,34338200,MSFT
2016-12-20,56.9095344543457,63.540000915527344,63.79999923706055,63.029998779296875,63.689998626708984,26028400,MSFT
2016-12-21,56.9095344543457,63.540000915527344,63.70000076293945,63.119998931884766,63.43000030517578,17096300,MSFT
2016-12-22,56.918487548828125,63.54999923706055,64.0999984741211,63.40999984741211,63.84000015258789,22176600,MSFT
2016-12-23,56.640838623046875,63.2400016784668,63.540000915527344,62.79999923706055,63.45000076293945,12403800,MSFT
2016-12-27,56.676666259765625,63.279998779296875,64.06999969482422,63.209999084472656,63.209999084472656,11763200,MSFT
2016-12-28,56.416927337646484,62.9900016784668,63.400001525878906,62.83000183105469,63.400001525878906,14653300,MSFT
2016-12-29,56.3363151550293,62.900001525878906,63.20000076293945,62.72999954223633,62.86000061035156,10250600,MSFT
2016-12-30,55.65563201904297,62.13999938964844,62.9900016784668,62.029998779296875,62.959999084472656,25579900,MSFT
2017-01-03,56.049705505371094,62.58000183105469,62.84000015258789,62.130001068115234,62.790000915527344,20694100,MSFT
2017-01-04,55.79891586303711,62.29999923706055,62.75,62.119998931884766,62.47999954223633,21340000,MSFT
2017-01-05,55.79891586303711,62.29999923706055,62.65999984741211,62.029998779296875,62.189998626708984,24876000,MSFT
2017-01-06,56.28257369995117,62.84000015258789,63.150001525878906,62.040000915527344,62.29999923706055,19922900,MSFT
2017-01-09,56.10344696044922,62.63999938964844,63.08000183105469,62.540000915527344,62.7599983215332,20382700,MSFT
2017-01-10,56.08552169799805,62.619998931884766,63.06999969482422,62.279998779296875,62.72999954223633,18593000,MSFT
2017-01-11,56.596046447753906,63.189998626708984,63.22999954223633,62.43000030517578,62.61000061035156,21517300,MSFT
2017-01-12,56.07656478881836,62.61000061035156,63.400001525878906,61.95000076293945,63.060001373291016,20968200,MSFT
2017-01-13,56.15718460083008,62.70000076293945,62.869998931884766,62.349998474121094,62.619998931884766,19422300,MSFT
2017-01-17,56.004913330078125,62.529998779296875,62.70000076293945,62.029998779296875,62.68000030517578,20664000,MSFT
2017-01-18,55.978050231933594,62.5,62.70000076293945,62.119998931884766,62.66999816894531,19670100,MSFT
2017-01-19,55.79891586303711,62.29999923706055,62.97999954223633,62.20000076293945,62.2400016784668,18451700,MSFT
2017-01-20,56.19301223754883,62.7400016784668,62.81999969482422,62.369998931884766,62.66999816894531,30213500,MSFT
2017-01-23,56.390052795410156,62.959999084472656,63.119998931884766,62.56999969482422,62.70000076293945,23097600,MSFT
2017-01-24,56.89162063598633,63.52000045776367,63.7400016784668,62.939998626708984,63.20000076293945,24672900,MSFT
2017-01-25,57.03491973876953,63.68000030517578,64.0999984741211,63.45000076293945,63.95000076293945,23672700,MSFT
2017-01-26,57.56334686279297,64.2699966430664,64.54000091552734,63.54999923706055,64.12000274658203,43554600,MSFT
2017-01-27,58.91578674316406,65.77999877929688,65.91000366210938,64.88999938964844,65.38999938964844,44818000,MSFT
2017-01-30,58.333614349365234,65.12999725341797,65.79000091552734,64.80000305175781,65.69000244140625,31651400,MSFT
2017-01-31,57.90369415283203,64.6500015258789,65.1500015258789,64.26000213623047,64.86000061035156,25270500,MSFT
2017-02-01,56.94537353515625,63.58000183105469,64.62000274658203,63.470001220703125,64.36000061035156,39671500,MSFT
2017-02-02,56.57813262939453,63.16999816894531,63.40999984741211,62.75,63.25,45827000,MSFT
2017-02-03,57.03491973876953,63.68000030517578,63.70000076293945,63.06999969482422,63.5,30301800,MSFT
2017-02-06,56.999088287353516,63.63999938964844,63.650001525878906,63.13999938964844,63.5,19796400,MSFT
2017-02-07,56.81100082397461,63.43000030517578,63.779998779296875,63.22999954223633,63.7400016784668,20277200,MSFT
2017-02-08,56.73040771484375,63.34000015258789,63.810001373291016,63.220001220703125,63.56999969482422,18096400,MSFT
2017-02-09,57.37526321411133,64.05999755859375,64.44000244140625,63.31999969482422,63.52000045776367,22644400,MSFT
2017-02-10,57.32152557373047,64.0,64.30000305175781,63.97999954223633,64.25,18170700,MSFT
2017-02-13,57.96639633178711,64.72000122070312,64.86000061035156,64.12999725341797,64.23999786376953,22920100,MSFT
2017-02-14,58.182655334472656,64.56999969482422,64.72000122070312,64.0199966430664,64.41000366210938,23108400,MSFT
2017-02-15,58.14661407470703,64.52999877929688,64.56999969482422,64.16000366210938,64.5,17005200,MSFT
2017-02-16,58.137596130371094,64.5199966430664,65.23999786376953,64.44000244140625,64.73999786376953,20546300,MSFT
2017-02-17,58.227718353271484,64.62000274658203,64.69000244140625,64.30000305175781,64.47000122070312,21248800,MSFT
2017-02-21,58.110565185546875,64.48999786376953,64.94999694824219,64.44999694824219,64.61000061035156,20655900,MSFT
2017-02-22,57.99342727661133,64.36000061035156,64.38999938964844,64.05000305175781,64.33000183105469,19292700,MSFT
2017-02-23,58.227718353271484,64.62000274658203,64.7300033569336,64.19000244140625,64.41999816894531,20273100,MSFT
2017-02-24,58.227718353271484,64.62000274658203,64.80000305175781,64.13999938964844,64.52999877929688,21796800,MSFT
2017-02-27,57.87629318237305,64.2300033569336,64.54000091552734,64.05000305175781,64.54000091552734,15871500,MSFT
2017-02-28,57.651023864746094,63.97999954223633,64.19999694824219,63.7599983215332,64.08000183105469,23239800,MSFT
2017-03-01,58.51605987548828,64.94000244140625,64.98999786376953,64.0199966430664,64.12999725341797,26937500,MSFT
2017-03-02,57.67805099487305,64.01000213623047,64.75,63.880001068115234,64.69000244140625,24539600,MSFT
2017-03-03,57.894317626953125,64.25,64.27999877929688,63.619998931884766,63.9900016784668,18135900,MSFT
2017-03-06,57.91232681274414,64.2699966430664,64.55999755859375,63.810001373291016,63.970001220703125,18750300,MSFT
2017-03-07,58.02947998046875,64.4000015258789,64.77999877929688,64.19000244140625,64.19000244140625,18521000,MSFT
2017-03-08,58.56110382080078,64.98999786376953,65.08000183105469,64.25,64.26000213623047,21510900,MSFT
2017-03-09,58.32682418823242,64.7300033569336,65.19999694824219,64.4800033569336,65.19000244140625,19846800,MSFT
2017-03-10,58.50704574584961,64.93000030517578,65.26000213623047,64.75,65.11000061035156,19538200,MSFT
2017-03-13,58.30881118774414,64.70999908447266,65.19000244140625,64.56999969482422,65.01000213623047,20100000,MSFT
2017-03-14,58.03848648071289,64.41000366210938,64.55000305175781,64.1500015258789,64.52999877929688,14280200,MSFT
2017-03-15,58.3448486328125,64.75,64.91999816894531,64.25,64.55000305175781,24833800,MSFT
2017-03-16,58.24571990966797,64.63999938964844,64.76000213623047,64.30000305175781,64.75,20674300,MSFT
2017-03-17,58.452980041503906,64.87000274658203,65.23999786376953,64.68000030517578,64.91000366210938,49219700,MSFT
2017-03-20,58.50704574584961,64.93000030517578,65.18000030517578,64.72000122070312,64.91000366210938,14598100,MSFT
2017-03-21,57.858272552490234,64.20999908447266,65.5,64.12999725341797,65.19000244140625,26640500,MSFT
2017-03-22,58.59715270996094,65.02999877929688,65.13999938964844,64.12000274658203,64.12000274658203,20680000,MSFT
2017-03-23,58.452980041503906,64.87000274658203,65.23999786376953,64.7699966430664,64.94000244140625,19269200,MSFT
2017-03-24,58.55209732055664,64.9800033569336,65.44999694824219,64.76000213623047,65.36000061035156,22617100,MSFT
2017-03-27,58.660221099853516,65.0999984741211,65.22000122070312,64.3499984741211,64.62999725341797,18614700,MSFT
2017-03-28,58.83142852783203,65.29000091552734,65.47000122070312,64.6500015258789,64.95999908447266,20080400,MSFT
2017-03-29,58.99362564086914,65.47000122070312,65.5,64.94999694824219,65.12000274658203,13618400,MSFT
2017-03-30,59.20988845825195,65.70999908447266,65.9800033569336,65.36000061035156,65.41999816894531,15122800,MSFT
2017-03-31,59.34503936767578,65.86000061035156,66.19000244140625,65.44999694824219,65.6500015258789,21040300,MSFT
2017-04-03,59.06572341918945,65.55000305175781,65.94000244140625,65.19000244140625,65.80999755859375,20400900,MSFT
2017-04-04,59.2279167175293,65.7300033569336,65.80999755859375,65.27999877929688,65.38999938964844,12997400,MSFT
2017-04-05,59.07470703125,65.55999755859375,66.3499984741211,65.44000244140625,66.30000305175781,21448600,MSFT
2017-04-06,59.2279167175293,65.7300033569336,66.05999755859375,65.4800033569336,65.5999984741211,18103500,MSFT
2017-04-07,59.18286895751953,65.68000030517578,65.95999908447266,65.44000244140625,65.8499984741211,14108500,MSFT
2017-04-10,59.047698974609375,65.52999877929688,65.81999969482422,65.36000061035156,65.61000061035156,17952700,MSFT
2017-04-11,59.00264358520508,65.4800033569336,65.61000061035156,64.8499984741211,65.5999984741211,18791500,MSFT
2017-04-12,58.77737045288086,65.2300033569336,65.51000213623047,65.11000061035156,65.41999816894531,17108500,MSFT
2017-04-13,58.525054931640625,64.94999694824219,65.86000061035156,64.94999694824219,65.29000091552734,17896500,MSFT
2017-04-17,59.00264358520508,65.4800033569336,65.48999786376953,65.01000213623047,65.04000091552734,16689300,MSFT
2017-04-18,58.92154312133789,65.38999938964844,65.70999908447266,65.16000366210938,65.33000183105469,15155600,MSFT
2017-04-19,58.60615158081055,65.04000091552734,65.75,64.88999938964844,65.6500015258789,26992800,MSFT
2017-04-20,59.020660400390625,65.5,65.75,65.13999938964844,65.45999908447266,22299500,MSFT
2017-04-21,59.83163070678711,66.4000015258789,66.69999694824219,65.44999694824219,65.66999816894531,32522600,MSFT
2017-04-24,60.84986114501953,67.52999877929688,67.66000366210938,67.0999984741211,67.4800033569336,29770000,MSFT
2017-04-25,61.20126724243164,67.91999816894531,68.04000091552734,67.5999984741211,67.9000015258789,30242700,MSFT
2017-04-26,61.12016677856445,67.83000183105469,68.30999755859375,67.62000274658203,68.08000183105469,26190800,MSFT
2017-04-27,61.51664733886719,68.2699966430664,68.37999725341797,67.58000183105469,68.1500015258789,34971000,MSFT
2017-04-28,61.68785095214844,68.45999908447266,69.13999938964844,67.69000244140625,68.91000366210938,39548800,MSFT
2017-05-01,62.54389572143555,69.41000366210938,69.55000305175781,68.5,68.68000030517578,31954400,MSFT
2017-05-02,62.44474411010742,69.30000305175781,69.70999908447266,69.12999725341797,69.70999908447266,23906100,MSFT
2017-05-03,62.24653625488281,69.08000183105469,69.37999725341797,68.70999908447266,69.37999725341797,28928000,MSFT
2017-05-04,62.00324630737305,68.80999755859375,69.08000183105469,68.63999938964844,69.02999877929688,21749400,MSFT
2017-05-05,62.174434661865234,69.0,69.02999877929688,68.48999786376953,68.9000015258789,19128800,MSFT
2017-05-08,62.120365142822266,68.94000244140625,69.05000305175781,68.41999816894531,68.97000122070312,18566100,MSFT
2017-05-09,62.21046829223633,69.04000091552734,69.27999877929688,68.68000030517578,68.86000061035156,22858400,MSFT
2017-05-10,62.45376968383789,69.30999755859375,69.55999755859375,68.91999816894531,68.98999786376953,17977800,MSFT
2017-05-11,61.68785095214844,68.45999908447266,68.7300033569336,68.12000274658203,68.36000061035156,28789400,MSFT
2017-05-12,61.61576843261719,68.37999725341797,68.61000061035156,68.04000091552734,68.61000061035156,18714100,MSFT
2017-05-15,61.66083908081055,68.43000030517578,68.4800033569336,67.56999969482422,68.13999938964844,31530300,MSFT
2017-05-16,62.90238571166992,69.41000366210938,69.44000244140625,68.16000366210938,68.2300033569336,34956000,MSFT
2017-05-17,61.153324127197266,67.4800033569336,69.0999984741211,67.43000030517578,68.88999938964844,30548800,MSFT
2017-05-18,61.36175537109375,67.70999908447266,68.12999725341797,67.13999938964844,67.4000015258789,25201300,MSFT
2017-05-19,61.343631744384766,67.69000244140625,68.0999984741211,67.43000030517578,67.5,26961100,MSFT
2017-05-22,62.032386779785156,68.44999694824219,68.5,67.5,67.88999938964844,16237600,MSFT
2017-05-23,62.24081802368164,68.68000030517578,68.75,68.37999725341797,68.72000122070312,15425800,MSFT
2017-05-24,62.32238006591797,68.7699966430664,68.87999725341797,68.44999694824219,68.87000274658203,14593900,MSFT
2017-05-25,63.09267807006836,69.62000274658203,69.87999725341797,68.91000366210938,68.97000122070312,21854100,MSFT
2017-05-26,63.40081024169922,69.95999908447266,70.22000122070312,69.5199966430664,69.80000305175781,19827900,MSFT
2017-05-30,63.8086051940918,70.41000366210938,70.41000366210938,69.7699966430664,69.79000091552734,17072800,MSFT
2017-05-31,63.29206848144531,69.83999633789062,70.73999786376953,69.80999755859375,70.52999877929688,30436400,MSFT
2017-06-01,63.527687072753906,70.0999984741211,70.61000061035156,69.44999694824219,70.23999786376953,21603600,MSFT
2017-06-02,65.03204345703125,71.76000213623047,71.86000061035156,70.23999786376953,70.44000244140625,34770300,MSFT
2017-06-05,65.50328826904297,72.27999877929688,72.88999938964844,71.80999755859375,71.97000122070312,33316800,MSFT
2017-06-06,65.72078704833984,72.5199966430664,72.62000274658203,72.2699966430664,72.30000305175781,31511100,MSFT
2017-06-07,65.60298919677734,72.38999938964844,72.7699966430664,71.94999694824219,72.63999938964844,22301800,MSFT
2017-06-08,65.2042236328125,71.94999694824219,72.5199966430664,71.5,72.51000213623047,24588300,MSFT
2017-06-09,63.727054595947266,70.31999969482422,72.08000183105469,68.58999633789062,72.04000091552734,49187400,MSFT
2017-06-12,63.237674713134766,69.77999877929688,69.94000244140625,68.12999725341797,69.25,47761700,MSFT
2017-06-13,64.0261001586914,70.6500015258789,70.81999969482422,69.95999908447266,70.0199966430664,25258600,MSFT
2017-06-14,63.68174362182617,70.2699966430664,71.0999984741211,69.43000030517578,70.91000366210938,25510700,MSFT
2017-06-15,63.346431732177734,69.9000015258789,70.20999908447266,68.80000305175781,69.2699966430664,26068700,MSFT
2017-06-16,63.43705749511719,70.0,70.02999877929688,69.22000122070312,69.7300033569336,48345100,MSFT
2017-06-19,64.22550201416016,70.87000274658203,70.94000244140625,70.3499984741211,70.5,23798300,MSFT
2017-06-20,63.35550308227539,69.91000366210938,70.87000274658203,69.87000274658203,70.81999969482422,21512200,MSFT
2017-06-21,63.68174362182617,70.2699966430664,70.62000274658203,69.94000244140625,70.20999908447266,19891100,MSFT
2017-06-22,63.67267990112305,70.26000213623047,70.58999633789062,69.70999908447266,70.54000091552734,22965700,MSFT
2017-06-23,64.53363037109375,71.20999908447266,71.25,69.91999816894531,70.08999633789062,27617300,MSFT
2017-06-26,63.91737747192383,70.52999877929688,71.70999908447266,70.44000244140625,71.4000015258789,19607000,MSFT
2017-06-27,62.721134185791016,69.20999908447266,70.18000030517578,69.18000030517578,70.11000061035156,25215100,MSFT
2017-06-28,63.255821228027344,69.80000305175781,69.83999633789062,68.79000091552734,69.20999908447266,25806200,MSFT
2017-06-29,62.06861877441406,68.48999786376953,69.48999786376953,68.08999633789062,69.37999725341797,28918700,MSFT
2017-06-30,62.46736526489258,68.93000030517578,69.37999725341797,68.73999786376953,68.77999877929688,24161100,MSFT
2017-07-03,61.778648376464844,68.16999816894531,69.5999984741211,68.0199966430664,69.33000183105469,16165500,MSFT
2017-07-05,62.60332107543945,69.08000183105469,69.44000244140625,68.22000122070312,68.26000213623047,21176300,MSFT
2017-07-06,62.14112091064453,68.56999969482422,68.77999877929688,68.12000274658203,68.2699966430664,21117600,MSFT
2017-07-07,62.94770812988281,69.45999908447266,69.83999633789062,68.69999694824219,68.69999694824219,16878300,MSFT
2017-07-10,63.418922424316406,69.9800033569336,70.25,69.19999694824219,69.45999908447266,15014500,MSFT
2017-07-11,63.428001403808594,69.98999786376953,70.68000030517578,69.75,70.0,17460000,MSFT
2017-07-12,64.479248046875,71.1500015258789,71.27999877929688,70.55000305175781,70.69000244140625,17750900,MSFT
2017-07-13,65.04108428955078,71.7699966430664,72.04000091552734,71.30999755859375,71.5,20269800,MSFT
2017-07-14,65.95642852783203,72.77999877929688,73.2699966430664,71.95999908447266,72.23999786376953,25868100,MSFT
2017-07-17,66.47296905517578,73.3499984741211,73.44999694824219,72.72000122070312,72.80000305175781,21803900,MSFT
2017-07-18,66.42766571044922,73.30000305175781,73.38999938964844,72.66000366210938,73.08999633789062,26435300,MSFT
2017-07-19,66.9351577758789,73.86000061035156,74.04000091552734,73.44999694824219,73.5,22416200,MSFT
2017-07-20,67.26141357421875,74.22000122070312,74.30000305175781,73.27999877929688,74.18000030517578,42361000,MSFT
2017-07-21,66.8717269897461,73.79000091552734,74.29000091552734,73.16999816894531,73.44999694824219,46717100,MSFT
2017-07-24,66.69953918457031,73.5999984741211,73.75,73.12999725341797,73.52999877929688,21394800,MSFT
2017-07-25,67.23422241210938,74.19000244140625,74.30999755859375,73.5,73.80000305175781,22018700,MSFT
2017-07-26,67.10735321044922,74.05000305175781,74.37999725341797,73.80999755859375,74.33999633789062,16252200,MSFT
2017-07-27,66.30078887939453,73.16000366210938,74.41999816894531,72.31999969482422,73.76000213623047,36844200,MSFT
2017-07-28,66.19204711914062,73.04000091552734,73.30999755859375,72.54000091552734,72.66999816894531,18306700,MSFT
2017-07-31,65.8839340209961,72.69999694824219,73.44000244140625,72.41000366210938,73.30000305175781,23600100,MSFT
2017-08-01,65.775146484375,72.58000183105469,73.41999816894531,72.48999786376953,73.0999984741211,22132300,MSFT
2017-08-02,65.48519134521484,72.26000213623047,72.55999755859375,71.44000244140625,72.55000305175781,26499200,MSFT
2017-08-03,65.3855209350586,72.1500015258789,72.44000244140625,71.8499984741211,72.19000244140625,18214400,MSFT
2017-08-04,65.86576843261719,72.68000030517578,73.04000091552734,72.23999786376953,72.4000015258789,22579000,MSFT
2017-08-07,65.61205291748047,72.4000015258789,72.9000015258789,72.26000213623047,72.80000305175781,18705700,MSFT
2017-08-08,65.9654769897461,72.79000091552734,73.12999725341797,71.75,72.08999633789062,22044600,MSFT
2017-08-09,65.67547607421875,72.47000122070312,72.51000213623047,72.05000305175781,72.25,22213400,MSFT
2017-08-10,64.71488189697266,71.41000366210938,72.19000244140625,71.3499984741211,71.9000015258789,24734500,MSFT
2017-08-11,65.7026596069336,72.5,72.69999694824219,71.27999877929688,71.61000061035156,21443700,MSFT
2017-08-14,66.69048309326172,73.58999633789062,73.72000122070312,72.94999694824219,73.05999755859375,20096600,MSFT
2017-08-15,66.70868682861328,73.22000122070312,73.58999633789062,73.04000091552734,73.58999633789062,19181400,MSFT
2017-08-16,67.1004638671875,73.6500015258789,74.0999984741211,73.16999816894531,73.33999633789062,18150400,MSFT
2017-08-17,65.96161651611328,72.4000015258789,73.87000274658203,72.4000015258789,73.58000183105469,22977500,MSFT
2017-08-18,66.04363250732422,72.48999786376953,72.83999633789062,71.93000030517578,72.2699966430664,18761500,MSFT
2017-08-21,65.73387145996094,72.1500015258789,72.4800033569336,71.69999694824219,72.47000122070312,17734800,MSFT
2017-08-22,66.65404510498047,73.16000366210938,73.23999786376953,72.3499984741211,72.3499984741211,14343700,MSFT
2017-08-23,66.25315856933594,72.72000122070312,73.1500015258789,72.52999877929688,72.95999908447266,13766500,MSFT
2017-08-24,66.22582244873047,72.69000244140625,72.86000061035156,72.06999969482422,72.73999786376953,17098300,MSFT
2017-08-25,66.34427642822266,72.81999969482422,73.3499984741211,72.4800033569336,72.86000061035156,12794300,MSFT
2017-08-28,66.35337829589844,72.83000183105469,73.08999633789062,72.55000305175781,73.05999755859375,14569700,MSFT
2017-08-29,66.55380249023438,73.05000305175781,73.16000366210938,72.05000305175781,72.25,11478400,MSFT
2017-08-30,67.42842864990234,74.01000213623047,74.20999908447266,72.83000183105469,73.01000213623047,16897800,MSFT
2017-08-31,68.1208724975586,74.7699966430664,74.95999908447266,73.80000305175781,74.02999877929688,27652800,MSFT
2017-09-01,67.36467742919922,73.94000244140625,74.73999786376953,73.63999938964844,74.70999908447266,21736200,MSFT
2017-09-05,67.06401062011719,73.61000061035156,73.88999938964844,72.9800033569336,73.33999633789062,21556000,MSFT
2017-09-06,66.87268829345703,73.4000015258789,74.04000091552734,73.3499984741211,73.73999786376953,16535800,MSFT
2017-09-07,67.72911071777344,74.33999633789062,74.5999984741211,73.5999984741211,73.68000030517578,17471200,MSFT
2017-09-08,67.40111541748047,73.9800033569336,74.44000244140625,73.83999633789062,74.33000183105469,14703800,MSFT
2017-09-11,68.11172485351562,74.76000213623047,74.94000244140625,74.30999755859375,74.30999755859375,17910400,MSFT
2017-09-12,68.03884887695312,74.68000030517578,75.23999786376953,74.37000274658203,74.76000213623047,14394900,MSFT
2017-09-13,68.521728515625,75.20999908447266,75.2300033569336,74.55000305175781,74.93000030517578,13380800,MSFT
2017-09-14,68.1208724975586,74.7699966430664,75.48999786376953,74.5199966430664,75.0,15733900,MSFT
2017-09-15,68.61283874511719,75.30999755859375,75.38999938964844,74.06999969482422,74.83000183105469,38578400,MSFT
2017-09-18,68.47618865966797,75.16000366210938,75.97000122070312,75.04000091552734,75.2300033569336,23307000,MSFT
2017-09-19,68.73126220703125,75.44000244140625,75.70999908447266,75.01000213623047,75.20999908447266,16093300,MSFT
2017-09-20,68.27574920654297,74.94000244140625,75.55000305175781,74.30999755859375,75.3499984741211,21587900,MSFT
2017-09-21,67.61064910888672,74.20999908447266,75.23999786376953,74.11000061035156,75.11000061035156,19186100,MSFT
2017-09-22,67.79288482666016,74.41000366210938,74.51000213623047,73.8499984741211,73.98999786376953,14111400,MSFT
2017-09-25,66.74515533447266,73.26000213623047,74.25,72.91999816894531,74.08999633789062,24149200,MSFT
2017-09-26,66.74515533447266,73.26000213623047,73.80999755859375,72.98999786376953,73.66999816894531,18019600,MSFT
2017-09-27,67.28266143798828,73.8499984741211,74.16999816894531,73.16999816894531,73.55000305175781,19565100,MSFT
2017-09-28,67.3009033203125,73.87000274658203,73.97000122070312,73.30999755859375,73.54000091552734,10883800,MSFT
2017-09-29,67.86576843261719,74.48999786376953,74.54000091552734,73.87999725341797,73.94000244140625,17079100,MSFT
2017-10-02,67.97509765625,74.61000061035156,75.01000213623047,74.30000305175781,74.70999908447266,15304800,MSFT
2017-10-03,67.65621185302734,74.26000213623047,74.87999725341797,74.19000244140625,74.66999816894531,12190400,MSFT
2017-10-04,68.04796600341797,74.69000244140625,74.72000122070312,73.70999908447266,74.08999633789062,13317700,MSFT
2017-10-05,69.21414184570312,75.97000122070312,76.12000274658203,74.95999908447266,75.22000122070312,21195300,MSFT
2017-10-06,69.241455078125,76.0,76.02999877929688,75.54000091552734,75.66999816894531,13959800,MSFT
2017-10-09,69.50570678710938,76.29000091552734,76.55000305175781,75.86000061035156,75.97000122070312,11386500,MSFT
2017-10-10,69.50570678710938,76.29000091552734,76.62999725341797,76.13999938964844,76.33000183105469,13944500,MSFT
2017-10-11,69.6241226196289,76.41999816894531,76.45999908447266,75.94999694824219,76.36000061035156,15388900,MSFT
2017-10-12,70.26188659667969,77.12000274658203,77.29000091552734,76.37000274658203,76.48999786376953,16876500,MSFT
2017-10-13,70.59896850585938,77.48999786376953,77.87000274658203,77.29000091552734,77.58999633789062,15335700,MSFT
2017-10-16,70.7447509765625,77.6500015258789,77.80999755859375,77.3499984741211,77.41999816894531,12380100,MSFT
2017-10-17,70.69007873535156,77.58999633789062,77.62000274658203,77.25,77.47000122070312,16824000,MSFT
2017-10-18,70.70831298828125,77.61000061035156,77.8499984741211,77.37000274658203,77.66999816894531,13300700,MSFT
2017-10-19,70.98162841796875,77.91000366210938,77.93000030517578,77.3499984741211,77.56999969482422,15092800,MSFT
2017-10-20,71.80158233642578,78.80999755859375,78.97000122070312,78.22000122070312,78.31999969482422,22866400,MSFT
2017-10-23,71.81980895996094,78.83000183105469,79.33999633789062,78.76000213623047,78.98999786376953,20627200,MSFT
2017-10-24,71.84712982177734,78.86000061035156,79.19999694824219,78.45999908447266,78.9000015258789,17517200,MSFT
2017-10-25,71.6375961303711,78.62999725341797,79.0999984741211,78.01000213623047,78.58000183105469,20410800,MSFT
2017-10-26,71.75604248046875,78.76000213623047,79.41999816894531,78.75,79.19999694824219,32120700,MSFT
2017-10-27,76.35694122314453,83.80999755859375,86.19999694824219,83.61000061035156,84.37000274658203,71066700,MSFT
2017-10-30,76.42985534667969,83.88999938964844,84.33000183105469,83.11000061035156,83.69999694824219,31756700,MSFT
2017-10-31,75.7829818725586,83.18000030517578,84.36000061035156,83.11000061035156,84.36000061035156,27086600,MSFT
2017-11-01,75.7829818725586,83.18000030517578,83.76000213623047,82.87999725341797,83.68000030517578,22307400,MSFT
2017-11-02,76.57560729980469,84.05000305175781,84.45999908447266,83.12000274658203,83.3499984741211,23992900,MSFT
2017-11-03,76.6575927734375,84.13999938964844,84.54000091552734,83.4000015258789,84.08000183105469,17633500,MSFT
2017-11-06,76.9582748413086,84.47000122070312,84.69999694824219,84.08000183105469,84.19999694824219,19860900,MSFT
2017-11-07,76.77604675292969,84.2699966430664,84.9000015258789,83.93000030517578,84.7699966430664,17939700,MSFT
2017-11-08,77.0402603149414,84.55999755859375,84.61000061035156,83.83000183105469,84.13999938964844,18034200,MSFT
2017-11-09,76.61203002929688,84.08999633789062,84.2699966430664,82.9000015258789,84.11000061035156,21178400,MSFT
2017-11-10,76.41160583496094,83.87000274658203,84.0999984741211,83.2300033569336,83.79000091552734,19397800,MSFT
2017-11-13,76.46627044677734,83.93000030517578,83.94000244140625,83.45999908447266,83.66000366210938,14196900,MSFT
2017-11-14,76.57560729980469,84.05000305175781,84.0999984741211,82.9800033569336,83.5,18801300,MSFT
2017-11-15,75.98043060302734,82.9800033569336,83.69000244140625,82.69000244140625,83.47000122070312,19383100,MSFT
2017-11-16,76.18185424804688,83.19999694824219,83.41999816894531,82.94000244140625,83.0999984741211,20962800,MSFT
2017-11-17,75.44935607910156,82.4000015258789,83.12000274658203,82.23999786376953,83.12000274658203,22079000,MSFT
2017-11-20,75.5683822631836,82.52999877929688,82.58999633789062,82.25,82.4000015258789,16315000,MSFT
2017-11-21,76.65802001953125,83.72000122070312,83.83999633789062,82.73999786376953,82.73999786376953,21237500,MSFT
2017-11-22,76.0994644165039,83.11000061035156,83.9000015258789,83.04000091552734,83.83000183105469,20553100,MSFT
2017-11-24,76.23682403564453,83.26000213623047,83.43000030517578,82.77999877929688,83.01000213623047,7425600,MSFT
2017-11-27,76.79535675048828,83.87000274658203,83.9800033569336,83.30000305175781,83.30999755859375,18265200,MSFT
2017-11-28,77.72016143798828,84.87999725341797,85.05999755859375,84.0199966430664,84.06999969482422,21926000,MSFT
2017-11-29,76.31007385253906,83.33999633789062,84.91999816894531,83.18000030517578,84.70999908447266,27381100,MSFT
2017-11-30,77.07003021240234,84.16999816894531,84.5199966430664,83.33999633789062,83.51000213623047,33054600,MSFT
2017-12-01,77.1524658203125,84.26000213623047,84.80999755859375,83.22000122070312,83.5999984741211,29532100,MSFT
2017-12-04,74.24068450927734,81.08000183105469,84.43000030517578,80.69999694824219,84.41999816894531,39094900,MSFT
2017-12-05,74.70768737792969,81.58999633789062,82.68000030517578,80.9800033569336,81.33999633789062,26152300,MSFT
2017-12-06,75.79730224609375,82.77999877929688,83.13999938964844,81.43000030517578,81.55000305175781,26162100,MSFT
2017-12-07,75.5317611694336,82.48999786376953,82.80000305175781,82.0,82.54000091552734,23184500,MSFT
2017-12-08,77.0609130859375,84.16000366210938,84.58000183105469,83.33000183105469,83.62999725341797,24489100,MSFT
2017-12-11,78.0406494140625,85.2300033569336,85.37000274658203,84.12000274658203,84.29000091552734,22857900,MSFT
2017-12-12,78.36113739013672,85.58000183105469,86.05000305175781,85.08000183105469,85.30999755859375,23924100,MSFT
2017-12-13,78.1505126953125,85.3499984741211,86.0,85.16999816894531,85.73999786376953,22062700,MSFT
2017-12-14,77.54621124267578,84.69000244140625,85.87000274658203,84.52999877929688,85.43000030517578,19306000,MSFT
2017-12-15,79.52400207519531,86.8499984741211,87.08999633789062,84.87999725341797,85.26000213623047,53936700,MSFT
2017-12-18,79.09364318847656,86.37999725341797,87.5,86.2300033569336,87.12000274658203,22283800,MSFT
2017-12-19,78.59002685546875,85.83000183105469,86.3499984741211,85.2699966430664,86.3499984741211,23524800,MSFT
2017-12-20,78.30618286132812,85.5199966430664,86.30000305175781,84.70999908447266,86.19999694824219,23674900,MSFT
2017-12-21,78.28785705566406,85.5,86.0999984741211,85.4000015258789,86.05000305175781,17990700,MSFT
2017-12-22,78.2970199584961,85.51000213623047,85.62999725341797,84.91999816894531,85.4000015258789,14145800,MSFT
2017-12-26,78.19630432128906,85.4000015258789,85.52999877929688,85.02999877929688,85.30999755859375,9891200,MSFT
2017-12-27,78.48015594482422,85.70999908447266,85.9800033569336,85.22000122070312,85.6500015258789,14678000,MSFT
2017-12-28,78.48928833007812,85.72000122070312,85.93000030517578,85.55000305175781,85.9000015258789,10594300,MSFT
2017-12-29,78.3244857788086,85.54000091552734,86.05000305175781,85.5,85.62999725341797,18717400,MSFT
2018-01-02,78.69989776611328,85.94999694824219,86.30999755859375,85.5,86.12999725341797,22483800,MSFT
2018-01-03,79.06616973876953,86.3499984741211,86.51000213623047,85.97000122070312,86.05999755859375,26061400,MSFT
2018-01-04,79.76206970214844,87.11000061035156,87.66000366210938,86.56999969482422,86.58999633789062,21912000,MSFT
2018-01-05,80.75094604492188,88.19000244140625,88.41000366210938,87.43000030517578,87.66000366210938,23407100,MSFT
2018-01-08,80.8333740234375,88.27999877929688,88.58000183105469,87.5999984741211,88.19999694824219,22113000,MSFT
2018-01-09,80.77841186523438,88.22000122070312,88.7300033569336,87.86000061035156,88.6500015258789,19484300,MSFT
2018-01-10,80.41216278076172,87.81999969482422,88.19000244140625,87.41000366210938,87.86000061035156,18652200,MSFT
2018-01-11,80.65022277832031,88.08000183105469,88.12999725341797,87.23999786376953,88.12999725341797,17808900,MSFT
2018-01-12,82.0420150756836,89.5999984741211,89.77999877929688,88.44999694824219,88.66999816894531,24271500,MSFT
2018-01-16,80.8974609375,88.3499984741211,90.79000091552734,88.01000213623047,90.0999984741211,36599700,MSFT
2018-01-17,82.53646850585938,90.13999938964844,90.27999877929688,88.75,89.08000183105469,25621200,MSFT
2018-01-18,82.49983978271484,90.0999984741211,90.66999816894531,89.66000366210938,89.80000305175781,24159700,MSFT
2018-01-19,82.40829467773438,90.0,90.61000061035156,89.66000366210938,90.13999938964844,36875000,MSFT
2018-01-22,83.8824691772461,91.61000061035156,91.62000274658203,89.73999786376953,90.0,23601600,MSFT
2018-01-23,84.14801788330078,91.9000015258789,92.30000305175781,91.54000091552734,91.9000015258789,23412800,MSFT
2018-01-24,84.07476043701172,91.81999969482422,93.43000030517578,91.58000183105469,92.55000305175781,33277500,MSFT
2018-01-25,84.54174041748047,92.33000183105469,93.23999786376953,91.93000030517578,92.47000122070312,26383200,MSFT
2018-01-26,86.12581634521484,94.05999755859375,94.05999755859375,92.58000183105469,93.12000274658203,29172200,MSFT
2018-01-29,85.99762725830078,93.91999816894531,95.44999694824219,93.72000122070312,95.13999938964844,31569900,MSFT
2018-01-30,84.91716003417969,92.73999786376953,93.66000366210938,92.0999984741211,93.30000305175781,38635100,MSFT
2018-01-31,86.99568939208984,95.01000213623047,95.4000015258789,93.51000213623047,93.75,48756300,MSFT
2018-02-01,86.30894470214844,94.26000213623047,96.06999969482422,93.58000183105469,94.79000091552734,47227900,MSFT
2018-02-02,84.03813934326172,91.77999877929688,93.97000122070312,91.5,93.63999938964844,47867800,MSFT
2018-02-05,80.57698059082031,88.0,93.23999786376953,88.0,90.55999755859375,51031500,MSFT
2018-02-06,83.62611389160156,91.33000183105469,91.4800033569336,85.25,86.88999938964844,67998600,MSFT
2018-02-07,82.05118560791016,89.61000061035156,91.7699966430664,89.19999694824219,90.48999786376953,41107600,MSFT
2018-02-08,77.8392105102539,85.01000213623047,89.87999725341797,84.76000213623047,89.70999908447266,55628700,MSFT
2018-02-09,80.74179077148438,88.18000030517578,88.93000030517578,83.83000183105469,86.30000305175781,63499100,MSFT
2018-02-12,81.6116714477539,89.12999725341797,89.77999877929688,87.93000030517578,88.73999786376953,35720300,MSFT
2018-02-13,82.25260925292969,89.83000183105469,90.0,87.80000305175781,88.93000030517578,26407700,MSFT
2018-02-14,83.54052734375,90.80999755859375,90.98999786376953,88.41000366210938,88.51000213623047,34960900,MSFT
2018-02-15,85.2424545288086,92.66000366210938,92.72000122070312,90.62000274658203,91.20999908447266,27823900,MSFT
2018-02-16,84.63529205322266,92.0,93.5,91.80000305175781,92.44999694824219,30596900,MSFT
2018-02-20,85.29763793945312,92.72000122070312,93.05999755859375,91.01000213623047,91.4800033569336,30911700,MSFT
2018-02-21,84.1661148071289,91.48999786376953,93.36000061035156,91.48999786376953,92.9800033569336,26922500,MSFT
2018-02-22,84.38693237304688,91.7300033569336,92.7300033569336,91.36000061035156,92.05000305175781,24392800,MSFT
2018-02-23,86.53038787841797,94.05999755859375,94.06999969482422,92.36000061035156,93.5999984741211,26329200,MSFT
2018-02-26,87.78150939941406,95.41999816894531,95.44999694824219,94.25,94.4000015258789,30199800,MSFT
2018-02-27,86.6591796875,94.19999694824219,95.83999633789062,94.19999694824219,95.73999786376953,25869100,MSFT
2018-02-28,86.26358032226562,93.7699966430664,95.70999908447266,93.62999725341797,94.83999633789062,31167300,MSFT
2018-03-01,85.41725158691406,92.8499984741211,94.56999969482422,91.83999633789062,93.98999786376953,37135600,MSFT
2018-03-02,85.60123443603516,93.05000305175781,93.1500015258789,90.86000061035156,91.58000183105469,32830400,MSFT
2018-03-05,86.14400482177734,93.63999938964844,94.2699966430664,92.26000213623047,92.33999633789062,23901600,MSFT
2018-03-06,85.84961700439453,93.31999969482422,94.48999786376953,92.94000244140625,94.33999633789062,22175800,MSFT
2018-03-07,86.34640502929688,93.86000061035156,93.94000244140625,92.43000030517578,93.16000366210938,26716100,MSFT
2018-03-08,86.87077331542969,94.43000030517578,95.0999984741211,93.7699966430664,94.2699966430664,25887800,MSFT
2018-03-09,88.81188201904297,96.54000091552734,96.54000091552734,95.0,95.29000091552734,36937300,MSFT
2018-03-12,89.02342987060547,96.7699966430664,97.20999908447266,96.04000091552734,96.5,26073700,MSFT
2018-03-13,86.85238647460938,94.41000366210938,97.23999786376953,93.97000122070312,97.0,35387800,MSFT
2018-03-14,86.33717346191406,93.8499984741211,95.41000366210938,93.5,95.12000274658203,32132000,MSFT
2018-03-15,86.64078521728516,94.18000030517578,94.58000183105469,92.83000183105469,93.52999877929688,27611000,MSFT
2018-03-16,87.02715301513672,94.5999984741211,95.37999725341797,93.91999816894531,94.68000030517578,49081300,MSFT
2018-03-19,85.45404815673828,92.88999938964844,93.9000015258789,92.11000061035156,93.73999786376953,33344100,MSFT
2018-03-20,85.67481231689453,93.12999725341797,93.7699966430664,93.0,93.05000305175781,23075200,MSFT
2018-03-21,85.07685089111328,92.4800033569336,94.05000305175781,92.20999908447266,92.93000030517578,24457100,MSFT
2018-03-22,82.60221099853516,89.79000091552734,91.75,89.66000366210938,91.2699966430664,38604700,MSFT
2018-03-23,80.20115661621094,87.18000030517578,90.45999908447266,87.08000183105469,89.5,44068900,MSFT
2018-03-26,86.2728042602539,93.77999877929688,94.0,90.4000015258789,90.61000061035156,56396800,MSFT
2018-03-27,82.30779266357422,89.47000122070312,95.13999938964844,88.51000213623047,94.94000244140625,56569000,MSFT
2018-03-28,82.23423767089844,89.38999938964844,91.2300033569336,88.87000274658203,89.81999969482422,52501100,MSFT
2018-03-29,83.96372985839844,91.2699966430664,92.29000091552734,88.4000015258789,90.18000030517578,45867500,MSFT
2018-04-02,81.43384552001953,88.5199966430664,90.87999725341797,87.51000213623047,90.47000122070312,48515400,MSFT
2018-04-03,82.52859497070312,89.70999908447266,90.05000305175781,87.88999938964844,89.58000183105469,37213800,MSFT
2018-04-04,84.93888092041016,92.33000183105469,92.76000213623047,87.7300033569336,87.8499984741211,35560000,MSFT
2018-04-05,84.9848403930664,92.37999725341797,93.06999969482422,91.4000015258789,92.44000244140625,29771900,MSFT
2018-04-06,83.00699615478516,90.2300033569336,92.45999908447266,89.4800033569336,91.48999786376953,38026000,MSFT
2018-04-09,83.5037612915039,90.7699966430664,93.16999816894531,90.62000274658203,91.04000091552734,31533900,MSFT
2018-04-10,85.44483947753906,92.87999725341797,93.27999877929688,91.63999938964844,92.38999938964844,26812000,MSFT
2018-04-11,84.5064926147461,91.86000061035156,93.29000091552734,91.4800033569336,92.01000213623047,24872100,MSFT
2018-04-12,86.08881378173828,93.58000183105469,94.16000366210938,92.43000030517578,92.43000030517578,26758900,MSFT
2018-04-13,85.6288070678711,93.08000183105469,94.18000030517578,92.44000244140625,94.05000305175781,23346100,MSFT
2018-04-16,86.6315689086914,94.16999816894531,94.66000366210938,93.41999816894531,94.06999969482422,20288100,MSFT
2018-04-17,88.37948608398438,96.06999969482422,96.54000091552734,94.87999725341797,95.0,26771000,MSFT
2018-04-18,88.7198486328125,96.44000244140625,96.72000122070312,95.5199966430664,96.22000122070312,21043300,MSFT
2018-04-19,88.4162826538086,96.11000061035156,97.06999969482422,95.33999633789062,96.44000244140625,23552500,MSFT
2018-04-20,87.3951187133789,95.0,96.11000061035156,94.05000305175781,95.91000366210938,31154400,MSFT
2018-04-23,87.71710968017578,95.3499984741211,96.29000091552734,94.62999725341797,95.73999786376953,22331800,MSFT
2018-04-24,85.66563415527344,93.12000274658203,96.47000122070312,92.41000366210938,96.23999786376953,34524800,MSFT
2018-04-25,84.92047119140625,92.30999755859375,93.30000305175781,90.27999877929688,93.30000305175781,33729300,MSFT
2018-04-26,86.71437072753906,94.26000213623047,95.1500015258789,93.0999984741211,93.55000305175781,42529000,MSFT
2018-04-27,88.14948272705078,95.81999969482422,97.9000015258789,93.91000366210938,97.5999984741211,48272800,MSFT
2018-04-30,86.03360748291016,93.5199966430664,96.4000015258789,93.1500015258789,96.33000183105469,41523600,MSFT
2018-05-01,87.3951187133789,95.0,95.29000091552734,92.79000091552734,93.20999908447266,31408900,MSFT
2018-05-02,86.02439880371094,93.51000213623047,95.16999816894531,93.19000244140625,94.98999786376953,27471000,MSFT
2018-05-03,86.53956604003906,94.06999969482422,94.93000030517578,92.44999694824219,92.95999908447266,31142500,MSFT
2018-05-04,87.54231262207031,95.16000366210938,95.37000274658203,92.91999816894531,93.31999969482422,22531300,MSFT
2018-05-07,88.51746368408203,96.22000122070312,96.70999908447266,95.0999984741211,95.16999816894531,24242000,MSFT
2018-05-08,88.14027404785156,95.80999755859375,96.16000366210938,95.05999755859375,95.8499984741211,23484600,MSFT
2018-05-09,89.1798324584961,96.94000244140625,96.97000122070312,95.05000305175781,96.01000213623047,27327400,MSFT
2018-05-10,90.07218933105469,97.91000366210938,97.94999694824219,97.05000305175781,97.45999908447266,22388100,MSFT
2018-05-11,89.87899780273438,97.69999694824219,97.87000274658203,97.04000091552734,97.80000305175781,16778300,MSFT
2018-05-14,90.1825942993164,98.02999877929688,98.69000244140625,97.30999755859375,97.91999816894531,19454100,MSFT
2018-05-15,89.5294189453125,97.31999969482422,97.8499984741211,96.33999633789062,97.23999786376953,24594000,MSFT
2018-05-16,89.76040649414062,97.1500015258789,97.4000015258789,96.62000274658203,97.36000061035156,17384700,MSFT
2018-05-17,88.8641586303711,96.18000030517578,97.54000091552734,95.83000183105469,96.76000213623047,17246700,MSFT
2018-05-18,89.0304946899414,96.36000061035156,96.93000030517578,96.01000213623047,96.01000213623047,17865800,MSFT
2018-05-21,90.17617797851562,97.5999984741211,98.01000213623047,96.80000305175781,97.0,19422500,MSFT
2018-05-22,90.08378601074219,97.5,98.16999816894531,97.19999694824219,97.68000030517578,15441200,MSFT
2018-05-23,91.15556335449219,98.66000366210938,98.7300033569336,96.31999969482422,96.70999908447266,21251200,MSFT
2018-05-24,90.83216857910156,98.30999755859375,98.94000244140625,96.80999755859375,98.7300033569336,26649300,MSFT
2018-05-25,90.87837219238281,98.36000061035156,98.9800033569336,97.86000061035156,98.30000305175781,18363900,MSFT
2018-05-29,90.55497741699219,98.01000213623047,98.87999725341797,97.2300033569336,97.83999633789062,28671000,MSFT
2018-05-30,91.42350769042969,98.94999694824219,99.25,97.91000366210938,98.30999755859375,22158500,MSFT
2018-05-31,91.32183837890625,98.83999633789062,99.98999786376953,98.61000061035156,99.29000091552734,34140900,MSFT
2018-06-01,93.12352752685547,100.79000091552734,100.86000061035156,99.16999816894531,99.27999877929688,28655600,MSFT
2018-06-04,93.93659210205078,101.66999816894531,101.86000061035156,100.8499984741211,101.26000213623047,27281600,MSFT
2018-06-05,94.41702270507812,102.19000244140625,102.33000183105469,101.52999877929688,102.0,23514400,MSFT
2018-06-06,94.69422912597656,102.48999786376953,102.5999984741211,101.9000015258789,102.4800033569336,21122900,MSFT
2018-06-07,93.2066650390625,100.87999725341797,102.69000244140625,100.37999725341797,102.6500015258789,28232200,MSFT
2018-06-08,93.89962768554688,101.62999725341797,101.94999694824219,100.54000091552734,101.08999633789062,22165100,MSFT
2018-06-11,93.36373901367188,101.05000305175781,101.58999633789062,100.66999816894531,101.01000213623047,23490900,MSFT
2018-06-12,93.6039810180664,101.30999755859375,101.44999694824219,100.75,101.0999984741211,18325200,MSFT
2018-06-13,93.17896270751953,100.8499984741211,102.01000213623047,100.55999755859375,101.72000122070312,29492900,MSFT
2018-06-14,93.70560455322266,101.41999816894531,102.02999877929688,101.0,101.6500015258789,25691800,MSFT
2018-06-15,92.51371002197266,100.12999725341797,101.52999877929688,100.06999969482422,101.51000213623047,65738600,MSFT
2018-06-18,93.18822479248047,100.86000061035156,101.11000061035156,99.41999816894531,100.01000213623047,23586000,MSFT
2018-06-19,93.18822479248047,100.86000061035156,101.0,99.5,99.6500015258789,28653100,MSFT
2018-06-20,94.12136840820312,101.87000274658203,102.5199966430664,101.12000274658203,101.37000274658203,26180800,MSFT
2018-06-21,93.44690704345703,101.13999938964844,102.45999908447266,100.87999725341797,102.08000183105469,23198200,MSFT
2018-06-22,92.7724380493164,100.41000366210938,100.7699966430664,99.62999725341797,100.41000366210938,38923100,MSFT
2018-06-25,90.90606689453125,98.38999938964844,100.11000061035156,97.30000305175781,100.0,35433300,MSFT
2018-06-26,91.5435791015625,99.08000183105469,100.08000183105469,98.75,98.81999969482422,26897200,MSFT
2018-06-27,90.12074279785156,97.54000091552734,100.0199966430664,97.4000015258789,99.58000183105469,31298400,MSFT
2018-06-28,91.12782287597656,98.62999725341797,99.11000061035156,97.26000213623047,97.37999725341797,26650700,MSFT
2018-06-29,91.10934448242188,98.61000061035156,99.91000366210938,98.33000183105469,98.93000030517578,28053200,MSFT
2018-07-02,92.40286254882812,100.01000213623047,100.05999755859375,98.0,98.0999984741211,19564500,MSFT
2018-07-03,91.51588439941406,99.05000305175781,100.62999725341797,98.94000244140625,100.4800033569336,14670300,MSFT
2018-07-05,92.171875,99.76000213623047,99.91999816894531,99.02999877929688,99.5,18977400,MSFT
2018-07-06,93.46540069580078,101.16000366210938,101.43000030517578,99.66999816894531,99.88999938964844,19234600,MSFT
2018-07-09,94.10291290283203,101.8499984741211,102.25,101.25,101.6500015258789,18212000,MSFT
2018-07-10,94.35233306884766,102.12000274658203,102.51000213623047,101.86000061035156,102.0,19293100,MSFT
2018-07-11,94.22303009033203,101.9800033569336,102.33999633789062,101.0999984741211,101.1500015258789,19644600,MSFT
2018-07-12,96.26490783691406,104.19000244140625,104.41000366210938,102.7300033569336,102.7699966430664,24335900,MSFT
2018-07-13,97.41058349609375,105.43000030517578,105.5999984741211,104.08999633789062,104.37000274658203,24635200,MSFT
2018-07-16,96.93014526367188,104.91000366210938,105.81999969482422,104.5199966430664,105.4000015258789,21786900,MSFT
2018-07-17,97.89104461669922,105.94999694824219,106.5,104.31999969482422,104.61000061035156,25901700,MSFT
2018-07-18,97.1241683959961,105.12000274658203,106.05000305175781,104.72000122070312,105.94000244140625,29493900,MSFT
2018-07-19,96.45894622802734,104.4000015258789,105.30999755859375,103.88999938964844,104.93000030517578,40171600,MSFT
2018-07-20,98.18671417236328,106.2699966430664,108.19999694824219,106.08000183105469,108.08000183105469,56004000,MSFT
2018-07-23,99.75737762451172,107.97000122070312,108.13999938964844,106.12999725341797,106.30000305175781,29707000,MSFT
2018-07-24,99.47096252441406,107.66000366210938,108.81999969482422,107.26000213623047,108.56999969482422,26316600,MSFT
2018-07-25,102.39985656738281,110.83000183105469,111.1500015258789,107.5999984741211,107.95999908447266,30702100,MSFT
2018-07-26,101.28189086914062,109.62000274658203,111.0,109.5,110.73999786376953,31372100,MSFT
2018-07-27,99.48944854736328,107.68000030517578,110.18000030517578,106.13999938964844,110.18000030517578,37005300,MSFT
2018-07-30,97.35516357421875,105.37000274658203,107.52999877929688,104.76000213623047,107.19000244140625,34668300,MSFT
2018-07-31,98.01116180419922,106.08000183105469,106.72000122070312,105.37999725341797,106.48999786376953,27655200,MSFT
2018-08-01,98.19593811035156,106.27999877929688,106.44999694824219,105.41999816894531,106.02999877929688,23628700,MSFT
2018-08-02,99.38780975341797,107.56999969482422,108.08999633789062,104.83999633789062,105.4000015258789,26104300,MSFT
2018-08-03,99.82205200195312,108.04000091552734,108.05000305175781,106.81999969482422,107.80000305175781,18659600,MSFT
2018-08-06,99.90522003173828,108.12999725341797,108.41999816894531,107.55999755859375,108.12000274658203,20265900,MSFT
2018-08-07,100.59815979003906,108.87999725341797,109.0999984741211,108.16999816894531,108.55999755859375,16080200,MSFT
2018-08-08,101.16175079345703,109.48999786376953,109.75,108.76000213623047,109.33000183105469,15487500,MSFT
2018-08-09,101.32809448242188,109.66999816894531,110.16000366210938,109.5999984741211,109.70999908447266,13677200,MSFT
2018-08-10,100.70905303955078,109.0,109.69000244140625,108.37999725341797,109.41999816894531,18183700,MSFT
2018-08-13,99.97911071777344,108.20999908447266,109.58000183105469,108.0999984741211,109.23999786376953,18472500,MSFT
2018-08-14,101.2264404296875,109.55999755859375,109.75,108.04000091552734,108.55999755859375,16788300,MSFT
2018-08-15,99.853759765625,107.66000366210938,108.98999786376953,106.81999969482422,108.48999786376953,29982800,MSFT
2018-08-16,99.83519744873047,107.63999938964844,108.86000061035156,107.30000305175781,108.30000305175781,21384300,MSFT
2018-08-17,99.77955627441406,107.58000183105469,107.9000015258789,106.69000244140625,107.36000061035156,18061500,MSFT
2018-08-20,99.12104034423828,106.87000274658203,107.9000015258789,106.4800033569336,107.51000213623047,17914200,MSFT
2018-08-21,98.29558563232422,105.9800033569336,107.3499984741211,105.8499984741211,106.91999816894531,22881900,MSFT
2018-08-22,99.2972412109375,107.05999755859375,107.33999633789062,105.77999877929688,105.8499984741211,18000600,MSFT
2018-08-23,99.7610092163086,107.55999755859375,108.18000030517578,106.87000274658203,107.1500015258789,18167700,MSFT
2018-08-24,100.54011535644531,108.4000015258789,108.55999755859375,107.55999755859375,107.66999816894531,17234000,MSFT
2018-08-27,101.65308380126953,109.5999984741211,109.63999938964844,108.51000213623047,109.2699966430664,19662300,MSFT
2018-08-28,102.2652587890625,110.26000213623047,110.5,109.79000091552734,109.94000244140625,19151500,MSFT
2018-08-29,103.89761352539062,112.0199966430664,112.02999877929688,110.2699966430664,110.44999694824219,20818000,MSFT
2018-08-30,103.83268737792969,111.94999694824219,112.61000061035156,111.44000244140625,111.66999816894531,22798700,MSFT
2018-08-31,104.18515014648438,112.33000183105469,112.77999877929688,111.5199966430664,111.69000244140625,23222700,MSFT
2018-09-04,103.61009979248047,111.70999908447266,111.95999908447266,110.22000122070312,110.8499984741211,22634600,MSFT
2018-09-05,100.62357330322266,108.48999786376953,111.41999816894531,108.0999984741211,111.01000213623047,32872400,MSFT
2018-09-06,100.8554458618164,108.73999786376953,108.98999786376953,107.51000213623047,108.25,23477600,MSFT
2018-09-07,100.36387634277344,108.20999908447266,108.72000122070312,107.2300033569336,108.2300033569336,22498600,MSFT
2018-09-10,101.44905853271484,109.37999725341797,109.63999938964844,108.36000061035156,108.83999633789062,20727900,MSFT
2018-09-11,103.17418670654297,111.23999786376953,111.58999633789062,108.88999938964844,108.9000015258789,24301800,MSFT
2018-09-12,103.61009979248047,111.70999908447266,111.8499984741211,110.51000213623047,111.43000030517578,18891100,MSFT
2018-09-13,104.72310638427734,112.91000366210938,113.7300033569336,112.12000274658203,112.12000274658203,26055600,MSFT
2018-09-14,105.14974975585938,113.37000274658203,113.7300033569336,112.44000244140625,113.36000061035156,19122300,MSFT
2018-09-17,104.00891876220703,112.13999938964844,113.69999694824219,111.86000061035156,113.69000244140625,20736500,MSFT
2018-09-18,105.0013427734375,113.20999908447266,113.69999694824219,111.72000122070312,112.19000244140625,22170900,MSFT
2018-09-19,103.60082244873047,111.69999694824219,113.31999969482422,111.04000091552734,113.05000305175781,21728400,MSFT
2018-09-20,105.33523559570312,113.56999969482422,113.80000305175781,111.93000030517578,112.27999877929688,23714500,MSFT
2018-09-21,105.9752197265625,114.26000213623047,115.29000091552734,113.51000213623047,114.0,71229700,MSFT
2018-09-24,106.3554916381836,114.66999816894531,114.9000015258789,112.22000122070312,113.02999877929688,27334500,MSFT
2018-09-25,106.15142822265625,114.44999694824219,115.0999984741211,113.75,114.80000305175781,22668000,MSFT
2018-09-26,105.71553802490234,113.9800033569336,115.05999755859375,113.73999786376953,114.47000122070312,19352000,MSFT
2018-09-27,106.11433410644531,114.41000366210938,114.91000366210938,114.19999694824219,114.77999877929688,19091300,MSFT
2018-09-28,106.0772476196289,114.37000274658203,114.56999969482422,113.68000030517578,114.19000244140625,21647800,MSFT
2018-10-01,107.2273178100586,115.61000061035156,115.68000030517578,114.7300033569336,114.75,18883100,MSFT
2018-10-02,106.80068969726562,115.1500015258789,115.83999633789062,114.44000244140625,115.30000305175781,20787200,MSFT
2018-10-03,106.81922149658203,115.16999816894531,116.18000030517578,114.93000030517578,115.41999816894531,16648000,MSFT
2018-10-04,104.61181640625,112.79000091552734,114.76000213623047,111.62999725341797,114.61000061035156,34821700,MSFT
2018-10-05,103.99966430664062,112.12999725341797,113.16999816894531,110.63999938964844,112.62999725341797,29068900,MSFT
2018-10-08,102.81245422363281,110.8499984741211,112.02999877929688,109.33999633789062,111.66000366210938,29640600,MSFT
2018-10-09,104.1202392578125,112.26000213623047,113.08000183105469,110.80000305175781,111.13999938964844,26198600,MSFT
2018-10-10,98.46253204345703,106.16000366210938,111.5,105.79000091552734,111.23999786376953,61376300,MSFT
2018-10-11,98.23065948486328,105.91000366210938,108.93000030517578,104.19999694824219,105.3499984741211,63904300,MSFT
2018-10-12,101.62527465820312,109.56999969482422,111.23999786376953,107.12000274658203,109.01000213623047,47742100,MSFT
2018-10-15,99.7981185913086,107.5999984741211,109.4800033569336,106.94999694824219,108.91000366210938,32068100,MSFT
2018-10-16,102.95156860351562,111.0,111.41000366210938,108.94999694824219,109.54000091552734,31610200,MSFT
2018-10-17,102.68260955810547,110.70999908447266,111.80999755859375,109.55000305175781,111.68000030517578,26548200,MSFT
2018-10-18,100.63285827636719,108.5,110.52999877929688,107.83000183105469,110.0999984741211,32506200,MSFT
2018-10-19,100.78125,108.66000366210938,110.86000061035156,108.20999908447266,108.93000030517578,32785500,MSFT
2018-10-22,101.68092346191406,109.62999725341797,110.54000091552734,108.23999786376953,109.31999969482422,26545600,MSFT
2018-10-23,100.26185607910156,108.0999984741211,108.97000122070312,105.11000061035156,107.7699966430664,43770400,MSFT
2018-10-24,94.90096282958984,102.31999969482422,108.48999786376953,101.58999633789062,108.41000366210938,63897800,MSFT
2018-10-25,100.44734191894531,108.30000305175781,109.2699966430664,106.1500015258789,106.55000305175781,61646800,MSFT
2018-10-26,99.20451354980469,106.95999908447266,108.75,104.76000213623047,105.69000244140625,55523100,MSFT
2018-10-29,96.3200454711914,103.8499984741211,108.69999694824219,101.62999725341797,108.11000061035156,55162000,MSFT
2018-10-30,96.20870208740234,103.7300033569336,104.37999725341797,100.11000061035156,103.66000366210938,65350900,MSFT
2018-10-31,99.06539154052734,106.80999755859375,108.13999938964844,105.38999938964844,105.44000244140625,51062400,MSFT
2018-11-01,98.23991394042969,105.91999816894531,107.31999969482422,105.52999877929688,107.05000305175781,33384200,MSFT
2018-11-02,98.46253204345703,106.16000366210938,107.31999969482422,104.9800033569336,106.4800033569336,37680200,MSFT
2018-11-05,99.71463012695312,107.51000213623047,107.73999786376953,105.9000015258789,106.37000274658203,27922100,MSFT
2018-11-06,99.909423828125,107.72000122070312,108.83999633789062,106.27999877929688,107.37999725341797,24340200,MSFT
2018-11-07,103.84197998046875,111.95999908447266,112.23999786376953,109.4000015258789,109.44000244140625,37901700,MSFT
2018-11-08,103.64720916748047,111.75,112.20999908447266,110.91000366210938,111.80000305175781,25644100,MSFT
2018-11-09,101.62527465820312,109.56999969482422,111.44999694824219,108.76000213623047,110.8499984741211,32039200,MSFT
2018-11-12,99.12104034423828,106.87000274658203,109.95999908447266,106.0999984741211,109.41999816894531,33621800,MSFT
2018-11-13,99.18598937988281,106.94000244140625,108.73999786376953,106.63999938964844,107.55000305175781,35374600,MSFT
2018-11-14,97.77941131591797,104.97000122070312,108.26000213623047,104.47000122070312,108.0999984741211,39495100,MSFT
2018-11-15,99.93115234375,107.27999877929688,107.80000305175781,103.91000366210938,104.98999786376953,38505200,MSFT
2018-11-16,100.87198638916016,108.29000091552734,108.87999725341797,106.80000305175781,107.08000183105469,33502100,MSFT
2018-11-19,97.45338439941406,104.62000274658203,108.55999755859375,103.55000305175781,108.2699966430664,44773900,MSFT
2018-11-20,94.74273681640625,101.70999908447266,102.97000122070312,99.3499984741211,101.80000305175781,64052500,MSFT
2018-11-21,96.04679107666016,103.11000061035156,104.43000030517578,102.23999786376953,103.5999984741211,28130600,MSFT
2018-11-23,96.00956726074219,103.06999969482422,103.80999755859375,102.0,102.16999816894531,13823100,MSFT
2018-11-26,99.1766586303711,106.47000122070312,106.62999725341797,104.58000183105469,104.79000091552734,32336200,MSFT
2018-11-27,99.80077362060547,107.13999938964844,107.33000183105469,105.36000061035156,106.2699966430664,29124500,MSFT
2018-11-28,103.50814819335938,111.12000274658203,111.33000183105469,107.86000061035156,107.88999938964844,46788500,MSFT
2018-11-29,102.64183044433594,110.19000244140625,111.12000274658203,109.02999877929688,110.33000183105469,28123200,MSFT
2018-11-30,103.29387664794922,110.88999938964844,110.97000122070312,109.36000061035156,110.69999694824219,33665600,MSFT
2018-12-03,104.41165924072266,112.08999633789062,113.41999816894531,110.7300033569336,113.0,34732800,MSFT
2018-12-04,101.08621215820312,108.5199966430664,112.63999938964844,108.20999908447266,111.94000244140625,45197000,MSFT
2018-12-06,101.71034240722656,109.19000244140625,109.23999786376953,105.0,105.81999969482422,49107400,MSFT
2018-12-07,97.63969421386719,104.81999969482422,109.44999694824219,104.30000305175781,108.37999725341797,45044900,MSFT
2018-12-10,100.21994018554688,107.58999633789062,107.9800033569336,103.88999938964844,104.80000305175781,40801500,MSFT
2018-12-11,101.15141296386719,108.58999633789062,110.94999694824219,107.44000244140625,109.80000305175781,42381900,MSFT
2018-12-12,101.60790252685547,109.08000183105469,111.2699966430664,109.04000091552734,110.88999938964844,36183000,MSFT
2018-12-13,101.95252227783203,109.44999694824219,110.87000274658203,108.62999725341797,109.58000183105469,31333400,MSFT
2018-12-14,98.76679229736328,106.02999877929688,109.26000213623047,105.5,108.25,47043100,MSFT
2018-12-17,95.8418960571289,102.88999938964844,105.80000305175781,101.70999908447266,105.41000366210938,56957300,MSFT
2018-12-18,96.847900390625,103.97000122070312,104.51000213623047,102.5199966430664,103.75,49319200,MSFT
2018-12-19,96.58707427978516,103.69000244140625,106.87999725341797,101.3499984741211,103.6500015258789,68198200,MSFT
2018-12-20,94.5564193725586,101.51000213623047,104.30999755859375,98.77999877929688,103.05000305175781,70334200,MSFT
2018-12-21,91.50112915039062,98.2300033569336,103.0,97.45999908447266,101.62999725341797,111242100,MSFT
2018-12-24,87.68197631835938,94.12999725341797,97.97000122070312,93.9800033569336,97.68000030517578,43935200,MSFT
2018-12-26,93.67149353027344,100.55999755859375,100.69000244140625,93.95999908447266,95.13999938964844,51634800,MSFT
2018-12-27,94.24903106689453,101.18000030517578,101.19000244140625,96.4000015258789,99.30000305175781,49498500,MSFT
2018-12-28,93.5131607055664,100.38999938964844,102.41000366210938,99.5199966430664,102.08999633789062,38196300,MSFT
2018-12-31,94.61229705810547,101.56999969482422,102.4000015258789,100.44000244140625,101.29000091552734,33173800,MSFT
2019-01-02,94.19313049316406,101.12000274658203,101.75,98.94000244140625,99.55000305175781,35329300,MSFT
2019-01-03,90.72798156738281,97.4000015258789,100.19000244140625,97.19999694824219,100.0999984741211,42579100,MSFT
2019-01-04,94.94764709472656,101.93000030517578,102.51000213623047,98.93000030517578,99.72000122070312,44060600,MSFT
2019-01-07,95.06876373291016,102.05999755859375,103.2699966430664,100.9800033569336,101.63999938964844,35656100,MSFT
2019-01-08,95.75804901123047,102.80000305175781,103.97000122070312,101.70999908447266,103.04000091552734,31514400,MSFT
2019-01-09,97.12736511230469,104.2699966430664,104.87999725341797,103.23999786376953,103.86000061035156,32280800,MSFT
2019-01-10,96.50325012207031,103.5999984741211,103.75,102.37999725341797,103.22000122070312,30067600,MSFT
2019-01-11,95.75804901123047,102.80000305175781,103.44000244140625,101.63999938964844,103.19000244140625,28314200,MSFT
2019-01-14,95.05943298339844,102.05000305175781,102.87000274658203,101.26000213623047,101.9000015258789,28437100,MSFT
2019-01-15,97.81663513183594,105.01000213623047,105.05000305175781,101.87999725341797,102.51000213623047,31587600,MSFT
2019-01-16,98.16133117675781,105.37999725341797,106.26000213623047,104.95999908447266,105.26000213623047,29853900,MSFT
2019-01-17,98.85063171386719,106.12000274658203,106.62999725341797,104.76000213623047,105.0,28393000,MSFT
2019-01-18,100.33170318603516,107.70999908447266,107.9000015258789,105.91000366210938,107.45999908447266,37427600,MSFT
2019-01-22,98.44076538085938,105.68000030517578,107.0999984741211,104.86000061035156,106.75,32371300,MSFT
2019-01-23,99.40021514892578,106.70999908447266,107.04000091552734,105.33999633789062,106.12000274658203,25874300,MSFT
2019-01-24,98.9251480102539,106.19999694824219,107.0,105.33999633789062,106.86000061035156,23164800,MSFT
2019-01-25,99.82870483398438,107.16999816894531,107.87999725341797,106.19999694824219,107.23999786376953,31225600,MSFT
2019-01-28,97.88185119628906,105.08000183105469,106.4800033569336,104.66000366210938,106.26000213623047,29476700,MSFT
2019-01-29,95.88847351074219,102.94000244140625,104.97000122070312,102.16999816894531,104.87999725341797,31490500,MSFT
2019-01-30,99.09281921386719,106.37999725341797,106.37999725341797,104.33000183105469,104.62000274658203,49471900,MSFT
2019-01-31,97.27638244628906,104.43000030517578,105.22000122070312,103.18000030517578,103.80000305175781,55636400,MSFT
2019-02-01,95.7394027709961,102.77999877929688,104.0999984741211,102.3499984741211,103.77999877929688,35535700,MSFT
2019-02-04,98.49666595458984,105.73999786376953,105.80000305175781,102.7699966430664,102.87000274658203,31315100,MSFT
2019-02-05,99.87527465820312,107.22000122070312,107.2699966430664,105.95999908447266,106.05999755859375,27325400,MSFT
2019-02-06,98.76679229736328,106.02999877929688,107.0,105.52999877929688,107.0,20609800,MSFT
2019-02-07,98.05887603759766,105.2699966430664,105.58999633789062,104.29000091552734,105.19000244140625,29760700,MSFT
2019-02-08,98.43145751953125,105.66999816894531,105.77999877929688,104.26000213623047,104.38999938964844,21461100,MSFT
2019-02-11,98.04022216796875,105.25,106.58000183105469,104.97000122070312,106.19999694824219,18914100,MSFT
2019-02-12,99.56788635253906,106.88999938964844,107.13999938964844,105.4800033569336,106.13999938964844,25056600,MSFT
2019-02-13,99.49337768554688,106.80999755859375,107.77999877929688,106.70999908447266,107.5,18394900,MSFT
2019-02-14,99.57720947265625,106.9000015258789,107.29000091552734,105.66000366210938,106.30999755859375,21784700,MSFT
2019-02-15,100.80677795410156,108.22000122070312,108.30000305175781,107.36000061035156,107.91000366210938,26606900,MSFT
2019-02-19,100.76022338867188,108.16999816894531,108.66000366210938,107.77999877929688,107.79000091552734,18038500,MSFT
2019-02-20,100.236328125,107.1500015258789,107.94000244140625,106.29000091552734,107.86000061035156,21607700,MSFT
2019-02-21,102.35051727294922,109.41000366210938,109.4800033569336,106.87000274658203,106.9000015258789,29063200,MSFT
2019-02-22,103.80986022949219,110.97000122070312,111.19999694824219,109.81999969482422,110.05000305175781,27763200,MSFT
2019-02-25,104.38983154296875,111.58999633789062,112.18000030517578,111.26000213623047,111.76000213623047,23750600,MSFT
2019-02-26,105.11014556884766,112.36000061035156,113.23999786376953,111.16999816894531,111.26000213623047,21536700,MSFT
2019-02-27,104.93242645263672,112.16999816894531,112.36000061035156,110.87999725341797,111.69000244140625,21487100,MSFT
2019-02-28,104.80147552490234,112.02999877929688,112.87999725341797,111.7300033569336,112.04000091552734,29083900,MSFT
2019-03-01,105.26921081542969,112.52999877929688,113.0199966430664,111.66999816894531,112.88999938964844,23501200,MSFT
2019-03-04,105.01661682128906,112.26000213623047,113.25,110.80000305175781,113.0199966430664,26608000,MSFT
2019-03-05,104.49276733398438,111.69999694824219,112.38999938964844,111.2300033569336,112.25,19538300,MSFT
2019-03-06,104.53949737548828,111.75,112.66000366210938,111.43000030517578,111.87000274658203,17687000,MSFT
2019-03-07,103.26727294921875,110.38999938964844,111.55000305175781,109.87000274658203,111.4000015258789,25339000,MSFT
2019-03-08,103.37953186035156,110.51000213623047,110.70999908447266,108.80000305175781,109.16000366210938,22818400,MSFT
2019-03-11,105.54983520507812,112.83000183105469,112.94999694824219,110.9800033569336,110.98999786376953,26491600,MSFT
2019-03-12,106.28887176513672,113.62000274658203,113.98999786376953,112.6500015258789,112.81999969482422,26132700,MSFT
2019-03-13,107.11209869384766,114.5,115.0,113.77999877929688,114.12999725341797,35513800,MSFT
2019-03-14,107.1962661743164,114.58999633789062,115.19999694824219,114.33000183105469,114.54000091552734,30763400,MSFT
2019-03-15,108.43110656738281,115.91000366210938,117.25,114.58999633789062,115.33999633789062,54681100,MSFT
2019-03-18,109.9840316772461,117.56999969482422,117.61000061035156,116.05000305175781,116.16999816894531,31207600,MSFT
2019-03-19,110.058837890625,117.6500015258789,118.44000244140625,116.98999786376953,118.08999633789062,37588700,MSFT
2019-03-20,109.93722534179688,117.5199966430664,118.75,116.70999908447266,117.38999938964844,28113300,MSFT
2019-03-21,112.4630355834961,120.22000122070312,120.81999969482422,117.08999633789062,117.13999938964844,29854400,MSFT
2019-03-22,109.49757385253906,117.05000305175781,119.58999633789062,117.04000091552734,119.5,33624500,MSFT
2019-03-25,110.06819152832031,117.66000366210938,118.01000213623047,116.31999969482422,116.55999755859375,27067100,MSFT
2019-03-26,110.30207061767578,117.91000366210938,118.70999908447266,116.8499984741211,118.62000274658203,26097700,MSFT
2019-03-27,109.23560333251953,116.7699966430664,118.20999908447266,115.5199966430664,117.87999725341797,22733400,MSFT
2019-03-28,109.38529205322266,116.93000030517578,117.58000183105469,116.12999725341797,117.44000244140625,18334800,MSFT
2019-03-29,110.33013153076172,117.94000244140625,118.31999969482422,116.95999908447266,118.06999969482422,25399800,MSFT
2019-04-01,111.34041595458984,119.0199966430664,119.11000061035156,118.0999984741211,118.94999694824219,22789100,MSFT
2019-04-02,111.49946594238281,119.19000244140625,119.4800033569336,118.5199966430664,119.05999755859375,18142300,MSFT
2019-04-03,112.22915649414062,119.97000122070312,120.43000030517578,119.1500015258789,119.86000061035156,22860700,MSFT
2019-04-04,111.65850067138672,119.36000061035156,120.2300033569336,118.37999725341797,120.0999984741211,20112800,MSFT
2019-04-05,112.15428924560547,119.88999938964844,120.2300033569336,119.37000274658203,119.38999938964844,15826200,MSFT
2019-04-08,112.19171142578125,119.93000030517578,120.0199966430664,118.63999938964844,119.80999755859375,15116200,MSFT
2019-04-09,111.58366394042969,119.27999877929688,119.54000091552734,118.58000183105469,118.62999725341797,17612000,MSFT
2019-04-10,112.4349365234375,120.19000244140625,120.3499984741211,119.54000091552734,119.76000213623047,16477200,MSFT
2019-04-11,112.5659408569336,120.33000183105469,120.8499984741211,119.91999816894531,120.54000091552734,14209100,MSFT
2019-04-12,113.14592742919922,120.94999694824219,120.9800033569336,120.37000274658203,120.63999938964844,19745100,MSFT
2019-04-15,113.23946380615234,121.05000305175781,121.58000183105469,120.56999969482422,120.94000244140625,15792600,MSFT
2019-04-16,112.9775161743164,120.7699966430664,121.6500015258789,120.0999984741211,121.63999938964844,14071800,MSFT
2019-04-17,113.91303253173828,121.7699966430664,121.8499984741211,120.54000091552734,121.23999786376953,19300900,MSFT
2019-04-18,115.40977478027344,123.37000274658203,123.5199966430664,121.30000305175781,122.19000244140625,27991000,MSFT
2019-04-22,115.77460479736328,123.76000213623047,124.0,122.56999969482422,122.62000274658203,15648700,MSFT
2019-04-23,117.3462142944336,125.44000244140625,125.58000183105469,123.83000183105469,124.0999984741211,24025500,MSFT
2019-04-24,116.9439468383789,125.01000213623047,125.8499984741211,124.5199966430664,125.79000091552734,31257000,MSFT
2019-04-25,120.81683349609375,129.14999389648438,131.3699951171875,128.8300018310547,130.05999755859375,38033900,MSFT
2019-04-26,121.50908660888672,129.88999938964844,130.52000427246094,129.02000427246094,129.6999969482422,23654900,MSFT
2019-04-29,121.3968276977539,129.77000427246094,130.17999267578125,129.35000610351562,129.89999389648438,16324200,MSFT
2019-04-30,122.1732406616211,130.60000610351562,130.6999969482422,129.38999938964844,129.80999755859375,24166500,MSFT
2019-05-01,119.62877655029297,127.87999725341797,130.64999389648438,127.69999694824219,130.52999877929688,26821700,MSFT
2019-05-02,118.06652069091797,126.20999908447266,128.0,125.5199966430664,127.9800033569336,27350200,MSFT
2019-05-03,120.58296203613281,128.89999389648438,129.42999267578125,127.25,127.36000061035156,24911100,MSFT
2019-05-06,119.88134002685547,128.14999389648438,128.55999755859375,126.11000061035156,126.38999938964844,24239800,MSFT
2019-05-07,117.42105865478516,125.5199966430664,127.18000030517578,124.22000122070312,126.45999908447266,36017700,MSFT
2019-05-08,117.41168975830078,125.51000213623047,126.37000274658203,124.75,125.44000244140625,28419000,MSFT
2019-05-09,117.40232849121094,125.5,125.79000091552734,123.56999969482422,124.29000091552734,27235800,MSFT
2019-05-10,118.9271469116211,127.12999725341797,127.93000030517578,123.81999969482422,124.91000366210938,30915100,MSFT
2019-05-13,115.39103698730469,123.3499984741211,125.55000305175781,123.04000091552734,124.11000061035156,33944900,MSFT
2019-05-14,116.68201446533203,124.7300033569336,125.87999725341797,123.69999694824219,123.87000274658203,25266300,MSFT
2019-05-15,118.32514953613281,126.0199966430664,126.70999908447266,123.69999694824219,124.26000213623047,24722700,MSFT
2019-05-16,121.05747985839844,128.92999267578125,129.3800048828125,126.45999908447266,126.75,30112200,MSFT
2019-05-17,120.24999237060547,128.07000732421875,130.4600067138672,127.91999816894531,128.30999755859375,25770500,MSFT
2019-05-20,118.51295471191406,126.22000122070312,127.58999633789062,125.76000213623047,126.5199966430664,23706900,MSFT
2019-05-21,119.15144348144531,126.9000015258789,127.52999877929688,126.58000183105469,127.43000030517578,15293300,MSFT
2019-05-22,119.87440490722656,127.66999816894531,128.24000549316406,126.5199966430664,126.62000274658203,15396500,MSFT
2019-05-23,118.47539520263672,126.18000030517578,126.29000091552734,124.73999786376953,126.19999694824219,23603800,MSFT
2019-05-24,118.53173065185547,126.23999786376953,127.41999816894531,125.97000122070312,126.91000366210938,14123400,MSFT
2019-05-28,118.45661163330078,126.16000366210938,128.0,126.05000305175781,126.9800033569336,23128400,MSFT
2019-05-29,117.31111907958984,124.94000244140625,125.38999938964844,124.04000091552734,125.37999725341797,22763100,MSFT
2019-05-30,118.05288696289062,125.7300033569336,125.76000213623047,124.77999877929688,125.26000213623047,16829600,MSFT
2019-05-31,116.12803649902344,123.68000030517578,124.62000274658203,123.31999969482422,124.2300033569336,26646800,MSFT
2019-06-03,112.52250671386719,119.83999633789062,124.37000274658203,119.01000213623047,123.8499984741211,37983600,MSFT
2019-06-04,115.63977813720703,123.16000366210938,123.27999877929688,120.6500015258789,121.27999877929688,29382600,MSFT
2019-06-05,118.14676666259766,125.83000183105469,125.87000274658203,124.20999908447266,124.94999694824219,24926100,MSFT
2019-06-06,120.01525115966797,127.81999969482422,127.97000122070312,125.5999984741211,126.44000244140625,21459000,MSFT
2019-06-07,123.37667846679688,131.39999389648438,132.25,128.25999450683594,129.19000244140625,33885600,MSFT
2019-06-10,124.50338745117188,132.60000610351562,134.0800018310547,132.0,132.39999389648438,26477100,MSFT
2019-06-11,124.03392028808594,132.10000610351562,134.24000549316406,131.27999877929688,133.8800048828125,23913700,MSFT
2019-06-12,123.4611587524414,131.49000549316406,131.97000122070312,130.7100067138672,131.39999389648438,17092500,MSFT
2019-06-13,124.24049377441406,132.32000732421875,133.0,131.55999755859375,131.97999572753906,17200800,MSFT
2019-06-14,124.36253356933594,132.4499969482422,133.7899932861328,131.63999938964844,132.25999450683594,17821700,MSFT
2019-06-17,124.73811340332031,132.85000610351562,133.72999572753906,132.52999877929688,132.6300048828125,14517800,MSFT
2019-06-18,126.90707397460938,135.16000366210938,135.24000549316406,133.57000732421875,134.19000244140625,25934500,MSFT
2019-06-19,127.40472412109375,135.69000244140625,135.92999267578125,133.80999755859375,135.0,23744400,MSFT
2019-06-20,128.58778381347656,136.9499969482422,137.66000366210938,135.72000122070312,137.4499969482422,33042600,MSFT
2019-06-21,128.6065673828125,136.97000122070312,137.72999572753906,136.4600067138672,136.5800018310547,36727900,MSFT
2019-06-24,129.36705017089844,137.77999877929688,138.39999389648438,137.0,137.0,20628800,MSFT
2019-06-25,125.2826919555664,133.42999267578125,137.58999633789062,132.72999572753906,137.25,33327400,MSFT
2019-06-26,125.75215148925781,133.92999267578125,135.74000549316406,133.60000610351562,134.35000610351562,23657700,MSFT
2019-06-27,125.958740234375,134.14999389648438,134.7100067138672,133.50999450683594,134.13999938964844,16557500,MSFT
2019-06-28,125.78034973144531,133.9600067138672,134.60000610351562,133.16000366210938,134.57000732421875,30043000,MSFT
2019-07-01,127.39530944824219,135.67999267578125,136.6999969482422,134.97000122070312,136.6300048828125,22613500,MSFT
2019-07-02,128.24032592773438,136.5800018310547,136.58999633789062,135.33999633789062,136.1199951171875,15237800,MSFT
2019-07-03,129.06661987304688,137.4600067138672,137.74000549316406,136.2899932861328,136.8000030517578,13629300,MSFT
2019-07-05,128.69102478027344,137.05999755859375,137.3300018310547,135.72000122070312,135.94000244140625,18141100,MSFT
2019-07-08,128.5971221923828,136.9600067138672,137.10000610351562,135.3699951171875,136.39999389648438,16779700,MSFT
2019-07-09,128.12770080566406,136.4600067138672,136.97000122070312,135.8000030517578,136.0,19953100,MSFT
2019-07-10,129.4328155517578,137.85000610351562,138.5800018310547,137.02000427246094,137.1300048828125,24204400,MSFT
2019-07-11,129.94921875,138.39999389648438,139.22000122070312,137.8699951171875,138.1999969482422,22327900,MSFT
2019-07-12,130.418701171875,138.89999389648438,139.1300048828125,138.00999450683594,138.85000610351562,18936800,MSFT
2019-07-15,130.418701171875,138.89999389648438,139.5399932861328,138.4600067138672,139.44000244140625,16651500,MSFT
2019-07-16,128.70982360839844,137.0800018310547,139.0500030517578,136.52000427246094,138.9600067138672,22726100,MSFT
2019-07-17,127.94933319091797,136.27000427246094,137.92999267578125,136.22000122070312,137.6999969482422,20211000,MSFT
2019-07-18,128.0901336669922,136.4199981689453,136.6199951171875,134.6699981689453,135.5500030517578,30381800,MSFT
2019-07-19,128.27789306640625,136.6199951171875,140.6699981689453,136.4499969482422,140.22000122070312,48992400,MSFT
2019-07-22,129.97738647460938,138.42999267578125,139.19000244140625,137.3300018310547,137.41000366210938,25074900,MSFT
2019-07-23,130.78485107421875,139.2899932861328,139.99000549316406,138.02999877929688,139.75999450683594,18034600,MSFT
2019-07-24,132.1276092529297,140.72000122070312,140.74000549316406,138.85000610351562,138.89999389648438,20738300,MSFT
2019-07-25,131.62994384765625,140.19000244140625,140.61000061035156,139.32000732421875,140.42999267578125,18356900,MSFT
2019-07-26,132.70968627929688,141.33999633789062,141.67999267578125,140.3000030517578,140.3699951171875,19037600,MSFT
2019-07-29,132.41867065429688,141.02999877929688,141.50999450683594,139.3699951171875,141.5,16605900,MSFT
2019-07-30,131.78013610839844,140.35000610351562,141.22000122070312,139.8000030517578,140.13999938964844,16846500,MSFT
2019-07-31,127.94933319091797,136.27000427246094,140.49000549316406,135.0800018310547,140.3300018310547,38598800,MSFT
2019-08-01,129.63002014160156,138.05999755859375,140.94000244140625,136.92999267578125,137.0,40557500,MSFT
2019-08-02,128.54083251953125,136.89999389648438,138.32000732421875,135.25999450683594,138.08999633789062,30791600,MSFT
2019-08-05,124.1371841430664,132.2100067138672,133.92999267578125,130.77999877929688,133.3000030517578,42749600,MSFT
2019-08-06,126.46580505371094,134.69000244140625,135.67999267578125,133.2100067138672,133.8000030517578,32696700,MSFT
2019-08-07,127.01970672607422,135.27999877929688,135.64999389648438,131.8300018310547,133.7899932861328,33414500,MSFT
2019-08-08,130.40931701660156,138.88999938964844,138.99000549316406,135.92999267578125,136.60000610351562,27496500,MSFT
2019-08-09,129.30133056640625,137.7100067138672,139.3800048828125,136.4600067138672,138.61000061035156,23466700,MSFT
2019-08-12,127.49860382080078,135.7899932861328,137.86000061035156,135.24000549316406,137.07000732421875,20484300,MSFT
2019-08-13,130.13699340820312,138.60000610351562,138.8000030517578,135.0,136.0500030517578,25154600,MSFT
2019-08-14,126.2179946899414,133.97999572753906,136.9199981689453,133.6699981689453,136.36000061035156,32527300,MSFT
2019-08-15,125.93538665771484,133.67999267578125,134.5800018310547,132.25,134.38999938964844,28074400,MSFT
2019-08-16,128.24349975585938,136.1300048828125,136.4600067138672,134.72000122070312,134.8800048828125,24449100,MSFT
2019-08-19,130.391357421875,138.41000366210938,138.5500030517578,136.88999938964844,137.85000610351562,24355700,MSFT
2019-08-20,129.30799865722656,137.25999450683594,138.7100067138672,137.24000549316406,138.2100067138672,21170800,MSFT
2019-08-21,130.74935913085938,138.7899932861328,139.49000549316406,138.0,138.5500030517578,14970300,MSFT
2019-08-22,129.79783630371094,137.77999877929688,139.1999969482422,136.2899932861328,138.66000366210938,18697000,MSFT
2019-08-23,125.66219329833984,133.38999938964844,138.35000610351562,132.8000030517578,137.19000244140625,38508600,MSFT
2019-08-26,127.60286712646484,135.4499969482422,135.55999755859375,133.89999389648438,134.99000549316406,20312600,MSFT
2019-08-27,127.87602233886719,135.74000549316406,136.72000122070312,134.66000366210938,136.38999938964844,23102100,MSFT
2019-08-28,127.70648956298828,135.55999755859375,135.75999450683594,133.5500030517578,134.8800048828125,17393300,MSFT
2019-08-29,130.11819458007812,138.1199951171875,138.44000244140625,136.91000366210938,137.25,20168700,MSFT
2019-08-30,129.87326049804688,137.86000061035156,139.17999267578125,136.27000427246094,139.14999389648438,23940100,MSFT
2019-09-03,128.15867614746094,136.0399932861328,137.1999969482422,135.6999969482422,136.61000061035156,18869300,MSFT
2019-09-04,129.6565704345703,137.6300048828125,137.69000244140625,136.47999572753906,137.3000030517578,17995900,MSFT
2019-09-05,131.93634033203125,140.0500030517578,140.3800048828125,138.75999450683594,139.11000061035156,26101800,MSFT
2019-09-06,131.0413818359375,139.10000610351562,140.17999267578125,138.1999969482422,140.02999877929688,20824500,MSFT
2019-09-09,129.5529327392578,137.52000427246094,139.75,136.4600067138672,139.58999633789062,25773900,MSFT
2019-09-10,128.1963653564453,136.0800018310547,136.88999938964844,134.50999450683594,136.8000030517578,28903400,MSFT
2019-09-11,128.2340545654297,136.1199951171875,136.27000427246094,135.08999633789062,135.91000366210938,24726100,MSFT
2019-09-12,129.5529327392578,137.52000427246094,138.4199981689453,136.8699951171875,137.85000610351562,27010000,MSFT
2019-09-13,129.36451721191406,137.32000732421875,138.05999755859375,136.57000732421875,137.77999877929688,23363100,MSFT
2019-09-16,128.43191528320312,136.3300018310547,136.6999969482422,135.66000366210938,135.8300018310547,16731400,MSFT
2019-09-17,129.43052673339844,137.38999938964844,137.52000427246094,136.42999267578125,136.9600067138672,17814200,MSFT
2019-09-18,130.4949951171875,138.52000427246094,138.6699981689453,136.52999877929688,137.36000061035156,23982100,MSFT
2019-09-19,132.8972625732422,141.07000732421875,142.3699951171875,140.07000732421875,140.3000030517578,35772100,MSFT
2019-09-20,131.36170959472656,139.44000244140625,141.64999389648438,138.25,141.00999450683594,39167300,MSFT
2019-09-23,131.07908630371094,139.13999938964844,139.6300048828125,138.44000244140625,139.22999572753906,17139300,MSFT
2019-09-24,129.42103576660156,137.3800048828125,140.69000244140625,136.8800048828125,140.36000061035156,29773200,MSFT
2019-09-25,131.28631591796875,139.36000061035156,139.9600067138672,136.02999877929688,137.5,21382000,MSFT
2019-09-26,131.4558868408203,139.5399932861328,140.17999267578125,138.44000244140625,139.44000244140625,17456600,MSFT
2019-09-27,129.7507781982422,137.72999572753906,140.36000061035156,136.64999389648438,140.14999389648438,22477700,MSFT
2019-09-30,130.9755096435547,139.02999877929688,139.22000122070312,137.77999877929688,138.0500030517578,17280900,MSFT
2019-10-01,129.12896728515625,137.07000732421875,140.25,137.0,139.66000366210938,21466600,MSFT
2019-10-02,126.84921264648438,134.64999389648438,136.3699951171875,133.5800018310547,136.25,30521700,MSFT
2019-10-03,128.38479614257812,136.27999877929688,136.75,133.22000122070312,134.9499969482422,24132900,MSFT
2019-10-04,130.11819458007812,138.1199951171875,138.25,136.4199981689453,136.75,22897700,MSFT
2019-10-07,129.17608642578125,137.1199951171875,138.17999267578125,137.02000427246094,137.13999938964844,15303700,MSFT
2019-10-08,127.81011962890625,135.6699981689453,137.75999450683594,135.6199951171875,137.0800018310547,25550500,MSFT
2019-10-09,130.2312469482422,138.24000549316406,138.6999969482422,136.97000122070312,137.4600067138672,19749900,MSFT
2019-10-10,131.0413818359375,139.10000610351562,139.6699981689453,138.25,138.49000549316406,17654600,MSFT
2019-10-11,131.58779907226562,139.67999267578125,141.02999877929688,139.5,140.1199951171875,25446000,MSFT
2019-10-14,131.46534729003906,139.5500030517578,140.2899932861328,139.52000427246094,139.69000244140625,13304300,MSFT
2019-10-15,133.36827087402344,141.57000732421875,141.7899932861328,139.80999755859375,140.05999755859375,19695700,MSFT
2019-10-16,132.27548217773438,140.41000366210938,140.99000549316406,139.52999877929688,140.7899932861328,20751600,MSFT
2019-10-17,131.59722900390625,139.69000244140625,141.4199981689453,139.02000427246094,140.9499969482422,21460600,MSFT
2019-10-18,129.4493408203125,137.41000366210938,140.0,136.55999755859375,139.75999450683594,32273500,MSFT
2019-10-21,130.4102325439453,138.42999267578125,138.5,137.00999450683594,138.4499969482422,20078200,MSFT
2019-10-22,128.46954345703125,136.3699951171875,140.00999450683594,136.25999450683594,138.97000122070312,27431000,MSFT
2019-10-23,129.28916931152344,137.24000549316406,137.4499969482422,135.61000061035156,136.8800048828125,29844600,MSFT
2019-10-24,131.83274841308594,139.94000244140625,140.4199981689453,138.6699981689453,139.38999938964844,37029300,MSFT
2019-10-25,132.5769805908203,140.72999572753906,141.13999938964844,139.1999969482422,139.33999633789062,25959700,MSFT
2019-10-28,135.83651733398438,144.19000244140625,145.6699981689453,143.50999450683594,144.39999389648438,35280100,MSFT
2019-10-29,134.5552978515625,142.8300018310547,144.5,142.64999389648438,144.0800018310547,20589500,MSFT
2019-10-30,136.23220825195312,144.61000061035156,145.0,142.7899932861328,143.52000427246094,18496600,MSFT
2019-10-31,135.0640411376953,143.3699951171875,144.92999267578125,142.99000549316406,144.89999389648438,24605100,MSFT
2019-11-01,135.39373779296875,143.72000122070312,144.4199981689453,142.97000122070312,144.25999450683594,33128400,MSFT
2019-11-04,136.1756591796875,144.5500030517578,145.0,144.16000366210938,144.8300018310547,16912000,MSFT
2019-11-05,136.09097290039062,144.4600067138672,145.02000427246094,143.91000366210938,144.97000122070312,18250200,MSFT
2019-11-06,135.71405029296875,144.05999755859375,144.52000427246094,143.1999969482422,144.3699951171875,16575800,MSFT
2019-11-07,135.9024658203125,144.25999450683594,144.8800048828125,143.77000427246094,143.83999633789062,17786700,MSFT
2019-11-08,137.5039825439453,145.9600067138672,145.99000549316406,143.75999450683594,143.97999572753906,16732700,MSFT
2019-11-11,137.64529418945312,146.11000061035156,146.4199981689453,144.72999572753906,145.33999633789062,14362600,MSFT
2019-11-12,138.5496826171875,147.07000732421875,147.57000732421875,146.05999755859375,146.27999877929688,18641600,MSFT
2019-11-13,138.77577209472656,147.30999755859375,147.4600067138672,146.27999877929688,146.74000549316406,16919200,MSFT
2019-11-14,139.48231506347656,148.05999755859375,148.41000366210938,147.0,147.02000427246094,19729800,MSFT
2019-11-15,141.28164672851562,149.97000122070312,149.99000549316406,148.27000427246094,148.92999267578125,23485700,MSFT
2019-11-18,141.6302032470703,150.33999633789062,150.5500030517578,148.97999572753906,150.07000732421875,21534000,MSFT
2019-11-19,141.67733764648438,150.38999938964844,151.3300018310547,150.1999969482422,150.8800048828125,23935700,MSFT
2019-11-20,141.43154907226562,149.6199951171875,150.83999633789062,148.4600067138672,150.30999755859375,25696800,MSFT
2019-11-21,141.29920959472656,149.47999572753906,149.8000030517578,148.5,149.39999389648438,18576100,MSFT
2019-11-22,141.4031982421875,149.58999633789062,150.3000030517578,148.82000732421875,150.07000732421875,15901800,MSFT
2019-11-25,142.9534454345703,151.22999572753906,151.35000610351562,149.9199981689453,150.0,22420900,MSFT
2019-11-26,143.7096405029297,152.02999877929688,152.4199981689453,151.32000732421875,151.36000061035156,24620100,MSFT
2019-11-27,143.9838104248047,152.32000732421875,152.5,151.52000427246094,152.3300018310547,15184400,MSFT
2019-11-29,143.09523010253906,151.3800048828125,152.3000030517578,151.27999877929688,152.10000610351562,11977300,MSFT
2019-12-02,141.36537170410156,149.5500030517578,151.8300018310547,148.32000732421875,151.80999755859375,27418400,MSFT
2019-12-03,141.1385040283203,149.30999755859375,149.42999267578125,146.64999389648438,147.49000549316406,24066000,MSFT
2019-12-04,141.64898681640625,149.85000610351562,150.17999267578125,149.1999969482422,150.13999938964844,17574700,MSFT
2019-12-05,141.72454833984375,149.92999267578125,150.32000732421875,149.47999572753906,150.0500030517578,17869100,MSFT
2019-12-06,143.4450225830078,151.75,151.8699951171875,150.27000427246094,150.99000549316406,16403500,MSFT
2019-12-09,143.07635498046875,151.36000061035156,152.2100067138672,150.91000366210938,151.07000732421875,16687400,MSFT
2019-12-10,142.85890197753906,151.1300048828125,151.88999938964844,150.75999450683594,151.2899932861328,16476100,MSFT
2019-12-11,143.39767456054688,151.6999969482422,151.8699951171875,150.3300018310547,151.5399932861328,18856600,MSFT
2019-12-12,144.85345458984375,153.24000549316406,153.44000244140625,151.02000427246094,151.64999389648438,24612100,MSFT
2019-12-13,146.0728759765625,154.52999877929688,154.88999938964844,152.8300018310547,153.0,23845400,MSFT
2019-12-16,147.0181121826172,155.52999877929688,155.89999389648438,154.82000732421875,155.11000061035156,24144200,MSFT
2019-12-17,146.2240753173828,154.69000244140625,155.7100067138672,154.4499969482422,155.4499969482422,25425600,MSFT
2019-12-18,145.92161560058594,154.3699951171875,155.47999572753906,154.17999267578125,154.3000030517578,24129200,MSFT
2019-12-19,147.18826293945312,155.7100067138672,155.77000427246094,153.75,154.0,24958900,MSFT
2019-12-20,148.7952117919922,157.41000366210938,158.49000549316406,156.2899932861328,157.35000610351562,53477500,MSFT
2019-12-23,148.7952117919922,157.41000366210938,158.1199951171875,157.27000427246094,158.1199951171875,17718200,MSFT
2019-12-24,148.76690673828125,157.3800048828125,157.7100067138672,157.1199951171875,157.47999572753906,8989200,MSFT
2019-12-26,149.98626708984375,158.6699981689453,158.72999572753906,157.39999389648438,157.55999755859375,14520600,MSFT
2019-12-27,150.2604217529297,158.9600067138672,159.5500030517578,158.22000122070312,159.4499969482422,18412800,MSFT
2019-12-30,148.9653778076172,157.58999633789062,159.02000427246094,156.72999572753906,158.99000549316406,16348400,MSFT
2019-12-31,149.06939697265625,157.6999969482422,157.77000427246094,156.4499969482422,156.77000427246094,18369400,MSFT
2020-01-02,151.82955932617188,160.6199951171875,160.72999572753906,158.3300018310547,158.77999877929688,22622100,MSFT
2020-01-03,149.9390106201172,158.6199951171875,159.9499969482422,158.05999755859375,158.32000732421875,21116200,MSFT
2020-01-06,150.32656860351562,159.02999877929688,159.10000610351562,156.50999450683594,157.0800018310547,20813700,MSFT
2020-01-07,148.9559783935547,157.5800018310547,159.6699981689453,157.32000732421875,159.32000732421875,21634100,MSFT
2020-01-08,151.32859802246094,160.08999633789062,160.8000030517578,157.9499969482422,158.92999267578125,27746500,MSFT
2020-01-09,153.21910095214844,162.08999633789062,162.22000122070312,161.02999877929688,161.83999633789062,21385000,MSFT
2020-01-10,152.51014709472656,161.33999633789062,163.22000122070312,161.17999267578125,162.82000732421875,20725900,MSFT
2020-01-13,154.34400939941406,163.27999877929688,163.30999755859375,161.25999450683594,161.75999450683594,21626500,MSFT
2020-01-14,153.25694274902344,162.1300048828125,163.60000610351562,161.72000122070312,163.38999938964844,23477400,MSFT
2020-01-15,154.2494354248047,163.17999267578125,163.94000244140625,162.57000732421875,162.6199951171875,21417900,MSFT
2020-01-16,157.07583618164062,166.1699981689453,166.24000549316406,164.02999877929688,164.35000610351562,23865400,MSFT
2020-01-17,157.95494079589844,167.10000610351562,167.47000122070312,165.42999267578125,167.4199981689453,34371700,MSFT
2020-01-21,157.38772583007812,166.5,168.19000244140625,166.42999267578125,166.67999267578125,29517200,MSFT
2020-01-22,156.63150024414062,165.6999969482422,167.49000549316406,165.67999267578125,167.39999389648438,24138800,MSFT
2020-01-23,157.595703125,166.72000122070312,166.8000030517578,165.27000427246094,166.19000244140625,19680800,MSFT
2020-01-24,156.0076904296875,165.0399932861328,167.52999877929688,164.4499969482422,167.50999450683594,24918100,MSFT
2020-01-27,153.39869689941406,162.27999877929688,163.3800048828125,160.1999969482422,161.14999389648438,32078100,MSFT
2020-01-28,156.4046630859375,165.4600067138672,165.75999450683594,163.07000732421875,163.77999877929688,24899900,MSFT
2020-01-29,158.84349060058594,168.0399932861328,168.75,165.69000244140625,167.83999633789062,34754500,MSFT
2020-01-30,163.32403564453125,172.77999877929688,174.0500030517578,170.7899932861328,174.0500030517578,51597500,MSFT
2020-01-31,160.91360473632812,170.22999572753906,172.39999389648438,169.5800018310547,172.2100067138672,36142700,MSFT
2020-02-03,164.8364715576172,174.3800048828125,174.5,170.39999389648438,170.42999267578125,30107000,MSFT
2020-02-04,170.2623291015625,180.1199951171875,180.63999938964844,176.30999755859375,177.13999938964844,36433300,MSFT
2020-02-05,170.05441284179688,179.89999389648438,184.1999969482422,178.41000366210938,184.02999877929688,39186300,MSFT
2020-02-06,173.58023071289062,183.6300048828125,183.82000732421875,180.05999755859375,180.97000122070312,27751400,MSFT
2020-02-07,173.8260040283203,183.88999938964844,185.6300048828125,182.47999572753906,182.85000610351562,33529100,MSFT
2020-02-10,178.37278747558594,188.6999969482422,188.83999633789062,183.25,183.5800018310547,35844300,MSFT
2020-02-11,174.3459930419922,184.44000244140625,190.6999969482422,183.5,190.64999389648438,53159900,MSFT
2020-02-12,174.6011199951172,184.7100067138672,185.85000610351562,181.85000610351562,185.5800018310547,47062900,MSFT
2020-02-13,173.65591430664062,183.7100067138672,186.22999572753906,182.8699951171875,183.0800018310547,35295800,MSFT
2020-02-14,175.20616149902344,185.35000610351562,185.41000366210938,182.64999389648438,183.25,23149500,MSFT
2020-02-18,176.98324584960938,187.22999572753906,187.6999969482422,185.5,185.61000061035156,27792200,MSFT
2020-02-19,177.5139923095703,187.27999877929688,188.17999267578125,186.47000122070312,188.05999755859375,29997500,MSFT
2020-02-20,174.80319213867188,184.4199981689453,187.25,181.10000610351562,186.9499969482422,36862400,MSFT
2020-02-21,169.27719116210938,178.58999633789062,183.5,177.25,183.1699981689453,48572600,MSFT
2020-02-24,161.97874450683594,170.88999938964844,174.5500030517578,163.22999572753906,167.77000427246094,68311100,MSFT
2020-02-25,159.30577087402344,168.07000732421875,174.83999633789062,167.64999389648438,174.1999969482422,68073300,MSFT
2020-02-26,161.29624938964844,170.1699981689453,173.25999450683594,168.2100067138672,169.7100067138672,56206100,MSFT
2020-02-27,149.93148803710938,158.17999267578125,167.02999877929688,157.97999572753906,163.32000732421875,93174900,MSFT
2020-02-28,153.56178283691406,162.00999450683594,163.7100067138672,152.0,152.41000366210938,97012700,MSFT
2020-03-02,163.77960205078125,172.7899932861328,172.9199981689453,162.30999755859375,165.30999755859375,71030800,MSFT
2020-03-03,155.93136596679688,164.50999450683594,175.0,162.25999450683594,173.8000030517578,71677000,MSFT
2020-03-04,161.65647888183594,170.5500030517578,170.6999969482422,165.6199951171875,168.49000549316406,49814400,MSFT
2020-03-05,157.599609375,166.27000427246094,170.8699951171875,165.69000244140625,166.0500030517578,47817300,MSFT
2020-03-06,153.14474487304688,161.57000732421875,163.11000061035156,156.0,162.61000061035156,72821100,MSFT
2020-03-09,142.76571655273438,150.6199951171875,157.75,150.0,151.0,70419300,MSFT
2020-03-10,152.52862548828125,160.9199981689453,161.02999877929688,152.5800018310547,158.16000366210938,65354400,MSFT
2020-03-11,145.6187286376953,153.6300048828125,157.6999969482422,151.14999389648438,157.1300048828125,56371600,MSFT
2020-03-12,131.8085479736328,139.05999755859375,153.47000122070312,138.5800018310547,145.3000030517578,93226400,MSFT
2020-03-13,150.54762268066406,158.8300018310547,161.91000366210938,140.72999572753906,147.5,92727400,MSFT
2020-03-16,128.3583526611328,135.4199981689453,149.35000610351562,135.0,140.0,87905900,MSFT
2020-03-17,138.9269256591797,146.57000732421875,147.5,135.0,140.0,81059800,MSFT
2020-03-18,133.07864379882812,140.39999389648438,146.0,135.02000427246094,138.0,81593200,MSFT
2020-03-19,135.26821899414062,142.7100067138672,150.14999389648438,139.0,142.77000427246094,85922700,MSFT
2020-03-20,130.18765258789062,137.35000610351562,147.10000610351562,135.86000061035156,146.0,84866200,MSFT
2020-03-23,128.88917541503906,135.97999572753906,140.57000732421875,132.52000427246094,137.00999450683594,78975200,MSFT
2020-03-24,140.6046142578125,148.33999633789062,149.60000610351562,141.27000427246094,143.75,82516700,MSFT
2020-03-25,139.25865173339844,146.9199981689453,154.3300018310547,144.44000244140625,148.91000366210938,75638200,MSFT
2020-03-26,147.9694061279297,156.11000061035156,156.66000366210938,148.3699951171875,148.39999389648438,64568100,MSFT
2020-03-27,141.89370727539062,149.6999969482422,154.88999938964844,149.1999969482422,151.75,57042300,MSFT
2020-03-30,151.8745880126953,160.22999572753906,160.60000610351562,150.00999450683594,152.44000244140625,63420300,MSFT
2020-03-31,149.48594665527344,157.7100067138672,164.77999877929688,156.55999755859375,159.39999389648438,77927200,MSFT
2020-04-01,144.17800903320312,152.11000061035156,157.75,150.82000732421875,153.0,57969900,MSFT
2020-04-02,147.1637420654297,155.25999450683594,155.47999572753906,150.36000061035156,151.86000061035156,49630700,MSFT
2020-04-03,145.808349609375,153.8300018310547,157.3800048828125,152.19000244140625,155.10000610351562,41243300,MSFT
2020-04-06,156.65182495117188,165.27000427246094,166.5,157.5800018310547,160.32000732421875,67111700,MSFT
2020-04-07,154.9646453857422,163.49000549316406,170.0,163.25999450683594,169.58999633789062,62769000,MSFT
2020-04-08,156.5191192626953,165.1300048828125,166.6699981689453,163.5,165.6699981689453,48318200,MSFT
2020-04-09,156.52857971191406,165.13999938964844,167.3699951171875,163.3300018310547,166.36000061035156,51385100,MSFT
2020-04-13,156.87925720214844,165.50999450683594,165.57000732421875,162.3000030517578,164.35000610351562,41905300,MSFT
2020-04-14,164.64219665527344,173.6999969482422,173.75,168.0,169.0,52874300,MSFT
2020-04-15,162.9170684814453,171.8800048828125,173.57000732421875,169.24000549316406,171.1999969482422,40940800,MSFT
2020-04-16,167.80799865722656,177.0399932861328,177.27999877929688,172.89999389648438,174.3000030517578,50479600,MSFT
2020-04-17,169.28665161132812,178.60000610351562,180.0,175.8699951171875,179.5,52765600,MSFT
2020-04-20,165.9312744140625,175.05999755859375,178.75,174.99000549316406,176.6300048828125,36669600,MSFT
2020-04-21,159.06881713867188,167.82000732421875,173.6699981689453,166.11000061035156,173.5,56203700,MSFT
2020-04-22,164.47152709960938,173.52000427246094,174.0,170.82000732421875,171.38999938964844,34620200,MSFT
2020-04-23,162.48109436035156,171.4199981689453,175.05999755859375,170.91000366210938,174.11000061035156,32790800,MSFT
2020-04-24,165.44784545898438,174.5500030517578,174.55999755859375,170.7100067138672,172.05999755859375,34277600,MSFT
2020-04-27,164.97393798828125,174.0500030517578,176.89999389648438,173.3000030517578,176.58999633789062,33194400,MSFT
2020-04-28,160.9550323486328,169.80999755859375,175.6699981689453,169.38999938964844,175.58999633789062,34392700,MSFT
2020-04-29,168.1776580810547,177.42999267578125,177.67999267578125,171.8800048828125,173.22000122070312,51286600,MSFT
2020-04-30,169.86480712890625,179.2100067138672,180.39999389648438,176.22999572753906,180.0,53875900,MSFT
2020-05-01,165.466796875,174.57000732421875,178.63999938964844,174.00999450683594,175.8000030517578,39370500,MSFT
2020-05-04,169.51417541503906,178.83999633789062,179.0,173.8000030517578,174.49000549316406,30372900,MSFT
2020-05-05,171.33399963378906,180.75999450683594,183.64999389648438,179.89999389648438,180.6199951171875,36839200,MSFT
2020-05-06,173.02120971679688,182.5399932861328,184.1999969482422,181.6300048828125,182.0800018310547,32139300,MSFT
2020-05-07,174.02593994140625,183.60000610351562,184.5500030517578,182.5800018310547,184.1699981689453,28316000,MSFT
2020-05-08,175.04962158203125,184.67999267578125,185.0,183.36000061035156,184.97999572753906,30877800,MSFT
2020-05-11,177.002197265625,186.74000549316406,187.50999450683594,182.85000610351562,183.14999389648438,30892700,MSFT
2020-05-12,172.9927520751953,182.50999450683594,187.0399932861328,182.3000030517578,186.8000030517578,32038200,MSFT
2020-05-13,170.37667846679688,179.75,184.0500030517578,176.5399932861328,182.5500030517578,44711500,MSFT
2020-05-14,171.11602783203125,180.52999877929688,180.69000244140625,175.67999267578125,177.5399932861328,41873900,MSFT
2020-05-15,173.60887145996094,183.16000366210938,187.05999755859375,177.0,179.05999755859375,46610400,MSFT
2020-05-18,175.26760864257812,184.91000366210938,186.1999969482422,183.9600067138672,185.75,35264500,MSFT
2020-05-19,174.05438232421875,183.6300048828125,186.60000610351562,183.49000549316406,185.02999877929688,26799100,MSFT
2020-05-20,176.46864318847656,185.66000366210938,185.85000610351562,183.94000244140625,184.80999755859375,31261300,MSFT
2020-05-21,174.3489990234375,183.42999267578125,186.6699981689453,183.2899932861328,185.39999389648438,29119500,MSFT
2020-05-22,174.42506408691406,183.50999450683594,184.4600067138672,182.5399932861328,183.19000244140625,20826900,MSFT
2020-05-26,172.5811004638672,181.57000732421875,186.5,181.10000610351562,186.33999633789062,36073600,MSFT
2020-05-27,172.80923461914062,181.80999755859375,181.99000549316406,176.60000610351562,180.1999969482422,39517100,MSFT
2020-05-28,172.41949462890625,181.39999389648438,184.14999389648438,180.3800048828125,180.74000549316406,33810200,MSFT
2020-05-29,174.17794799804688,183.25,184.27000427246094,180.41000366210938,182.72999572753906,42130400,MSFT
2020-06-01,173.7787628173828,182.8300018310547,183.0,181.4600067138672,182.5399932861328,22622400,MSFT
2020-06-02,175.75575256347656,184.91000366210938,185.0,181.35000610351562,184.25,30794600,MSFT
2020-06-03,176.1834716796875,185.36000061035156,185.94000244140625,183.5800018310547,184.82000732421875,27311000,MSFT
2020-06-04,173.86424255371094,182.9199981689453,185.83999633789062,182.3000030517578,184.3000030517578,28761800,MSFT
2020-06-05,177.93238830566406,187.1999969482422,187.72999572753906,182.00999450683594,182.6199951171875,39893600,MSFT
2020-06-08,179.03497314453125,188.36000061035156,188.5500030517578,184.44000244140625,185.94000244140625,33211600,MSFT
2020-06-09,180.4036407470703,189.8000030517578,190.6999969482422,187.25999450683594,188.0,29783900,MSFT
2020-06-10,187.09515380859375,196.83999633789062,198.52000427246094,191.00999450683594,191.1300048828125,43872300,MSFT
2020-06-11,177.04843139648438,186.27000427246094,195.75999450683594,186.07000732421875,193.1300048828125,52854700,MSFT
2020-06-12,178.44566345214844,187.74000549316406,191.72000122070312,185.17999267578125,190.5399932861328,43373600,MSFT
2020-06-15,179.58627319335938,188.94000244140625,190.82000732421875,184.00999450683594,184.5800018310547,32770200,MSFT
2020-06-16,183.98703002929688,193.57000732421875,195.5800018310547,191.4600067138672,192.88999938964844,42556700,MSFT
2020-06-17,184.62387084960938,194.24000549316406,196.32000732421875,193.69000244140625,195.02999877929688,25687800,MSFT
2020-06-18,186.60089111328125,196.32000732421875,196.49000549316406,194.0,194.0,23061600,MSFT
2020-06-19,185.48880004882812,195.14999389648438,199.2899932861328,194.3699951171875,198.58999633789062,44441100,MSFT
2020-06-22,190.6405029296875,200.57000732421875,200.75999450683594,195.22999572753906,195.7899932861328,32818900,MSFT
2020-06-23,191.9141387939453,201.91000366210938,203.9499969482422,201.42999267578125,202.08999633789062,30917400,MSFT
2020-06-24,188.04563903808594,197.83999633789062,203.25,196.55999755859375,201.60000610351562,36740600,MSFT
2020-06-25,190.421875,200.33999633789062,200.61000061035156,195.47000122070312,197.8000030517578,27803900,MSFT
2020-06-26,186.61038208007812,196.3300018310547,199.88999938964844,194.8800048828125,199.72999572753906,54675800,MSFT
2020-06-29,188.61595153808594,198.44000244140625,198.52999877929688,193.5500030517578,195.77999877929688,26701600,MSFT
2020-06-30,193.43490600585938,203.50999450683594,204.39999389648438,197.74000549316406,197.8800048828125,34310300,MSFT
2020-07-01,194.56600952148438,204.6999969482422,206.35000610351562,201.77000427246094,203.13999938964844,32061200,MSFT
2020-07-02,196.04879760742188,206.25999450683594,208.02000427246094,205.0,205.67999267578125,29315800,MSFT
2020-07-06,200.26895141601562,210.6999969482422,211.1300048828125,208.08999633789062,208.8300018310547,31897600,MSFT
2020-07-07,197.94029235839844,208.25,214.6699981689453,207.99000549316406,210.4499969482422,33600700,MSFT
2020-07-08,202.2935028076172,212.8300018310547,213.25999450683594,208.69000244140625,210.07000732421875,33600000,MSFT
2020-07-09,203.70974731445312,214.32000732421875,216.3800048828125,211.47000122070312,216.3300018310547,33121700,MSFT
2020-07-10,203.09193420410156,213.6699981689453,214.0800018310547,211.0800018310547,213.6199951171875,26177600,MSFT
2020-07-13,196.81871032714844,207.07000732421875,215.8000030517578,206.5,214.47999572753906,38135600,MSFT
2020-07-14,198.0353240966797,208.35000610351562,208.85000610351562,202.02999877929688,206.1300048828125,37591800,MSFT
2020-07-15,197.7406768798828,208.0399932861328,211.3300018310547,205.02999877929688,209.55999755859375,32179400,MSFT
2020-07-16,193.82460021972656,203.9199981689453,205.6999969482422,202.30999755859375,205.39999389648438,29940700,MSFT
2020-07-17,192.83612060546875,202.8800048828125,205.0399932861328,201.38999938964844,204.47000122070312,31635300,MSFT
2020-07-20,201.1244354248047,211.60000610351562,212.3000030517578,203.00999450683594,205.0,36884800,MSFT
2020-07-21,198.41552734375,208.75,213.94000244140625,208.02999877929688,213.66000366210938,37990400,MSFT
2020-07-22,201.26698303222656,211.75,212.3000030517578,208.38999938964844,209.1999969482422,49605700,MSFT
2020-07-23,192.5129852294922,202.5399932861328,210.9199981689453,202.14999389648438,207.19000244140625,67457000,MSFT
2020-07-24,191.33433532714844,201.3000030517578,202.86000061035156,197.50999450683594,200.4199981689453,39827000,MSFT
2020-07-27,193.7581024169922,203.85000610351562,203.97000122070312,200.86000061035156,201.47000122070312,30160900,MSFT
2020-07-28,192.01870727539062,202.02000427246094,204.6999969482422,201.74000549316406,203.61000061035156,23251400,MSFT
2020-07-29,193.95770263671875,204.05999755859375,204.64999389648438,202.00999450683594,202.5,19632600,MSFT
2020-07-30,193.8056182861328,203.89999389648438,204.4600067138672,199.57000732421875,201.0,25079600,MSFT
2020-07-31,194.86068725585938,205.00999450683594,205.10000610351562,199.00999450683594,204.39999389648438,51044000,MSFT
2020-08-03,205.8198699951172,216.5399932861328,217.63999938964844,210.44000244140625,211.52000427246094,78983000,MSFT
2020-08-04,202.73077392578125,213.2899932861328,214.77000427246094,210.30999755859375,214.1699981689453,49280100,MSFT
2020-08-05,202.39810180664062,212.94000244140625,215.0,211.57000732421875,214.89999389648438,28806400,MSFT
2020-08-06,205.63926696777344,216.35000610351562,216.3699951171875,211.5500030517578,212.33999633789062,32656800,MSFT
2020-08-07,201.96084594726562,212.47999572753906,215.6999969482422,210.92999267578125,214.85000610351562,27820400,MSFT
2020-08-10,197.94029235839844,208.25,211.8800048828125,206.35000610351562,211.6699981689453,36716500,MSFT
2020-08-11,193.31138610839844,203.3800048828125,207.64999389648438,203.13999938964844,207.16000366210938,36446500,MSFT
2020-08-12,198.8337860107422,209.19000244140625,210.27999877929688,204.75,205.2899932861328,28013100,MSFT
2020-08-13,198.3679656982422,208.6999969482422,211.35000610351562,208.14999389648438,209.44000244140625,22588900,MSFT
2020-08-14,198.55809020996094,208.89999389648438,209.58999633789062,207.50999450683594,208.75999450683594,17958900,MSFT
2020-08-17,199.8697967529297,210.27999877929688,211.19000244140625,208.9199981689453,209.60000610351562,20184800,MSFT
2020-08-18,201.01983642578125,211.49000549316406,212.36000061035156,209.2100067138672,210.52999877929688,21336200,MSFT
2020-08-19,199.8003387451172,209.6999969482422,212.10000610351562,209.25,211.49000549316406,27627600,MSFT
2020-08-20,204.44992065429688,214.5800018310547,215.0,208.91000366210938,209.5399932861328,26981500,MSFT
2020-08-21,202.9635772705078,213.02000427246094,216.25,212.85000610351562,213.86000061035156,36249300,MSFT
2020-08-24,203.60194396972656,213.69000244140625,215.52000427246094,212.42999267578125,214.7899932861328,25460100,MSFT
2020-08-25,206.2506866455078,216.47000122070312,216.61000061035156,213.10000610351562,213.10000610351562,23043700,MSFT
2020-08-26,210.70977783203125,221.14999389648438,222.08999633789062,217.36000061035156,217.8800048828125,39600800,MSFT
2020-08-27,215.88343811035156,226.5800018310547,231.14999389648438,219.39999389648438,222.88999938964844,57602200,MSFT
2020-08-28,218.10345458984375,228.91000366210938,230.63999938964844,226.5800018310547,228.17999267578125,26292900,MSFT
2020-08-31,214.88299560546875,225.52999877929688,228.6999969482422,224.30999755859375,227.0,28774200,MSFT
2020-09-01,216.5408477783203,227.27000427246094,227.4499969482422,224.42999267578125,225.50999450683594,25725500,MSFT
2020-09-02,220.71408081054688,231.64999389648438,232.86000061035156,227.35000610351562,227.97000122070312,34080800,MSFT
2020-09-03,207.04151916503906,217.3000030517578,229.30999755859375,214.9600067138672,229.27000427246094,58400300,MSFT
2020-09-04,204.135498046875,214.25,218.36000061035156,205.19000244140625,215.10000610351562,59664100,MSFT
2020-09-08,193.09263610839844,202.66000366210938,210.02999877929688,202.1999969482422,206.5,52924300,MSFT
2020-09-09,201.31527709960938,211.2899932861328,214.83999633789062,206.6999969482422,207.60000610351562,45679000,MSFT
2020-09-10,195.6747283935547,205.3699951171875,214.74000549316406,204.11000061035156,213.39999389648438,35461500,MSFT
2020-09-11,194.39801025390625,204.02999877929688,208.6300048828125,201.24000549316406,207.1999969482422,33620100,MSFT
2020-09-14,195.71278381347656,205.41000366210938,209.1999969482422,204.02999877929688,204.24000549316406,30375800,MSFT
2020-09-15,198.92373657226562,208.77999877929688,209.77999877929688,206.92999267578125,208.4199981689453,21823900,MSFT
2020-09-16,195.3698272705078,205.0500030517578,210.64999389648438,204.63999938964844,210.6199951171875,26328100,MSFT
2020-09-17,193.33084106445312,202.91000366210938,204.3300018310547,199.9600067138672,200.0500030517578,34011300,MSFT
2020-09-18,190.92977905273438,200.38999938964844,203.64999389648438,196.25,202.8000030517578,55225300,MSFT
2020-09-21,192.9783172607422,202.5399932861328,202.7100067138672,196.3800048828125,197.19000244140625,39839700,MSFT
2020-09-22,197.62794494628906,207.4199981689453,208.10000610351562,202.0800018310547,205.05999755859375,33517100,MSFT
2020-09-23,191.12039184570312,200.58999633789062,208.10000610351562,200.02999877929688,207.89999389648438,30803800,MSFT
2020-09-24,193.59764099121094,203.19000244140625,205.57000732421875,199.1999969482422,199.85000610351562,31202500,MSFT
2020-09-25,198.00906372070312,207.82000732421875,209.0399932861328,202.5399932861328,203.5500030517578,29437300,MSFT
2020-09-28,199.55255126953125,209.44000244140625,212.57000732421875,208.05999755859375,210.8800048828125,32004900,MSFT
2020-09-29,197.4755096435547,207.25999450683594,210.07000732421875,206.80999755859375,209.35000610351562,24221900,MSFT
2020-09-30,200.4005889892578,210.3300018310547,211.97999572753906,206.5399932861328,207.72999572753906,33829100,MSFT
2020-10-01,202.43002319335938,212.4600067138672,213.99000549316406,211.32000732421875,213.49000549316406,27158400,MSFT
2020-10-02,196.4560089111328,206.19000244140625,210.99000549316406,205.5399932861328,208.0,33154800,MSFT
2020-10-05,200.4481964111328,210.3800048828125,210.41000366210938,206.97999572753906,207.22000122070312,21331600,MSFT
2020-10-06,196.18923950195312,205.91000366210938,210.17999267578125,204.82000732421875,208.82000732421875,28554300,MSFT
2020-10-07,199.92416381835938,209.8300018310547,210.11000061035156,206.72000122070312,207.05999755859375,25681100,MSFT
2020-10-08,200.63873291015625,210.5800018310547,211.19000244140625,208.32000732421875,210.50999450683594,19925800,MSFT
2020-10-09,205.62185668945312,215.80999755859375,215.86000061035156,211.22999572753906,211.22999572753906,26458000,MSFT
2020-10-12,210.94793701171875,221.39999389648438,223.86000061035156,216.80999755859375,218.7899932861328,40461400,MSFT
2020-10-13,212.3390350341797,222.86000061035156,225.2100067138672,220.42999267578125,222.72000122070312,28950800,MSFT
2020-10-14,210.4334259033203,220.86000061035156,224.22000122070312,219.1300048828125,223.0,23421700,MSFT
2020-10-15,209.29010009765625,219.66000366210938,220.36000061035156,216.00999450683594,217.10000610351562,22733100,MSFT
2020-10-16,209.29010009765625,219.66000366210938,222.2899932861328,219.32000732421875,220.14999389648438,26057900,MSFT
2020-10-19,204.10691833496094,214.22000122070312,222.3000030517578,213.72000122070312,220.4199981689453,27625800,MSFT
2020-10-20,204.5166473388672,214.64999389648438,217.3699951171875,213.08999633789062,215.8000030517578,22753500,MSFT
2020-10-21,204.65953063964844,214.8000030517578,216.9199981689453,213.1199951171875,213.1199951171875,22724900,MSFT
2020-10-22,204.7452850341797,214.88999938964844,216.05999755859375,211.6999969482422,213.92999267578125,22351500,MSFT
2020-10-23,206.0220489501953,216.22999572753906,216.27999877929688,213.16000366210938,215.02999877929688,18879600,MSFT
2020-10-26,200.16233825683594,210.0800018310547,216.33999633789062,208.10000610351562,213.85000610351562,37111600,MSFT
2020-10-27,203.1826934814453,213.25,214.6699981689453,210.3300018310547,211.58999633789062,36700300,MSFT
2020-10-28,193.11166381835938,202.67999267578125,208.83999633789062,202.10000610351562,207.6699981689453,51195600,MSFT
2020-10-29,195.05540466308594,204.72000122070312,207.36000061035156,203.3699951171875,204.07000732421875,31432600,MSFT
2020-10-30,192.91163635253906,202.47000122070312,204.2899932861328,199.6199951171875,203.5,36953700,MSFT
2020-11-02,192.77822875976562,202.3300018310547,205.27999877929688,200.1199951171875,204.2899932861328,30842200,MSFT
2020-11-03,196.68466186523438,206.42999267578125,208.1199951171875,203.1199951171875,203.88999938964844,27512000,MSFT
2020-11-04,206.17445373535156,216.38999938964844,218.32000732421875,212.4199981689453,214.02000427246094,42311800,MSFT
2020-11-05,212.74871826171875,223.2899932861328,224.1199951171875,221.14999389648438,222.0399932861328,36080100,MSFT
2020-11-06,213.15846252441406,223.72000122070312,224.36000061035156,218.02999877929688,222.25999450683594,25231900,MSFT
2020-11-09,208.08006286621094,218.38999938964844,228.1199951171875,217.8800048828125,224.44000244140625,44395000,MSFT
2020-11-10,201.04847717285156,211.00999450683594,216.5,209.72000122070312,214.5,44045100,MSFT
2020-11-11,206.326904296875,216.5500030517578,218.0399932861328,212.1999969482422,212.38999938964844,29440800,MSFT
2020-11-12,205.2693328857422,215.44000244140625,219.11000061035156,214.4600067138672,217.2100067138672,21593900,MSFT
2020-11-13,206.288818359375,216.50999450683594,217.4199981689453,214.16000366210938,216.36000061035156,18621100,MSFT
2020-11-16,206.97479248046875,217.22999572753906,217.74000549316406,214.52000427246094,214.8699951171875,24953300,MSFT
2020-11-17,204.3356170654297,214.4600067138672,217.67999267578125,214.0800018310547,216.10000610351562,24154100,MSFT
2020-11-18,201.64170837402344,211.0800018310547,215.1699981689453,210.92999267578125,213.64999389648438,28372800,MSFT
2020-11-19,202.9217987060547,212.4199981689453,213.02999877929688,209.92999267578125,211.3800048828125,24792700,MSFT
2020-11-20,200.9825439453125,210.38999938964844,213.2899932861328,210.0,212.1999969482422,22843100,MSFT
2020-11-23,200.71505737304688,210.11000061035156,212.2899932861328,208.16000366210938,210.9499969482422,25683500,MSFT
2020-11-24,204.29737854003906,213.86000061035156,214.25,208.86000061035156,209.58999633789062,33979700,MSFT
2020-11-25,204.30694580078125,213.8699951171875,215.2899932861328,212.4600067138672,215.11000061035156,21012900,MSFT
2020-11-27,205.60614013671875,215.22999572753906,216.27000427246094,214.0399932861328,214.85000610351562,14512200,MSFT
2020-11-30,204.49801635742188,214.07000732421875,214.75999450683594,210.83999633789062,214.10000610351562,33064800,MSFT
2020-12-01,206.5423126220703,216.2100067138672,217.32000732421875,213.35000610351562,214.50999450683594,30904500,MSFT
2020-12-02,205.73988342285156,215.3699951171875,215.47000122070312,212.8000030517578,214.8800048828125,23724500,MSFT
2020-12-03,204.66041564941406,214.24000549316406,216.3800048828125,213.64999389648438,214.61000061035156,25120900,MSFT
2020-12-04,204.77500915527344,214.36000061035156,215.3800048828125,213.17999267578125,214.22000122070312,24666000,MSFT
2020-12-07,204.7081756591797,214.2899932861328,215.5399932861328,212.99000549316406,214.3699951171875,24620000,MSFT
2020-12-08,206.35125732421875,216.00999450683594,216.9499969482422,212.88999938964844,213.97000122070312,23284100,MSFT
2020-12-09,202.32949829101562,211.8000030517578,215.22999572753906,211.2100067138672,215.16000366210938,32440600,MSFT
2020-12-10,201.10675048828125,210.52000427246094,213.0800018310547,210.36000061035156,211.77000427246094,26733300,MSFT
2020-12-11,203.72422790527344,213.25999450683594,213.32000732421875,209.11000061035156,210.0500030517578,30979400,MSFT
2020-12-14,204.62217712402344,214.1999969482422,216.2100067138672,212.8800048828125,213.10000610351562,28798400,MSFT
2020-12-15,204.55531311035156,214.1300048828125,215.4199981689453,212.24000549316406,215.1699981689453,27000600,MSFT
2020-12-16,209.4750213623047,219.27999877929688,220.11000061035156,214.72000122070312,214.75,35023300,MSFT
2020-12-17,209.60874938964844,219.4199981689453,220.88999938964844,217.9199981689453,219.8699951171875,32515800,MSFT
2020-12-18,208.8158721923828,218.58999633789062,219.69000244140625,216.02000427246094,218.58999633789062,63354900,MSFT
2020-12-21,212.6370086669922,222.58999633789062,224.0,217.27999877929688,217.5500030517578,37181900,MSFT
2020-12-22,213.92666625976562,223.94000244140625,225.6300048828125,221.85000610351562,222.69000244140625,22612200,MSFT
2020-12-23,211.13722229003906,221.02000427246094,223.55999755859375,220.8000030517578,223.11000061035156,18699600,MSFT
2020-12-24,212.78985595703125,222.75,223.61000061035156,221.1999969482422,221.4199981689453,10550600,MSFT
2020-12-28,214.9010467529297,224.9600067138672,226.02999877929688,223.02000427246094,224.4499969482422,17933500,MSFT
2020-12-29,214.1272735595703,224.14999389648438,227.17999267578125,223.5800018310547,226.30999755859375,17403200,MSFT
2020-12-30,211.7677459716797,221.67999267578125,225.6300048828125,221.47000122070312,225.22999572753906,20272300,MSFT
2020-12-31,212.47463989257812,222.4199981689453,223.0,219.67999267578125,221.6999969482422,20942100,MSFT
2021-01-04,207.95611572265625,217.69000244140625,223.0,214.80999755859375,222.52999877929688,37130100,MSFT
2021-01-05,208.15672302246094,217.89999389648438,218.52000427246094,215.6999969482422,217.25999450683594,23823000,MSFT
2021-01-06,202.75933837890625,212.25,216.49000549316406,211.94000244140625,212.1699981689453,35930700,MSFT
2021-01-07,208.52931213378906,218.2899932861328,219.33999633789062,213.7100067138672,214.0399932861328,27694500,MSFT
2021-01-08,209.79981994628906,219.6199951171875,220.5800018310547,217.02999877929688,218.67999267578125,22956200,MSFT
2021-01-11,207.76507568359375,217.49000549316406,218.91000366210938,216.72999572753906,218.47000122070312,23031300,MSFT
2021-01-12,205.31951904296875,214.92999267578125,217.10000610351562,213.32000732421875,216.5,23249300,MSFT
2021-01-13,206.66648864746094,216.33999633789062,216.75999450683594,213.92999267578125,214.02000427246094,20087100,MSFT
2021-01-14,203.49493408203125,213.02000427246094,217.4600067138672,212.74000549316406,215.91000366210938,29480800,MSFT
2021-01-15,203.1414794921875,212.64999389648438,214.50999450683594,212.02999877929688,213.52000427246094,31746500,MSFT
2021-01-19,206.76202392578125,216.44000244140625,216.97999572753906,212.6300048828125,213.75,30480900,MSFT
2021-01-20,214.30877685546875,224.33999633789062,225.7899932861328,217.2899932861328,217.6999969482422,37777300,MSFT
2021-01-21,214.9105987548828,224.97000122070312,226.3000030517578,222.4199981689453,224.6999969482422,30709400,MSFT
2021-01-22,215.84674072265625,225.9499969482422,230.07000732421875,225.8000030517578,227.0800018310547,30172700,MSFT
2021-01-25,219.2667236328125,229.52999877929688,229.77999877929688,224.22000122070312,229.1199951171875,33152100,MSFT
2021-01-26,221.94151306152344,232.3300018310547,234.17999267578125,230.0800018310547,231.86000061035156,49169600,MSFT
2021-01-27,222.4860076904297,232.89999389648438,240.44000244140625,230.13999938964844,238.0,69870600,MSFT
2021-01-28,228.2464141845703,238.92999267578125,242.63999938964844,235.08999633789062,235.61000061035156,49111200,MSFT
2021-01-29,221.5880584716797,231.9600067138672,238.02000427246094,231.35000610351562,235.99000549316406,42503100,MSFT
2021-02-01,228.9341583251953,239.64999389648438,242.5,232.42999267578125,235.05999755859375,33314200,MSFT
2021-02-02,228.80047607421875,239.50999450683594,242.30999755859375,238.69000244140625,241.3000030517578,25916300,MSFT
2021-02-03,232.1343994140625,243.0,245.08999633789062,239.25999450683594,239.57000732421875,27158100,MSFT
2021-02-04,231.18865966796875,242.00999450683594,243.24000549316406,240.3699951171875,242.66000366210938,25296100,MSFT
2021-02-05,231.37017822265625,242.1999969482422,243.27999877929688,240.4199981689453,242.22999572753906,18054800,MSFT
2021-02-08,231.6280975341797,242.47000122070312,243.67999267578125,240.80999755859375,243.14999389648438,22211900,MSFT
2021-02-09,232.86996459960938,243.77000427246094,244.75999450683594,241.3800048828125,241.8699951171875,23565000,MSFT
2021-02-10,231.9624481201172,242.82000732421875,245.9199981689453,240.88999938964844,245.0,22186700,MSFT
2021-02-11,233.55775451660156,244.49000549316406,245.14999389648438,242.14999389648438,244.77999877929688,15751100,MSFT
2021-02-12,234.03541564941406,244.99000549316406,245.3000030517578,242.72999572753906,243.92999267578125,16561100,MSFT
2021-02-16,232.8031463623047,243.6999969482422,246.1300048828125,242.9199981689453,245.02999877929688,26728500,MSFT
2021-02-17,233.81800842285156,244.1999969482422,244.30999755859375,240.94000244140625,241.32000732421875,21653500,MSFT
2021-02-18,233.42544555664062,243.7899932861328,243.92999267578125,240.86000061035156,241.8000030517578,16925600,MSFT
2021-02-19,230.72537231445312,240.97000122070312,243.86000061035156,240.17999267578125,243.75,25262600,MSFT
2021-02-22,224.54000854492188,234.50999450683594,237.92999267578125,232.39999389648438,237.4199981689453,36446900,MSFT
2021-02-23,223.35272216796875,233.27000427246094,234.8300018310547,228.72999572753906,230.3300018310547,30228700,MSFT
2021-02-24,224.57827758789062,234.5500030517578,235.1999969482422,229.0,230.00999450683594,26339700,MSFT
2021-02-25,219.2546844482422,228.99000549316406,234.58999633789062,227.8800048828125,232.0800018310547,39542200,MSFT
2021-02-26,222.50054931640625,232.3800048828125,235.3699951171875,229.5399932861328,231.52999877929688,37819200,MSFT
2021-03-01,226.86671447753906,236.94000244140625,237.47000122070312,233.14999389648438,235.89999389648438,25324000,MSFT
2021-03-02,223.9271697998047,233.8699951171875,237.3000030517578,233.4499969482422,237.00999450683594,22812500,MSFT
2021-03-03,217.8854217529297,227.55999755859375,233.5800018310547,227.25999450683594,232.16000366210938,34029500,MSFT
2021-03-04,217.0907745361328,226.72999572753906,232.49000549316406,224.25999450683594,226.74000549316406,44727800,MSFT
2021-03-05,221.75369262695312,231.60000610351562,233.27000427246094,226.4600067138672,229.52000427246094,41872800,MSFT
2021-03-08,217.72271728515625,227.38999938964844,233.3699951171875,227.1300048828125,231.3699951171875,35267400,MSFT
2021-03-09,223.84103393554688,233.77999877929688,235.3800048828125,231.6699981689453,232.8800048828125,33080500,MSFT
2021-03-10,222.53883361816406,232.4199981689453,237.0,232.0399932861328,237.0,29746800,MSFT
2021-03-11,227.0486297607422,237.1300048828125,239.1699981689453,234.30999755859375,234.9600067138672,29907600,MSFT
2021-03-12,225.72727966308594,235.75,235.82000732421875,233.22999572753906,234.00999450683594,22653700,MSFT
2021-03-15,224.82720947265625,234.80999755859375,235.19000244140625,231.80999755859375,234.9600067138672,26034900,MSFT
2021-03-16,227.6039581298828,237.7100067138672,240.05999755859375,235.94000244140625,236.27999877929688,28092200,MSFT
2021-03-17,226.96240234375,237.0399932861328,238.5500030517578,233.22999572753906,236.14999389648438,29562100,MSFT
2021-03-18,220.91114807128906,230.72000122070312,234.19000244140625,230.3300018310547,232.55999755859375,34833000,MSFT
2021-03-19,220.556884765625,230.35000610351562,232.47000122070312,229.35000610351562,231.02000427246094,46430700,MSFT
2021-03-22,225.9570770263672,235.99000549316406,236.89999389648438,230.13999938964844,230.27000427246094,30127000,MSFT
2021-03-23,227.47946166992188,237.5800018310547,241.0500030517578,237.07000732421875,237.49000549316406,31638400,MSFT
2021-03-24,225.44960021972656,235.4600067138672,238.0,235.32000732421875,237.85000610351562,25620100,MSFT
2021-03-25,222.46224975585938,232.33999633789062,236.94000244140625,231.57000732421875,235.3000030517578,34061900,MSFT
2021-03-26,226.42625427246094,236.47999572753906,236.7100067138672,231.5500030517578,231.5500030517578,25479900,MSFT
2021-03-29,225.2389373779297,235.24000549316406,236.8000030517578,231.8800048828125,236.58999633789062,25227500,MSFT
2021-03-30,221.9930877685547,231.85000610351562,233.85000610351562,231.10000610351562,233.52999877929688,24792000,MSFT
2021-03-31,225.7464141845703,235.77000427246094,239.10000610351562,232.38999938964844,232.91000366210938,43623500,MSFT
2021-04-01,232.04666137695312,242.35000610351562,242.83999633789062,238.0500030517578,238.47000122070312,30338000,MSFT
2021-04-05,238.4810028076172,249.07000732421875,249.9600067138672,242.6999969482422,242.75999450683594,36910600,MSFT
2021-04-06,237.3224334716797,247.86000061035156,249.39999389648438,246.8800048828125,247.61000061035156,22931900,MSFT
2021-04-07,239.2756805419922,249.89999389648438,250.92999267578125,247.19000244140625,247.80999755859375,22719800,MSFT
2021-04-08,242.48330688476562,253.25,254.13999938964844,252.0,252.77000427246094,23625200,MSFT
2021-04-09,244.97274780273438,255.85000610351562,255.99000549316406,252.44000244140625,252.8699951171875,24326800,MSFT
2021-04-12,245.03018188476562,255.91000366210938,257.6700134277344,254.6199951171875,254.7100067138672,27148700,MSFT
2021-04-13,247.50048828125,258.489990234375,259.19000244140625,256.8299865722656,257.260009765625,23837500,MSFT
2021-04-14,244.72377014160156,255.58999633789062,258.8299865722656,255.16000366210938,257.4800109863281,23070900,MSFT
2021-04-15,248.4675750732422,259.5,259.92999267578125,257.7300109863281,257.92999267578125,25627500,MSFT
2021-04-16,249.6548614501953,260.739990234375,261.0,257.6000061035156,259.4700012207031,24878600,MSFT
2021-04-19,247.7398681640625,258.739990234375,261.4800109863281,257.82000732421875,260.19000244140625,23209300,MSFT
2021-04-20,247.28030395507812,258.260009765625,260.20001220703125,256.8399963378906,257.82000732421875,19722900,MSFT
2021-04-21,249.50161743164062,260.5799865722656,260.67999267578125,257.25,258.94000244140625,24030400,MSFT
2021-04-22,246.23666381835938,257.1700134277344,261.7799987792969,255.63999938964844,260.2099914550781,25606200,MSFT
2021-04-23,250.0474090576172,261.1499938964844,261.510009765625,257.2699890136719,257.8800048828125,21462600,MSFT
2021-04-26,250.43043518066406,261.54998779296875,262.44000244140625,260.1700134277344,261.6600036621094,19763300,MSFT
2021-04-27,250.8325958251953,261.9700012207031,263.19000244140625,260.1199951171875,261.5799865722656,31014200,MSFT
2021-04-28,243.73756408691406,254.55999755859375,256.5400085449219,252.9499969482422,256.0799865722656,46903100,MSFT
2021-04-29,241.77474975585938,252.50999450683594,256.1000061035156,249.0,255.4600067138672,40589000,MSFT
2021-04-30,241.45875549316406,252.17999267578125,253.0800018310547,249.60000610351562,249.74000549316406,30945100,MSFT
2021-05-03,241.15235900878906,251.86000061035156,254.35000610351562,251.1199951171875,253.39999389648438,19626600,MSFT
2021-05-04,237.25540161132812,247.7899932861328,251.2100067138672,245.75999450683594,250.97000122070312,32756100,MSFT
2021-05-05,235.99156188964844,246.47000122070312,249.5,245.82000732421875,249.05999755859375,21901300,MSFT
2021-05-06,239.11289978027344,249.72999572753906,249.86000061035156,244.69000244140625,246.4499969482422,26491100,MSFT
2021-05-07,241.72683715820312,252.4600067138672,254.3000030517578,251.1699981689453,252.14999389648438,27032900,MSFT
2021-05-10,236.67135620117188,247.17999267578125,251.72999572753906,247.1199951171875,250.8699951171875,29299900,MSFT
2021-05-11,235.7617645263672,246.22999572753906,246.60000610351562,242.57000732421875,244.5500030517578,33641600,MSFT
2021-05-12,228.83908081054688,239.0,244.3800048828125,238.07000732421875,242.1699981689453,36684400,MSFT
2021-05-13,232.69775390625,243.02999877929688,245.60000610351562,241.4199981689453,241.8000030517578,29624300,MSFT
2021-05-14,237.60011291503906,248.14999389648438,249.17999267578125,245.49000549316406,245.5800018310547,23901100,MSFT
2021-05-17,234.75636291503906,245.17999267578125,246.58999633789062,243.52000427246094,246.5500030517578,24970200,MSFT
2021-05-18,232.74560546875,243.0800018310547,246.41000366210938,242.89999389648438,246.27000427246094,20168000,MSFT
2021-05-19,233.3214569091797,243.1199951171875,243.22999572753906,238.60000610351562,239.30999755859375,25739800,MSFT
2021-05-20,236.54603576660156,246.47999572753906,247.9499969482422,243.86000061035156,243.9600067138672,21800700,MSFT
2021-05-21,235.28883361816406,245.1699981689453,248.3300018310547,244.74000549316406,247.57000732421875,21863100,MSFT
2021-05-24,240.67274475097656,250.77999877929688,251.16000366210938,247.50999450683594,247.7899932861328,21411500,MSFT
2021-05-25,241.5748748779297,251.72000122070312,252.75,250.82000732421875,251.77000427246094,17704300,MSFT
2021-05-26,241.35411071777344,251.49000549316406,252.94000244140625,250.75,251.42999267578125,17771600,MSFT
2021-05-27,239.26197814941406,249.30999755859375,251.47999572753906,249.25,251.1699981689453,24426200,MSFT
2021-05-28,239.61708068847656,249.67999267578125,252.0800018310547,249.55999755859375,251.0,18270200,MSFT
2021-06-01,237.4290008544922,247.39999389648438,251.2899932861328,246.9600067138672,251.22999572753906,23213300,MSFT
2021-06-02,237.33299255371094,247.3000030517578,249.27000427246094,245.83999633789062,248.1300048828125,19406700,MSFT
2021-06-03,235.80709838867188,245.7100067138672,246.33999633789062,243.0,245.22000122070312,25307700,MSFT
2021-06-04,240.68234252929688,250.7899932861328,251.64999389648438,247.50999450683594,247.75999450683594,25281100,MSFT
2021-06-07,243.5806121826172,253.80999755859375,254.08999633789062,249.80999755859375,249.97999572753906,23079200,MSFT
2021-06-08,242.39060974121094,252.57000732421875,256.010009765625,252.50999450683594,255.16000366210938,22455000,MSFT
2021-06-09,243.3695068359375,253.58999633789062,255.52999877929688,253.2100067138672,253.80999755859375,17937600,MSFT
2021-06-10,246.87237548828125,257.239990234375,257.4599914550781,253.6699981689453,254.2899932861328,24563600,MSFT
2021-06-11,247.4962158203125,257.8900146484375,258.489990234375,256.6099853515625,257.989990234375,18999700,MSFT
2021-06-14,249.41558837890625,259.8900146484375,259.95001220703125,256.79998779296875,257.8999938964844,19150500,MSFT
2021-06-15,247.9472198486328,258.3599853515625,259.989990234375,257.67999267578125,259.7699890136719,18038900,MSFT
2021-06-16,247.0067596435547,257.3800048828125,260.5799865722656,254.4199981689453,259.3999938964844,27220000,MSFT
2021-06-17,250.38482666015625,260.8999938964844,261.75,256.010009765625,256.07000732421875,27565500,MSFT
2021-06-18,248.97409057617188,259.42999267578125,262.29998779296875,258.75,259.6300048828125,37202200,MSFT
2021-06-21,252.045166015625,262.6300048828125,263.5199890136719,257.9200134277344,259.82000732421875,26696100,MSFT
2021-06-22,254.8090362548828,265.510009765625,265.7900085449219,262.3999938964844,262.7200012207031,24694100,MSFT
2021-06-23,254.5786895751953,265.2699890136719,266.8299865722656,264.42999267578125,265.989990234375,19518700,MSFT
2021-06-24,255.94151306152344,266.69000244140625,267.8500061035156,265.4700012207031,266.1600036621094,21446900,MSFT
2021-06-25,254.33885192871094,265.0199890136719,267.25,264.760009765625,266.2300109863281,25611100,MSFT
2021-06-28,257.88970947265625,268.7200012207031,268.8999938964844,265.9100036621094,266.19000244140625,19590000,MSFT
2021-06-29,260.4616394042969,271.3999938964844,271.6499938964844,267.9800109863281,268.8699951171875,19937800,MSFT
2021-06-30,259.9817810058594,270.8999938964844,271.3599853515625,269.6000061035156,270.69000244140625,21656500,MSFT
2021-07-01,260.65362548828125,271.6000061035156,271.8399963378906,269.6000061035156,269.6099853515625,16725300,MSFT
2021-07-02,266.45977783203125,277.6499938964844,278.0,272.5,272.82000732421875,26458000,MSFT
2021-07-06,266.46942138671875,277.6600036621094,279.3699951171875,274.29998779296875,278.0299987792969,31565600,MSFT
2021-07-07,268.6479187011719,279.92999267578125,280.69000244140625,277.1499938964844,279.3999938964844,23260000,MSFT
2021-07-08,266.2390441894531,277.4200134277344,278.7300109863281,274.8699951171875,276.8999938964844,24618600,MSFT
2021-07-09,266.7381591796875,277.94000244140625,278.04998779296875,275.32000732421875,275.7200012207031,23916700,MSFT
2021-07-12,266.1430969238281,277.32000732421875,279.7699890136719,276.5799865722656,279.1600036621094,18931700,MSFT
2021-07-13,269.6555480957031,280.9800109863281,282.8500061035156,277.3900146484375,277.5199890136719,26120100,MSFT
2021-07-14,271.1238708496094,282.510009765625,283.6600036621094,280.54998779296875,282.3500061035156,23113700,MSFT
2021-07-15,269.7036437988281,281.0299987792969,282.510009765625,279.8299865722656,282.0,22604200,MSFT
2021-07-16,269.43475341796875,280.75,284.1000061035156,279.4599914550781,282.07000732421875,26186800,MSFT
2021-07-19,265.8455810546875,277.010009765625,280.3699951171875,274.45001220703125,278.92999267578125,32935600,MSFT
2021-07-20,268.0624694824219,279.32000732421875,280.9700012207031,276.260009765625,278.0299987792969,26259700,MSFT
2021-07-21,270.0586242675781,281.3999938964844,281.5199890136719,277.2900085449219,278.8999938964844,24364300,MSFT
2021-07-22,274.6075744628906,286.1400146484375,286.4200134277344,283.4200134277344,283.8399963378906,23384100,MSFT
2021-07-23,277.9953918457031,289.6700134277344,289.989990234375,286.5,287.3699951171875,22768100,MSFT
2021-07-26,277.4003601074219,289.04998779296875,289.69000244140625,286.6400146484375,289.0,23176100,MSFT
2021-07-27,274.9915466308594,286.5400085449219,289.5799865722656,282.95001220703125,289.42999267578125,33604100,MSFT
2021-07-28,274.684326171875,286.2200012207031,290.1499938964844,283.8299865722656,288.989990234375,33566900,MSFT
2021-07-29,274.953125,286.5,288.6199951171875,286.0799865722656,286.239990234375,18168300,MSFT
2021-07-30,273.4272155761719,284.9100036621094,286.6600036621094,283.9100036621094,285.1700134277344,20944800,MSFT
2021-08-02,273.3408203125,284.82000732421875,286.7699890136719,283.739990234375,286.3599853515625,16267400,MSFT
2021-08-03,275.5481262207031,287.1199951171875,287.2300109863281,284.0,285.4200134277344,17879000,MSFT
2021-08-04,274.96270751953125,286.510009765625,287.5899963378906,284.6499938964844,286.2200012207031,16191300,MSFT
2021-08-05,277.8514099121094,289.5199890136719,289.6300048828125,286.1000061035156,286.8800048828125,13900200,MSFT
2021-08-06,277.79388427734375,289.4599914550781,289.5,287.6199951171875,288.510009765625,16589300,MSFT
2021-08-09,276.7092590332031,288.3299865722656,291.54998779296875,287.80999755859375,289.75,16117600,MSFT
2021-08-10,274.8954772949219,286.44000244140625,289.25,285.20001220703125,288.79998779296875,18616600,MSFT
2021-08-11,275.3849792480469,286.95001220703125,288.6600036621094,285.8599853515625,287.2099914550781,13955900,MSFT
2021-08-12,278.1296691894531,289.80999755859375,289.9700012207031,286.3399963378906,286.6300048828125,14561300,MSFT
2021-08-13,281.04718017578125,292.8500061035156,292.8999938964844,289.29998779296875,289.4800109863281,18249000,MSFT
2021-08-16,282.7266845703125,294.6000061035156,294.82000732421875,290.0199890136719,293.19000244140625,22507600,MSFT
2021-08-17,281.26788330078125,293.0799865722656,293.42999267578125,291.0799865722656,292.3900146484375,20075300,MSFT
2021-08-18,279.5468444824219,290.7300109863281,294.82000732421875,290.2699890136719,292.0400085449219,21813000,MSFT
2021-08-19,285.3544616699219,296.7699890136719,297.4700012207031,288.6400146484375,288.69000244140625,29850500,MSFT
2021-08-20,292.6524963378906,304.3599853515625,305.8399963378906,298.05999755859375,299.7200012207031,40817600,MSFT
2021-08-23,292.9313049316406,304.6499938964844,305.3999938964844,301.8500061035156,303.25,22830200,MSFT
2021-08-24,290.9793701171875,302.6199951171875,305.6499938964844,302.0,305.0199890136719,18175800,MSFT
2021-08-25,290.39288330078125,302.010009765625,304.5899963378906,300.4200134277344,304.29998779296875,20006100,MSFT
2021-08-26,287.5851745605469,299.0899963378906,302.42999267578125,298.95001220703125,300.989990234375,17666100,MSFT
2021-08-27,288.19097900390625,299.7200012207031,300.8699951171875,296.8299865722656,298.989990234375,22605700,MSFT
2021-08-30,291.912109375,303.5899963378906,304.2200012207031,301.05999755859375,301.1199951171875,16348100,MSFT
2021-08-31,290.2678527832031,301.8800048828125,304.5,301.5,304.4200134277344,26285300,MSFT
2021-09-01,290.2197570800781,301.8299865722656,305.19000244140625,301.489990234375,302.8699951171875,18983800,MSFT
2021-09-02,289.5659484863281,301.1499938964844,303.3599853515625,300.17999267578125,302.20001220703125,16285600,MSFT
2021-09-03,289.5563659667969,301.1400146484375,302.6000061035156,300.260009765625,300.989990234375,14747900,MSFT
2021-09-07,288.6332702636719,300.17999267578125,301.0899963378906,298.20001220703125,301.010009765625,17180400,MSFT
2021-09-08,288.66217041015625,300.2099914550781,300.6099853515625,297.4700012207031,299.7799987792969,15046800,MSFT
2021-09-09,285.8160400390625,297.25,302.1400146484375,297.0,300.82000732421875,19927000,MSFT
2021-09-10,284.3351745605469,295.7099914550781,299.9200134277344,295.3800048828125,298.4200134277344,19633400,MSFT
2021-09-13,285.56597900390625,296.989990234375,298.5400085449219,294.0799865722656,297.54998779296875,23652900,MSFT
2021-09-14,288.25823974609375,299.7900085449219,301.3900146484375,298.1000061035156,299.55999755859375,21853400,MSFT
2021-09-15,293.09478759765625,304.82000732421875,305.32000732421875,301.82000732421875,303.260009765625,28356300,MSFT
2021-09-16,293.47943115234375,305.2200012207031,305.30999755859375,300.760009765625,303.760009765625,19550800,MSFT
2021-09-17,288.335205078125,299.8699951171875,304.5,299.5299987792969,304.1700134277344,41372500,MSFT
2021-09-20,282.9794006347656,294.29998779296875,298.7200012207031,289.5199890136719,296.3299865722656,38278700,MSFT
2021-09-21,283.460205078125,294.79998779296875,297.5400085449219,294.07000732421875,295.69000244140625,22364100,MSFT
2021-09-22,287.09478759765625,298.5799865722656,300.2200012207031,294.510009765625,296.7300109863281,26626300,MSFT
2021-09-23,288.03717041015625,299.55999755859375,300.8999938964844,297.5299987792969,298.8500061035156,18604600,MSFT
2021-09-24,287.8352355957031,299.3500061035156,299.79998779296875,296.92999267578125,298.2300109863281,14999000,MSFT
2021-09-27,282.8544616699219,294.1700134277344,296.4700012207031,292.94000244140625,296.1400146484375,23571700,MSFT
2021-09-28,272.61407470703125,283.5199890136719,290.7799987792969,282.75,289.79998779296875,43186200,MSFT
2021-09-29,273.07574462890625,284.0,286.7699890136719,283.010009765625,285.1000061035156,26353700,MSFT
2021-09-30,271.0755920410156,281.9200134277344,287.8299865722656,281.6199951171875,285.7099914550781,32343600,MSFT
2021-10-01,277.9795227050781,289.1000061035156,289.9800109863281,281.2900085449219,282.1199951171875,30086300,MSFT
2021-10-04,272.2198791503906,283.1099853515625,287.75,280.25,287.3999938964844,31350700,MSFT
2021-10-05,277.6525573730469,288.760009765625,290.3999938964844,284.04998779296875,284.04998779296875,24993000,MSFT
2021-10-06,281.8351745605469,293.1099853515625,293.6300048828125,285.510009765625,285.7799987792969,28002600,MSFT
2021-10-07,283.50823974609375,294.8500061035156,296.6400146484375,293.9200134277344,295.17999267578125,20430500,MSFT
2021-10-08,283.50823974609375,294.8500061035156,296.6400146484375,293.760009765625,296.2200012207031,17685700,MSFT
2021-10-11,282.91217041015625,294.2300109863281,297.9700012207031,292.75,292.9200134277344,19298600,MSFT
2021-10-12,281.61407470703125,292.8800048828125,295.44000244140625,292.3500061035156,295.3399963378906,17974100,MSFT
2021-10-13,284.912109375,296.30999755859375,297.2799987792969,293.489990234375,294.9100036621094,23416300,MSFT
2021-10-14,291.10443115234375,302.75,303.2699890136719,297.8299865722656,299.2099914550781,27262900,MSFT
2021-10-15,292.50830078125,304.2099914550781,304.45001220703125,300.5199890136719,302.3399963378906,25384800,MSFT
2021-10-18,295.4697570800781,307.2900085449219,308.2099914550781,302.69000244140625,303.57000732421875,22729300,MSFT
2021-10-19,296.3736267089844,308.2300109863281,309.29998779296875,307.2200012207031,308.3500061035156,17682100,MSFT
2021-10-20,295.58514404296875,307.4100036621094,309.70001220703125,306.1099853515625,309.2099914550781,16537100,MSFT
2021-10-21,298.8062744140625,310.760009765625,311.0199890136719,306.3599853515625,307.1700134277344,16918100,MSFT
2021-10-22,297.26788330078125,309.1600036621094,311.0899963378906,307.79998779296875,310.3999938964844,17449300,MSFT
2021-10-25,296.2774353027344,308.1300048828125,309.3999938964844,306.4599914550781,309.3599853515625,17554500,MSFT
2021-10-26,298.1813049316406,310.1099853515625,312.3999938964844,308.6000061035156,311.0,28107300,MSFT
2021-10-27,310.7389221191406,323.1700134277344,326.1000061035156,316.0,316.0,52588700,MSFT
2021-10-28,311.87347412109375,324.3500061035156,324.8699951171875,321.3599853515625,324.3299865722656,26297900,MSFT
2021-10-29,318.86383056640625,331.6199951171875,332.0,323.8999938964844,324.1300048828125,34766000,MSFT
2021-11-01,316.7004699707031,329.3699951171875,331.489990234375,326.3699951171875,331.3599853515625,27073200,MSFT
2021-11-02,320.3157653808594,333.1300048828125,333.45001220703125,330.0,330.30999755859375,26487100,MSFT
2021-11-03,321.1523132324219,334.0,334.8999938964844,330.6499938964844,333.8999938964844,21500100,MSFT
2021-11-04,323.4985656738281,336.44000244140625,336.5400085449219,329.510009765625,332.8900146484375,23992200,MSFT
2021-11-05,323.133056640625,336.05999755859375,338.7900085449219,334.4200134277344,338.510009765625,22570100,MSFT
2021-11-08,324.02734375,336.989990234375,337.6499938964844,334.44000244140625,337.29998779296875,20897000,MSFT
2021-11-09,323.02728271484375,335.95001220703125,338.7200012207031,334.5299987792969,337.1099853515625,21307400,MSFT
2021-11-10,318.075439453125,330.79998779296875,334.6300048828125,329.9200134277344,334.57000732421875,25500900,MSFT
2021-11-11,319.6427001953125,332.42999267578125,333.7699890136719,330.510009765625,331.25,16849800,MSFT
2021-11-12,323.7676696777344,336.7200012207031,337.2300109863281,333.7900085449219,333.9200134277344,23831000,MSFT
2021-11-15,323.1426696777344,336.07000732421875,337.8800048828125,334.0299987792969,337.5400085449219,16723000,MSFT
2021-11-16,326.4504699707031,339.510009765625,340.6700134277344,335.510009765625,335.67999267578125,20886800,MSFT
2021-11-17,326.67193603515625,339.1199951171875,342.19000244140625,338.0,338.94000244140625,19053400,MSFT
2021-11-18,328.7430114746094,341.2699890136719,342.45001220703125,337.1199951171875,338.17999267578125,22463500,MSFT
2021-11-19,330.5154724121094,343.1099853515625,345.1000061035156,342.20001220703125,342.6400146484375,21963400,MSFT
2021-11-22,327.3558654785156,339.8299865722656,349.6700134277344,339.54998779296875,344.6199951171875,31031100,MSFT
2021-11-23,325.28485107421875,337.67999267578125,339.45001220703125,333.55999755859375,337.04998779296875,30427600,MSFT
2021-11-24,325.5064392089844,337.9100036621094,338.1600036621094,333.9100036621094,336.2799987792969,21661300,MSFT
2021-11-26,317.5784606933594,329.67999267578125,337.92999267578125,328.1199951171875,334.3500061035156,24217200,MSFT
2021-11-29,324.2733154296875,336.6300048828125,339.0299987792969,334.739990234375,334.94000244140625,28563500,MSFT
2021-11-30,318.4551086425781,330.5899963378906,337.7799987792969,328.989990234375,335.32000732421875,42885600,MSFT
2021-12-01,317.96380615234375,330.0799865722656,339.2799987792969,329.3900146484375,335.1300048828125,33337600,MSFT
2021-12-02,317.3954772949219,329.489990234375,333.489990234375,327.79998779296875,330.29998779296875,30766000,MSFT
2021-12-03,311.1533203125,323.010009765625,332.70001220703125,318.0299987792969,331.989990234375,41779300,MSFT
2021-12-06,314.2165832519531,326.19000244140625,327.45001220703125,319.2300109863281,323.95001220703125,30032600,MSFT
2021-12-07,322.62615966796875,334.9200134277344,335.79998779296875,330.1000061035156,331.6400146484375,31021900,MSFT
2021-12-08,322.67431640625,334.9700012207031,335.5,330.79998779296875,335.30999755859375,24761000,MSFT
2021-12-09,320.8729248046875,333.1000061035156,336.489990234375,332.1199951171875,334.4100036621094,22214200,MSFT
2021-12-10,329.9664306640625,342.5400085449219,343.0,334.7900085449219,334.9800109863281,38095700,MSFT
2021-12-13,326.941650390625,339.3999938964844,343.7900085449219,339.0799865722656,340.67999267578125,28899400,MSFT
2021-12-14,316.2876281738281,328.3399963378906,334.6400146484375,324.1099853515625,333.2200012207031,44438700,MSFT
2021-12-15,322.36602783203125,334.6499938964844,335.19000244140625,324.5,328.6099853515625,35381100,MSFT
2021-12-16,312.9739685058594,324.8999938964844,336.760009765625,323.0199890136719,335.7099914550781,35034800,MSFT
2021-12-17,311.914306640625,323.79998779296875,324.9200134277344,317.25,320.8800048828125,47750300,MSFT
2021-12-20,308.1670837402344,319.9100036621094,322.79998779296875,317.57000732421875,320.04998779296875,28326500,MSFT
2021-12-21,315.2762451171875,327.2900085449219,327.7300109863281,319.79998779296875,323.2900085449219,24740600,MSFT
2021-12-22,320.9693298339844,333.20001220703125,333.6099853515625,325.75,328.29998779296875,24831500,MSFT
2021-12-23,322.40460205078125,334.69000244140625,336.3900146484375,332.7300109863281,332.75,19617800,MSFT
2021-12-27,329.8797302246094,342.45001220703125,342.4800109863281,335.42999267578125,335.4599914550781,19947000,MSFT
2021-12-28,328.7237854003906,341.25,343.80999755859375,340.32000732421875,343.1499938964844,15661500,MSFT
2021-12-29,329.3980712890625,341.95001220703125,344.29998779296875,339.67999267578125,341.29998779296875,15042000,MSFT
2021-12-30,326.8646240234375,339.32000732421875,343.1300048828125,338.82000732421875,341.9100036621094,15994500,MSFT
2021-12-31,323.9747314453125,336.32000732421875,339.3599853515625,335.8500061035156,338.510009765625,18000800,MSFT
2022-01-03,322.46234130859375,334.75,338.0,329.7799987792969,335.3500061035156,28865100,MSFT
2022-01-04,316.9330749511719,329.010009765625,335.20001220703125,326.1199951171875,334.8299865722656,32674300,MSFT
2022-01-05,304.76666259765625,316.3800048828125,326.07000732421875,315.9800109863281,325.8599853515625,40054300,MSFT
2022-01-06,302.3584289550781,313.8800048828125,318.70001220703125,311.489990234375,313.1499938964844,39646100,MSFT
2022-01-07,302.5125732421875,314.0400085449219,316.5,310.0899963378906,314.1499938964844,32720000,MSFT
2022-01-10,302.7341613769531,314.2699890136719,314.7200012207031,304.69000244140625,309.489990234375,44289500,MSFT
2022-01-11,303.4181213378906,314.9800109863281,316.6099853515625,309.8900146484375,313.3800048828125,29386800,MSFT
2022-01-12,306.5873107910156,318.2699890136719,323.4100036621094,317.0799865722656,319.6700134277344,34372200,MSFT
2022-01-13,293.6117858886719,304.79998779296875,320.8800048828125,304.0,320.4700012207031,45366000,MSFT
2022-01-14,298.8135681152344,310.20001220703125,310.82000732421875,303.75,304.25,39846400,MSFT
2022-01-18,291.54071044921875,302.6499938964844,309.79998779296875,301.739990234375,304.07000732421875,42333200,MSFT
2022-01-19,292.1956787109375,303.3299865722656,313.9100036621094,302.70001220703125,306.2900085449219,45933900,MSFT
2022-01-20,290.5291748046875,301.6000061035156,311.6499938964844,301.1400146484375,309.07000732421875,35380700,MSFT
2022-01-21,285.1636962890625,296.0299987792969,304.1099853515625,295.6099853515625,302.69000244140625,57984400,MSFT
2022-01-24,285.4911804199219,296.3699951171875,297.1099853515625,276.04998779296875,292.20001220703125,85731500,MSFT
2022-01-25,277.9004211425781,288.489990234375,294.989990234375,285.1700134277344,291.5199890136719,72848600,MSFT
2022-01-26,285.8187561035156,296.7099914550781,308.5,293.0299987792969,307.989990234375,90428900,MSFT
2022-01-27,288.8337707519531,299.8399963378906,307.29998779296875,297.92999267578125,302.6600036621094,53481300,MSFT
2022-01-28,296.94476318359375,308.260009765625,308.4800109863281,294.45001220703125,300.2300109863281,49743700,MSFT
2022-01-31,299.5648498535156,310.9800109863281,312.3800048828125,306.3699951171875,308.95001220703125,46444500,MSFT
2022-02-01,297.42633056640625,308.760009765625,310.6300048828125,305.1300048828125,310.4100036621094,40950400,MSFT
2022-02-02,301.953857421875,313.4599914550781,315.1199951171875,308.8800048828125,309.6300048828125,36636000,MSFT
2022-02-03,290.19207763671875,301.25,311.2300109863281,299.9599914550781,309.489990234375,43730000,MSFT
2022-02-04,294.70989990234375,305.94000244140625,308.79998779296875,299.9700012207031,300.2099914550781,35096500,MSFT
2022-02-07,289.903076171875,300.95001220703125,307.8399963378906,299.8999938964844,306.1700134277344,28533300,MSFT
2022-02-08,293.38055419921875,304.55999755859375,305.55999755859375,299.95001220703125,301.25,32421200,MSFT
2022-02-09,299.78643798828125,311.2099914550781,311.92999267578125,307.3900146484375,309.8699951171875,31284700,MSFT
2022-02-10,291.28057861328125,302.3800048828125,309.1199951171875,300.70001220703125,304.0400085449219,45386200,MSFT
2022-02-11,284.2100524902344,295.0400085449219,304.2900085449219,294.2200012207031,303.19000244140625,39175600,MSFT
2022-02-14,284.1714782714844,295.0,296.760009765625,291.3500061035156,293.7699890136719,36359500,MSFT
2022-02-15,289.4407043457031,300.4700012207031,300.79998779296875,297.0199890136719,300.010009765625,27058300,MSFT
2022-02-16,289.1028137207031,299.5,300.8699951171875,293.67999267578125,298.3699951171875,29982100,MSFT
2022-02-17,280.6372985839844,290.7300109863281,296.79998779296875,290.0,296.3599853515625,32461600,MSFT
2022-02-18,277.93450927734375,287.92999267578125,293.8599853515625,286.30999755859375,293.04998779296875,34264000,MSFT
2022-02-22,277.7317810058594,287.7200012207031,291.5400085449219,284.5,285.0,41736100,MSFT
2022-02-23,270.5403747558594,280.2699890136719,291.70001220703125,280.1000061035156,290.17999267578125,37811200,MSFT
2022-02-24,284.3633728027344,294.5899963378906,295.1600036621094,271.5199890136719,272.510009765625,56989700,MSFT
2022-02-25,286.9888610839844,297.30999755859375,297.6300048828125,291.6499938964844,295.1400146484375,32546700,MSFT
2022-02-28,288.4175109863281,298.7900085449219,299.1400146484375,293.0,294.30999755859375,34627500,MSFT
2022-03-01,284.7108154296875,294.95001220703125,299.9700012207031,292.1499938964844,296.3999938964844,31217800,MSFT
2022-03-02,289.7688903808594,300.19000244140625,301.4700012207031,293.70001220703125,295.3599853515625,31873000,MSFT
2022-03-03,285.64715576171875,295.9200134277344,303.1300048828125,294.04998779296875,302.8900146484375,27314500,MSFT
2022-03-04,279.7974548339844,289.8599853515625,295.6600036621094,287.1700134277344,294.2900085449219,32356500,MSFT
2022-03-07,269.2276306152344,278.9100036621094,289.69000244140625,278.5299987792969,288.5299987792969,43157200,MSFT
2022-03-08,266.27386474609375,275.8500061035156,283.9599914550781,270.0,277.79998779296875,48159500,MSFT
2022-03-09,278.48468017578125,288.5,289.6000061035156,280.7799987792969,283.44000244140625,35204500,MSFT
2022-03-10,275.6756896972656,285.5899963378906,286.6000061035156,280.5799865722656,283.0199890136719,30628000,MSFT
2022-03-11,270.3473205566406,280.07000732421875,289.510009765625,279.42999267578125,287.9599914550781,27209300,MSFT
2022-03-14,266.8433532714844,276.44000244140625,285.3999938964844,275.82000732421875,280.3399963378906,30660700,MSFT
2022-03-15,277.18157958984375,287.1499938964844,287.82000732421875,278.7300109863281,280.3500061035156,34245100,MSFT
2022-03-16,284.17022705078125,294.3900146484375,294.57000732421875,283.20001220703125,289.1099853515625,37826300,MSFT
2022-03-17,284.9713439941406,295.2200012207031,295.6099853515625,289.3699951171875,293.2900085449219,30816600,MSFT
2022-03-18,290.0005798339844,300.42999267578125,301.0,292.7300109863281,295.3699951171875,43390600,MSFT
2022-03-21,288.77459716796875,299.1600036621094,300.1400146484375,294.8999938964844,298.8900146484375,28351200,MSFT
2022-03-22,293.50457763671875,304.05999755859375,305.0,298.7699890136719,299.79998779296875,27599700,MSFT
2022-03-23,289.0931396484375,299.489990234375,303.2300109863281,297.7200012207031,300.510009765625,25715400,MSFT
2022-03-24,293.54315185546875,304.1000061035156,304.20001220703125,298.32000732421875,299.1400146484375,24484500,MSFT
2022-03-25,293.1376647949219,303.67999267578125,305.5,299.2900085449219,305.2300109863281,22566500,MSFT
2022-03-28,299.9140319824219,310.70001220703125,310.79998779296875,304.3299865722656,304.3299865722656,29578200,MSFT
2022-03-29,304.4605407714844,315.4100036621094,315.82000732421875,309.04998779296875,313.9100036621094,30393400,MSFT
2022-03-30,302.9643249511719,313.8599853515625,315.95001220703125,311.5799865722656,313.760009765625,28163600,MSFT
2022-03-31,297.60693359375,308.30999755859375,315.1400146484375,307.8900146484375,313.8999938964844,33422100,MSFT
2022-04-01,298.678466796875,309.4200134277344,310.1300048828125,305.5400085449219,309.3699951171875,27110500,MSFT
2022-04-04,304.0357971191406,314.9700012207031,315.1099853515625,309.7099914550781,310.0899963378906,24289600,MSFT
2022-04-05,300.0877685546875,310.8800048828125,314.8699951171875,309.8699951171875,313.2699890136719,23156700,MSFT
2022-04-06,289.1028137207031,299.5,307.0,296.7099914550781,305.19000244140625,40110400,MSFT
2022-04-07,290.90789794921875,301.3699951171875,303.6499938964844,296.3500061035156,296.6600036621094,31411200,MSFT
2022-04-08,286.66058349609375,296.9700012207031,301.1199951171875,296.2799987792969,300.44000244140625,24361900,MSFT
2022-04-11,275.3571472167969,285.260009765625,292.6099853515625,285.0,291.7900085449219,34569300,MSFT
2022-04-12,272.268310546875,282.05999755859375,290.739990234375,280.489990234375,289.239990234375,30966700,MSFT
2022-04-13,277.6352233886719,287.6199951171875,288.5799865722656,281.29998779296875,282.7300109863281,21907200,MSFT
2022-04-14,270.1156311035156,279.8299865722656,288.30999755859375,279.32000732421875,288.0899963378906,28221600,MSFT
2022-04-18,270.78173828125,280.5199890136719,282.4599914550781,278.3399963378906,278.9100036621094,20778000,MSFT
2022-04-19,275.3957824707031,285.29998779296875,286.1700134277344,278.4100036621094,279.3800048828125,22297700,MSFT
2022-04-20,276.4189758300781,286.3599853515625,289.70001220703125,285.3699951171875,289.3999938964844,22906700,MSFT
2022-04-21,271.06158447265625,280.80999755859375,293.29998779296875,280.05999755859375,288.5799865722656,29454600,MSFT
2022-04-22,264.51708984375,274.0299987792969,283.20001220703125,273.3800048828125,281.67999267578125,29405800,MSFT
2022-04-25,270.9747619628906,280.7200012207031,281.1099853515625,270.7699890136719,273.2900085449219,35678900,MSFT
2022-04-26,260.8392639160156,270.2200012207031,278.3599853515625,270.0,277.5,46518400,MSFT
2022-04-27,273.3879699707031,283.2200012207031,290.9700012207031,279.1600036621094,282.1000061035156,63477700,MSFT
2022-04-28,279.575439453125,289.6300048828125,290.9800109863281,281.4599914550781,285.19000244140625,33646600,MSFT
2022-04-29,267.8858337402344,277.5199890136719,289.8800048828125,276.5,288.6099853515625,37073900,MSFT
2022-05-02,274.5946044921875,284.4700012207031,284.94000244140625,276.2200012207031,277.7099914550781,35151100,MSFT
2022-05-03,271.99798583984375,281.7799987792969,284.1300048828125,280.1499938964844,283.9599914550781,25978600,MSFT
2022-05-04,279.91339111328125,289.9800109863281,290.8800048828125,276.7300109863281,282.5899963378906,33599300,MSFT
2022-05-05,267.7218322753906,277.3500061035156,286.3500061035156,274.3399963378906,285.5400085449219,43260400,MSFT
2022-05-06,265.1927490234375,274.7300109863281,279.25,271.2699890136719,274.80999755859375,37780300,MSFT
2022-05-09,255.39503479003906,264.5799865722656,272.3599853515625,263.32000732421875,270.05999755859375,47726000,MSFT
2022-05-10,260.1442565917969,269.5,273.75,265.07000732421875,271.69000244140625,39336400,MSFT
2022-05-11,251.50491333007812,260.54998779296875,271.3599853515625,259.29998779296875,265.67999267578125,48975900,MSFT
2022-05-12,246.48550415039062,255.35000610351562,259.8800048828125,250.02000427246094,257.69000244140625,51033800,MSFT
2022-05-13,252.05523681640625,261.1199951171875,263.0400085449219,255.35000610351562,257.3500061035156,34925100,MSFT
2022-05-16,252.4220428466797,261.5,265.82000732421875,255.77999877929688,259.9599914550781,32550900,MSFT
2022-05-17,257.55731201171875,266.82000732421875,268.3299865722656,262.4599914550781,266.1099853515625,28828800,MSFT
2022-05-18,245.83084106445312,254.0800018310547,263.6000061035156,252.77000427246094,263.0,31356000,MSFT
2022-05-19,244.9213409423828,253.13999938964844,257.6700134277344,251.8800048828125,253.89999389648438,32692300,MSFT
2022-05-20,244.3601837158203,252.55999755859375,258.5400085449219,246.44000244140625,257.239990234375,39199300,MSFT
2022-05-23,252.18751525878906,260.6499938964844,261.5,253.42999267578125,255.49000549316406,33175400,MSFT
2022-05-24,251.1909637451172,259.6199951171875,261.3299865722656,253.5,257.8900146484375,29043900,MSFT
2022-05-25,253.99679565429688,262.5199890136719,264.5799865722656,257.1300048828125,258.1400146484375,28547900,MSFT
2022-05-26,257.26708984375,265.8999938964844,267.1099853515625,261.42999267578125,262.2699890136719,25002100,MSFT
2022-05-27,264.3687744140625,273.239990234375,273.3399963378906,267.55999755859375,268.4800109863281,26910800,MSFT
2022-05-31,263.0432434082031,271.8699951171875,274.7699890136719,268.92999267578125,272.5299987792969,37827700,MSFT
2022-06-01,263.575439453125,272.4200134277344,277.69000244140625,270.0400085449219,275.20001220703125,25292200,MSFT
2022-06-02,265.66522216796875,274.5799865722656,274.6499938964844,261.6000061035156,264.45001220703125,44008200,MSFT
2022-06-03,261.2532958984375,270.0199890136719,273.45001220703125,268.4100036621094,270.30999755859375,28059000,MSFT
2022-06-06,260.0245361328125,268.75,274.17999267578125,267.2200012207031,272.05999755859375,22400300,MSFT
2022-06-07,263.65277099609375,272.5,273.1300048828125,265.94000244140625,266.6400146484375,22860700,MSFT
2022-06-08,261.630615234375,270.4100036621094,273.0,269.6099853515625,271.7099914550781,17372300,MSFT
2022-06-09,256.1931457519531,264.7900085449219,272.7099914550781,264.6300048828125,267.7799987792969,26439700,MSFT
2022-06-10,244.77626037597656,252.99000549316406,260.5799865722656,252.52999877929688,260.5799865722656,31422800,MSFT
2022-06-13,234.39456176757812,242.25999450683594,249.02000427246094,241.52999877929688,245.11000061035156,46135800,MSFT
2022-06-14,236.5522003173828,244.49000549316406,245.74000549316406,241.50999450683594,243.86000061035156,28651500,MSFT
2022-06-15,243.5861358642578,251.75999450683594,255.3000030517578,246.4199981689453,248.30999755859375,33111700,MSFT
2022-06-16,237.0166015625,244.97000122070312,247.4199981689453,243.02000427246094,245.97999572753906,33169200,MSFT
2022-06-17,239.60960388183594,247.64999389648438,250.5,244.02999877929688,244.6999969482422,43084800,MSFT
2022-06-21,245.50184631347656,253.74000549316406,254.75,249.50999450683594,250.25999450683594,29928300,MSFT
2022-06-22,244.9116668701172,253.1300048828125,257.1700134277344,250.3699951171875,251.88999938964844,25939900,MSFT
2022-06-23,250.45562744140625,258.8599853515625,259.3699951171875,253.6300048828125,255.57000732421875,25861400,MSFT
2022-06-24,259.0086364746094,267.70001220703125,267.9800109863281,261.7200012207031,261.80999755859375,33923200,MSFT
2022-06-27,256.2899475097656,264.8900146484375,268.29998779296875,263.2799987792969,268.2099914550781,24615100,MSFT
2022-06-28,248.15289306640625,256.4800109863281,266.9100036621094,256.32000732421875,263.9800109863281,27295500,MSFT
2022-06-29,251.81016540527344,260.260009765625,261.9700012207031,255.75999450683594,257.5899963378906,20069800,MSFT
2022-06-30,248.4915313720703,256.8299865722656,259.5299987792969,252.89999389648438,257.04998779296875,31730900,MSFT
2022-07-01,251.1522674560547,259.5799865722656,259.7699890136719,254.61000061035156,256.3900146484375,22837700,MSFT
2022-07-05,254.31610107421875,262.8500061035156,262.9800109863281,254.74000549316406,256.1600036621094,22941000,MSFT
2022-07-06,257.56689453125,266.2099914550781,267.989990234375,262.3999938964844,263.75,23824400,MSFT
2022-07-07,259.6859130859375,268.3999938964844,269.05999755859375,265.0199890136719,265.1199951171875,20859900,MSFT
2022-07-08,258.9699401855469,267.6600036621094,268.1000061035156,263.2900085449219,264.7900085449219,19658800,MSFT
2022-07-11,255.9222412109375,264.510009765625,266.5299987792969,262.17999267578125,265.6499938964844,19455200,MSFT
2022-07-12,245.43411254882812,253.6699981689453,265.94000244140625,252.0399932861328,265.8800048828125,35868500,MSFT
2022-07-13,244.51498413085938,252.72000122070312,253.5500030517578,248.11000061035156,250.19000244140625,29497400,MSFT
2022-07-14,245.83084106445312,254.0800018310547,255.13999938964844,245.94000244140625,250.57000732421875,25102800,MSFT
2022-07-15,248.38511657714844,256.7200012207031,260.3699951171875,254.77000427246094,255.72000122070312,29774100,MSFT
2022-07-18,245.99533081054688,254.25,260.8399963378906,253.3000030517578,259.75,20975000,MSFT
2022-07-19,251.1038818359375,259.5299987792969,259.7200012207031,253.67999267578125,257.5799865722656,25012600,MSFT
2022-07-20,253.7549285888672,262.2699890136719,264.8699951171875,258.9100036621094,259.8999938964844,22788300,MSFT
2022-07-21,256.241455078125,264.8399963378906,264.8900146484375,257.0299987792969,259.7900085449219,22404700,MSFT
2022-07-22,251.9069061279297,260.3599853515625,265.3299865722656,259.07000732421875,265.239990234375,21881300,MSFT
2022-07-25,250.42654418945312,258.8299865722656,261.5,256.80999755859375,261.0,21056000,MSFT
2022-07-26,243.7216033935547,251.89999389648438,259.8800048828125,249.57000732421875,259.8599853515625,39348000,MSFT
2022-07-27,260.0148620605469,268.739990234375,270.04998779296875,258.8500061035156,261.1600036621094,45994000,MSFT
2022-07-28,267.43585205078125,276.4100036621094,277.8399963378906,267.8699951171875,269.75,33459300,MSFT
2022-07-29,271.6252136230469,280.739990234375,282.0,276.6300048828125,277.70001220703125,32152800,MSFT
2022-08-01,268.9839172363281,278.010009765625,281.2799987792969,275.8399963378906,277.82000732421875,21539600,MSFT
2022-08-02,265.8974609375,274.82000732421875,277.8900146484375,272.3800048828125,276.0,22754200,MSFT
2022-08-03,273.299072265625,282.4700012207031,283.5,276.6099853515625,276.760009765625,23518900,MSFT
2022-08-04,274.44073486328125,283.6499938964844,283.79998779296875,280.1700134277344,281.79998779296875,18098700,MSFT
2022-08-05,273.7248229980469,282.9100036621094,283.6499938964844,278.67999267578125,279.1499938964844,16774600,MSFT
2022-08-08,271.2189025878906,280.32000732421875,285.9200134277344,279.32000732421875,284.04998779296875,18739200,MSFT
2022-08-09,273.13458251953125,282.29998779296875,283.0799865722656,277.6099853515625,279.6400146484375,23405200,MSFT
2022-08-10,279.7718811035156,289.1600036621094,289.80999755859375,286.94000244140625,288.1700134277344,24687800,MSFT
2022-08-11,277.7014465332031,287.0199890136719,291.2099914550781,286.510009765625,290.8500061035156,20065900,MSFT
2022-08-12,282.43255615234375,291.9100036621094,291.9100036621094,286.94000244140625,288.4800109863281,22619700,MSFT
2022-08-15,283.94195556640625,293.4700012207031,294.17999267578125,290.1099853515625,291.0,18085700,MSFT
2022-08-16,283.2066345214844,292.7099914550781,294.0400085449219,290.4200134277344,291.989990234375,18102900,MSFT
2022-08-17,282.4600524902344,291.32000732421875,293.3500061035156,289.4700012207031,289.739990234375,18253400,MSFT
2022-08-18,281.3450622558594,290.1700134277344,291.9100036621094,289.0799865722656,290.19000244140625,17186200,MSFT
2022-08-19,277.447265625,286.1499938964844,289.25,285.55999755859375,288.8999938964844,20570000,MSFT
2022-08-22,269.302734375,277.75,282.4599914550781,277.2200012207031,282.0799865722656,25061100,MSFT
2022-08-23,268.0325622558594,276.44000244140625,278.8599853515625,275.3999938964844,276.44000244140625,17527400,MSFT
2022-08-24,267.4023742675781,275.7900085449219,277.2300109863281,275.1099853515625,275.4100036621094,18137000,MSFT
2022-08-25,270.36932373046875,278.8500061035156,279.0199890136719,274.5199890136719,277.3299865722656,16583400,MSFT
2022-08-26,259.9365234375,268.0899963378906,280.3399963378906,267.9800109863281,279.0799865722656,27549300,MSFT
2022-08-29,257.1635437011719,265.2300109863281,267.3999938964844,263.8500061035156,265.8500061035156,20338500,MSFT
2022-08-30,254.9722442626953,262.9700012207031,267.04998779296875,260.6600036621094,266.6700134277344,22767100,MSFT
2022-08-31,253.51788330078125,261.4700012207031,267.1099853515625,261.3299865722656,265.3900146484375,24791800,MSFT
2022-09-01,252.48046875,260.3999938964844,260.8900146484375,255.41000366210938,258.8699951171875,23263400,MSFT
2022-09-02,248.2724151611328,256.05999755859375,264.739990234375,254.47000122070312,261.70001220703125,22855400,MSFT
2022-09-06,245.5478973388672,253.25,257.8299865722656,251.94000244140625,256.20001220703125,21328200,MSFT
2022-09-07,250.2406768798828,258.0899963378906,258.8299865722656,253.22000122070312,254.6999969482422,24126700,MSFT
2022-09-08,250.6575927734375,258.5199890136719,260.42999267578125,254.7899932861328,257.510009765625,20319900,MSFT
2022-09-09,256.4169006347656,264.4599914550781,265.2300109863281,260.2900085449219,260.5,22084700,MSFT
2022-09-12,258.5403137207031,266.6499938964844,267.45001220703125,265.1600036621094,265.7799987792969,18747700,MSFT
2022-09-13,244.32623291015625,251.99000549316406,260.3999938964844,251.58999633789062,258.8399963378906,33353300,MSFT
2022-09-14,244.5491943359375,252.22000122070312,254.22999572753906,249.86000061035156,253.52999877929688,23913000,MSFT
2022-09-15,237.917236328125,245.3800048828125,251.39999389648438,244.02000427246094,249.77000427246094,31530900,MSFT
2022-09-16,237.29669189453125,244.74000549316406,245.3000030517578,242.05999755859375,244.25999450683594,39791800,MSFT
2022-09-19,237.0833740234375,244.52000427246094,245.13999938964844,240.85000610351562,242.47000122070312,26826900,MSFT
2022-09-20,235.0762939453125,242.4499969482422,243.50999450683594,239.63999938964844,242.07000732421875,26660300,MSFT
2022-09-21,231.6827850341797,238.9499969482422,247.66000366210938,238.89999389648438,244.27000427246094,28625600,MSFT
2022-09-22,233.65106201171875,240.97999572753906,243.86000061035156,237.57000732421875,237.8699951171875,31061200,MSFT
2022-09-23,230.68406677246094,237.9199981689453,241.1300048828125,235.1999969482422,239.5399932861328,34176000,MSFT
2022-09-26,230.22837829589844,237.4499969482422,241.4499969482422,236.89999389648438,237.0500030517578,27694200,MSFT
2022-09-27,229.22003173828125,236.41000366210938,241.8000030517578,234.5,239.97999572753906,27018700,MSFT
2022-09-28,233.73831176757812,241.07000732421875,242.3300018310547,234.72999572753906,236.80999755859375,29029700,MSFT
2022-09-29,230.27688598632812,237.5,239.9499969482422,234.41000366210938,238.88999938964844,27484200,MSFT
2022-09-30,225.8167724609375,232.89999389648438,240.5399932861328,232.72999572753906,238.2899932861328,35694800,MSFT
2022-10-03,233.4183349609375,240.74000549316406,241.61000061035156,234.66000366210938,235.41000366210938,28880400,MSFT
2022-10-04,241.31076049804688,248.8800048828125,250.36000061035156,244.97999572753906,245.08999633789062,34888400,MSFT
2022-10-05,241.6210479736328,249.1999969482422,250.5800018310547,244.10000610351562,245.99000549316406,20347100,MSFT
2022-10-06,239.28431701660156,246.7899932861328,250.33999633789062,246.0800018310547,247.92999267578125,20239900,MSFT
2022-10-07,227.11602783203125,234.24000549316406,241.32000732421875,233.1699981689453,240.89999389648438,37769600,MSFT
2022-10-10,222.27777099609375,229.25,234.55999755859375,226.72999572753906,233.0500030517578,29743600,MSFT
2022-10-11,218.55459594726562,225.41000366210938,229.05999755859375,224.11000061035156,227.6199951171875,30474000,MSFT
2022-10-12,218.88424682617188,225.75,227.86000061035156,223.9600067138672,225.39999389648438,21903900,MSFT
2022-10-13,227.11602783203125,234.24000549316406,236.10000610351562,219.1300048828125,219.85000610351562,42551800,MSFT
2022-10-14,221.60877990722656,228.55999755859375,237.24000549316406,228.33999633789062,235.5399932861328,30198600,MSFT
2022-10-17,230.3059844970703,237.52999877929688,238.9600067138672,235.13999938964844,235.82000732421875,28142300,MSFT
2022-10-18,231.2464599609375,238.5,243.92999267578125,235.3699951171875,243.24000549316406,26329600,MSFT
2022-10-19,229.28790283203125,236.47999572753906,239.61000061035156,234.2899932861328,237.0399932861328,19985700,MSFT
2022-10-20,228.9679412841797,236.14999389648438,241.30999755859375,234.8699951171875,235.77000427246094,21811000,MSFT
2022-10-21,234.75634765625,242.1199951171875,243.0,234.5,234.74000549316406,26299700,MSFT
2022-10-24,239.73036193847656,247.25,247.83999633789062,241.3000030517578,243.75999450683594,24911200,MSFT
2022-10-25,243.03665161132812,250.66000366210938,251.0399932861328,245.8300018310547,247.25999450683594,34775500,MSFT
2022-10-26,224.2848358154297,231.32000732421875,238.3000030517578,230.05999755859375,231.1699981689453,82543200,MSFT
2022-10-27,219.8538360595703,226.75,233.69000244140625,225.77999877929688,231.0399932861328,40424600,MSFT
2022-10-28,228.69644165039062,235.8699951171875,236.60000610351562,226.0500030517578,226.24000549316406,40647700,MSFT
2022-10-31,225.07022094726562,232.1300048828125,234.9199981689453,231.14999389648438,233.75999450683594,28357300,MSFT
2022-11-01,221.23062133789062,228.1699981689453,235.74000549316406,227.3300018310547,234.60000610351562,30592300,MSFT
2022-11-02,213.4060821533203,220.10000610351562,231.3000030517578,220.0399932861328,229.4600067138672,38407000,MSFT
2022-11-03,207.73397827148438,214.25,220.41000366210938,213.97999572753906,220.08999633789062,36633900,MSFT
2022-11-04,214.65684509277344,221.38999938964844,221.58999633789062,213.42999267578125,217.5500030517578,36789100,MSFT
2022-11-07,220.9397735595703,227.8699951171875,228.41000366210938,221.27999877929688,221.99000549316406,33498000,MSFT
2022-11-08,221.90933227539062,228.8699951171875,231.64999389648438,225.83999633789062,228.6999969482422,28192500,MSFT
2022-11-09,217.6819610595703,224.50999450683594,228.6300048828125,224.3300018310547,227.3699951171875,27852900,MSFT
2022-11-10,235.59022521972656,242.97999572753906,243.3300018310547,235.0,235.42999267578125,46268000,MSFT
2022-11-11,239.59458923339844,247.11000061035156,247.99000549316406,241.92999267578125,242.99000549316406,34620200,MSFT
2022-11-14,234.20372009277344,241.5500030517578,243.91000366210938,239.2100067138672,241.99000549316406,31123300,MSFT
2022-11-15,234.61090087890625,241.97000122070312,247.0,240.02999877929688,245.66000366210938,31390100,MSFT
2022-11-16,235.03875732421875,241.72999572753906,243.8000030517578,240.4199981689453,242.7899932861328,24093300,MSFT
2022-11-17,234.9901123046875,241.67999267578125,243.25,237.6300048828125,237.77999877929688,23123500,MSFT
2022-11-18,234.54286193847656,241.22000122070312,243.74000549316406,239.02999877929688,243.50999450683594,27613500,MSFT
2022-11-21,235.3498992919922,242.0500030517578,244.6699981689453,241.19000244140625,241.42999267578125,26394700,MSFT
2022-11-22,238.24742126464844,245.02999877929688,245.30999755859375,240.7100067138672,243.58999633789062,19665700,MSFT
2022-11-23,240.72683715820312,247.5800018310547,248.27999877929688,244.27000427246094,245.11000061035156,19508500,MSFT
2022-11-25,240.63929748535156,247.49000549316406,248.6999969482422,246.72999572753906,247.30999755859375,9200800,MSFT
2022-11-28,235.06790161132812,241.75999450683594,246.64999389648438,240.8000030517578,246.0800018310547,24778200,MSFT
2022-11-29,233.67752075195312,240.3300018310547,242.7899932861328,238.2100067138672,241.39999389648438,17956300,MSFT
2022-11-30,248.07754516601562,255.13999938964844,255.3300018310547,239.86000061035156,240.57000732421875,47594200,MSFT
2022-12-01,247.63998413085938,254.69000244140625,256.1199951171875,250.9199981689453,253.8699951171875,26041500,MSFT
2022-12-02,247.9608612060547,255.02000427246094,256.05999755859375,249.69000244140625,249.82000732421875,21528500,MSFT
2022-12-05,243.2742919921875,250.1999969482422,253.82000732421875,248.05999755859375,252.00999450683594,23435300,MSFT
2022-12-06,238.33493041992188,245.1199951171875,251.86000061035156,243.77999877929688,250.82000732421875,22463700,MSFT
2022-12-07,237.60568237304688,244.3699951171875,246.16000366210938,242.2100067138672,244.8300018310547,20481500,MSFT
2022-12-08,240.55181884765625,247.39999389648438,248.74000549316406,243.05999755859375,244.83999633789062,22611800,MSFT
2022-12-09,238.62661743164062,245.4199981689453,248.30999755859375,244.16000366210938,244.6999969482422,20609700,MSFT
2022-12-12,245.52035522460938,252.50999450683594,252.5399932861328,247.1699981689453,247.4499969482422,30665100,MSFT
2022-12-13,249.80825805664062,256.9200134277344,263.9200134277344,253.07000732421875,261.69000244140625,42196900,MSFT
2022-12-14,250.0999298095703,257.2200012207031,262.5899963378906,254.30999755859375,257.1300048828125,35410900,MSFT
2022-12-15,242.11721801757812,249.00999450683594,254.1999969482422,247.33999633789062,253.72000122070312,35560400,MSFT
2022-12-16,237.91683959960938,244.69000244140625,249.83999633789062,243.50999450683594,248.5500030517578,86102000,MSFT
2022-12-19,233.79415893554688,240.4499969482422,245.2100067138672,238.7100067138672,244.86000061035156,29696400,MSFT
2022-12-20,235.1068115234375,241.8000030517578,242.91000366210938,238.4199981689453,239.39999389648438,25150800,MSFT
2022-12-21,237.6639862060547,244.42999267578125,245.6199951171875,240.11000061035156,241.69000244140625,23690600,MSFT
2022-12-22,231.59671020507812,238.19000244140625,241.99000549316406,233.8699951171875,241.25999450683594,28651700,MSFT
2022-12-23,232.1217803955078,238.72999572753906,238.8699951171875,233.94000244140625,236.11000061035156,21207000,MSFT
2022-12-27,230.40078735351562,236.9600067138672,238.92999267578125,235.8300018310547,238.6999969482422,16688600,MSFT
2022-12-28,228.0380401611328,234.52999877929688,239.72000122070312,234.1699981689453,236.88999938964844,17457100,MSFT
2022-12-29,234.33868408203125,241.00999450683594,241.9199981689453,235.64999389648438,235.64999389648438,19770700,MSFT
2022-12-30,233.18161010742188,239.82000732421875,239.9600067138672,236.66000366210938,238.2100067138672,21938500,MSFT
2023-01-03,232.94827270507812,239.5800018310547,245.75,237.39999389648438,243.0800018310547,25740000,MSFT
2023-01-04,222.75836181640625,229.10000610351562,232.8699951171875,225.9600067138672,232.27999877929688,50623400,MSFT
2023-01-05,216.15631103515625,222.30999755859375,227.5500030517578,221.75999450683594,227.1999969482422,39585600,MSFT
2023-01-06,218.70379638671875,224.92999267578125,225.75999450683594,219.35000610351562,223.0,43613600,MSFT
2023-01-09,220.8331756591797,227.1199951171875,231.24000549316406,226.41000366210938,226.4499969482422,27369800,MSFT
2023-01-10,222.51528930664062,228.85000610351562,231.30999755859375,227.3300018310547,227.75999450683594,27033900,MSFT
2023-01-11,229.2437286376953,235.77000427246094,235.9499969482422,231.11000061035156,231.2899932861328,28669300,MSFT
2023-01-12,231.90785217285156,238.50999450683594,239.89999389648438,233.55999755859375,235.25999450683594,27269500,MSFT
2023-01-13,232.60792541503906,239.22999572753906,239.3699951171875,234.9199981689453,237.0,21333300,MSFT
2023-01-17,233.6969451904297,240.35000610351562,240.91000366210938,237.08999633789062,237.97000122070312,29831300,MSFT
2023-01-18,229.28262329101562,235.80999755859375,242.3800048828125,235.52000427246094,241.57000732421875,30028700,MSFT
2023-01-19,225.50999450683594,231.92999267578125,235.52000427246094,230.67999267578125,233.77999877929688,28623000,MSFT
2023-01-20,233.570556640625,240.22000122070312,240.74000549316406,234.50999450683594,234.86000061035156,35389800,MSFT
2023-01-23,235.86521911621094,242.5800018310547,245.1699981689453,239.64999389648438,241.10000610351562,31934000,MSFT
2023-01-24,235.3401641845703,242.0399932861328,243.9499969482422,240.44000244140625,242.5,40234400,MSFT
2023-01-25,233.9497528076172,240.61000061035156,243.3000030517578,230.89999389648438,234.47999572753906,66526600,MSFT
2023-01-26,241.1351776123047,248.0,248.30999755859375,242.0,243.64999389648438,33454500,MSFT
2023-01-27,241.29074096679688,248.16000366210938,249.8300018310547,246.8300018310547,248.99000549316406,26498900,MSFT
2023-01-30,235.99163818359375,242.7100067138672,245.60000610351562,242.1999969482422,244.50999450683594,25867400,MSFT
2023-01-31,240.95042419433594,247.80999755859375,247.9499969482422,242.9499969482422,243.4499969482422,26541100,MSFT
2023-02-01,245.75369262695312,252.75,255.17999267578125,245.47000122070312,248.0,31259900,MSFT
2023-02-02,257.2756042480469,264.6000061035156,264.69000244140625,257.25,258.82000732421875,39940400,MSFT
2023-02-03,251.19871520996094,258.3500061035156,264.20001220703125,257.1000061035156,259.5400085449219,29077300,MSFT
2023-02-06,249.66241455078125,256.7699890136719,258.29998779296875,254.77999877929688,257.44000244140625,22518000,MSFT
2023-02-07,260.15380859375,267.55999755859375,268.7699890136719,260.0799865722656,260.5299987792969,50841400,MSFT
2023-02-08,259.3467712402344,266.7300109863281,276.760009765625,266.2099914550781,273.20001220703125,54686000,MSFT
2023-02-09,256.3228759765625,263.6199951171875,273.9800109863281,262.79998779296875,273.79998779296875,42375100,MSFT
2023-02-10,255.81723022460938,263.1000061035156,264.0899963378906,260.6600036621094,261.5299987792969,25818500,MSFT
2023-02-13,263.8097229003906,271.32000732421875,274.6000061035156,267.1499938964844,267.6400146484375,44630900,MSFT
2023-02-14,264.63623046875,272.1700134277344,274.9700012207031,269.2799987792969,272.6700134277344,37047900,MSFT
2023-02-15,262.5209655761719,269.32000732421875,270.7300109863281,266.17999267578125,268.32000732421875,28922400,MSFT
2023-02-16,255.5319366455078,262.1499938964844,266.739990234375,261.8999938964844,264.0199890136719,29603600,MSFT
2023-02-17,251.54522705078125,258.05999755859375,260.0899963378906,256.0,259.3900146484375,30000100,MSFT
2023-02-21,246.29127502441406,252.6699981689453,255.49000549316406,251.58999633789062,254.47999572753906,28397400,MSFT
2023-02-22,245.16055297851562,251.50999450683594,254.33999633789062,250.33999633789062,254.08999633789062,22491100,MSFT
2023-02-23,248.3382568359375,254.77000427246094,256.8399963378906,250.47999572753906,255.55999755859375,29219100,MSFT
2023-02-24,242.9283905029297,249.22000122070312,251.0,248.10000610351562,249.9600067138672,24990900,MSFT
2023-02-27,243.84463500976562,250.16000366210938,252.82000732421875,249.38999938964844,252.4600067138672,21190000,MSFT
2023-02-28,243.123291015625,249.4199981689453,251.49000549316406,248.72999572753906,249.07000732421875,22491000,MSFT
2023-03-01,240.05282592773438,246.27000427246094,250.92999267578125,245.7899932861328,250.75999450683594,27565300,MSFT
2023-03-02,244.77064514160156,251.11000061035156,251.39999389648438,245.61000061035156,246.5500030517578,24808200,MSFT
2023-03-03,248.84510803222656,255.2899932861328,255.6199951171875,251.38999938964844,252.19000244140625,30760100,MSFT
2023-03-06,250.38523864746094,256.8699951171875,260.1199951171875,255.97999572753906,256.42999267578125,24109800,MSFT
2023-03-07,247.73390197753906,254.14999389648438,257.69000244140625,253.38999938964844,256.29998779296875,21473200,MSFT
2023-03-08,247.2952423095703,253.6999969482422,254.5399932861328,250.80999755859375,254.0399932861328,17340200,MSFT
2023-03-09,245.95008850097656,252.32000732421875,259.55999755859375,251.5800018310547,255.82000732421875,26653400,MSFT
2023-03-10,242.3142547607422,248.58999633789062,252.7899932861328,247.60000610351562,251.0800018310547,28333900,MSFT
2023-03-13,247.50970458984375,253.9199981689453,257.9100036621094,245.72999572753906,247.39999389648438,33339700,MSFT
2023-03-14,254.20628356933594,260.7900085449219,261.07000732421875,255.86000061035156,256.75,33620300,MSFT
2023-03-15,258.7388916015625,265.44000244140625,266.4800109863281,259.2099914550781,259.9800109863281,46028000,MSFT
2023-03-16,269.2272644042969,276.20001220703125,276.55999755859375,263.2799987792969,265.2099914550781,54768800,MSFT
2023-03-17,272.37567138671875,279.42999267578125,283.3299865722656,276.32000732421875,278.260009765625,69527400,MSFT
2023-03-20,265.3574523925781,272.2300109863281,277.4800109863281,269.8500061035156,276.9800109863281,43466600,MSFT
2023-03-21,266.86834716796875,273.7799987792969,275.0,269.5199890136719,274.8800048828125,34558700,MSFT
2023-03-22,265.4159240722656,272.2900085449219,281.0400085449219,272.17999267578125,273.3999938964844,34873300,MSFT
2023-03-23,270.65045166015625,277.6600036621094,281.05999755859375,275.20001220703125,277.94000244140625,36610900,MSFT
2023-03-24,273.4869384765625,280.57000732421875,280.6300048828125,275.2799987792969,277.239990234375,28172000,MSFT
2023-03-27,269.4026794433594,276.3800048828125,281.4599914550781,275.5199890136719,280.5,26840200,MSFT
2023-03-28,268.2817687988281,275.2300109863281,276.1400146484375,272.04998779296875,275.7900085449219,21878600,MSFT
2023-03-29,273.42840576171875,280.510009765625,281.1400146484375,278.4100036621094,278.9599914550781,25087000,MSFT
2023-03-30,276.8790588378906,284.04998779296875,284.4599914550781,281.4800109863281,284.2300109863281,25053400,MSFT
2023-03-31,281.02178955078125,288.29998779296875,289.2699890136719,283.0,283.7300109863281,32766000,MSFT
2023-04-03,279.9787902832031,287.2300109863281,288.2699890136719,283.95001220703125,286.5199890136719,24883300,MSFT
2023-04-04,279.9300537109375,287.17999267578125,290.45001220703125,285.6700134277344,287.2300109863281,25824300,MSFT
2023-04-05,277.1617431640625,284.3399963378906,287.1499938964844,282.9200134277344,285.8500061035156,22064800,MSFT
2023-04-06,284.2384033203125,291.6000061035156,292.0799865722656,282.0299987792969,283.2099914550781,29770300,MSFT
2023-04-10,282.08428955078125,289.3900146484375,289.6000061035156,284.7099914550781,289.2099914550781,23103000,MSFT
2023-04-11,275.6898498535156,282.8299865722656,285.9800109863281,281.6400146484375,285.75,27276600,MSFT
2023-04-12,276.3332824707031,283.489990234375,287.010009765625,281.9599914550781,284.7900085449219,27403400,MSFT
2023-04-13,282.5229187011719,289.8399963378906,289.8999938964844,283.1700134277344,283.5899963378906,24222700,MSFT
2023-04-14,278.9162902832031,286.1400146484375,288.4800109863281,283.69000244140625,287.0,20987900,MSFT
2023-04-17,281.5091247558594,288.79998779296875,291.6000061035156,286.1600036621094,289.92999267578125,23836200,MSFT
2023-04-18,281.0899658203125,288.3699951171875,291.760009765625,287.010009765625,291.57000732421875,20161800,MSFT
2023-04-19,281.16796875,288.45001220703125,289.04998779296875,284.5400085449219,285.989990234375,17150300,MSFT
2023-04-20,278.88702392578125,286.1099853515625,289.0299987792969,285.0799865722656,285.25,23244400,MSFT
2023-04-21,278.5458984375,285.760009765625,286.2699890136719,283.05999755859375,285.010009765625,21676400,MSFT
2023-04-24,274.6566162109375,281.7699890136719,284.95001220703125,278.7200012207031,282.0899963378906,26611000,MSFT
2023-04-25,268.4669494628906,275.4200134277344,281.6000061035156,275.3699951171875,279.510009765625,45772200,MSFT
2023-04-26,287.9132995605469,295.3699951171875,299.57000732421875,292.7300109863281,296.70001220703125,64599200,MSFT
2023-04-27,297.1343994140625,304.8299865722656,305.20001220703125,295.25,295.9700012207031,46462600,MSFT
2023-04-28,299.50311279296875,307.260009765625,308.92999267578125,303.30999755859375,304.010009765625,36469600,MSFT
2023-05-01,297.8459777832031,305.55999755859375,308.6000061035156,305.1499938964844,306.9700012207031,21294100,MSFT
2023-05-02,297.6998596191406,305.4100036621094,309.17999267578125,303.9100036621094,307.760009765625,26404400,MSFT
2023-05-03,296.71533203125,304.3999938964844,308.6099853515625,304.0899963378906,306.6199951171875,22360800,MSFT
2023-05-04,297.6998596191406,305.4100036621094,307.760009765625,303.3999938964844,306.239990234375,22519900,MSFT
2023-05-05,302.8074951171875,310.6499938964844,311.9700012207031,304.2699890136719,305.7200012207031,28197100,MSFT
2023-05-08,300.8580322265625,308.6499938964844,310.20001220703125,306.0899963378906,310.1300048828125,21318600,MSFT
2023-05-09,299.249755859375,307.0,310.0400085449219,306.30999755859375,308.0,21340800,MSFT
2023-05-10,304.4256591796875,312.30999755859375,313.0,307.6700134277344,308.6199951171875,30078000,MSFT
2023-05-11,302.2812194824219,310.1099853515625,311.1199951171875,306.260009765625,310.1000061035156,31680200,MSFT
2023-05-12,301.1699523925781,308.9700012207031,310.6499938964844,306.6000061035156,310.54998779296875,19774700,MSFT
2023-05-15,301.64764404296875,309.4599914550781,309.8999938964844,307.5899963378906,309.1000061035156,16336500,MSFT
2023-05-16,303.87005615234375,311.739990234375,313.7099914550781,309.8299865722656,309.8299865722656,26730300,MSFT
2023-05-17,306.7420959472656,314.0,314.42999267578125,310.739990234375,312.2900085449219,24315000,MSFT
2023-05-18,311.1575622558594,318.5199890136719,319.0400085449219,313.7200012207031,314.5299987792969,27276000,MSFT
2023-05-19,310.981689453125,318.3399963378906,318.75,316.3699951171875,316.739990234375,27546700,MSFT
2023-05-22,313.756103515625,321.17999267578125,322.5899963378906,318.010009765625,318.6000061035156,24115700,MSFT
2023-05-23,307.9729919433594,315.260009765625,322.7200012207031,315.25,320.0299987792969,30797200,MSFT
2023-05-24,306.5955810546875,313.8500061035156,316.5,312.6099853515625,314.7300109863281,23384900,MSFT
2023-05-25,318.3865661621094,325.9200134277344,326.8999938964844,320.0,323.239990234375,43301700,MSFT
2023-05-26,325.1954040527344,332.8900146484375,333.3999938964844,323.8800048828125,324.0199890136719,36630600,MSFT
2023-05-30,323.5542297363281,331.2099914550781,335.739990234375,330.5199890136719,335.2300109863281,29503100,MSFT
2023-05-31,320.7995300292969,328.3900146484375,335.94000244140625,327.3299865722656,332.2900085449219,45950600,MSFT
2023-06-01,324.8925476074219,332.5799865722656,333.5299987792969,324.7200012207031,325.92999267578125,26773900,MSFT
2023-06-02,327.6474609375,335.3999938964844,337.5,332.54998779296875,334.25,25873800,MSFT
2023-06-05,328.1749572753906,335.94000244140625,338.55999755859375,334.6600036621094,335.2200012207031,21307100,MSFT
2023-06-06,325.9671325683594,333.67999267578125,335.3699951171875,332.1700134277344,335.3299865722656,20396200,MSFT
2023-06-07,315.9052429199219,323.3800048828125,334.489990234375,322.5,331.6499938964844,40717100,MSFT
2023-06-08,317.7418212890625,325.260009765625,326.6400146484375,323.3500061035156,323.94000244140625,23277700,MSFT
2023-06-09,319.2364196777344,326.7900085449219,329.989990234375,324.4100036621094,324.989990234375,22529000,MSFT
2023-06-12,324.1794738769531,331.8500061035156,332.1000061035156,325.1600036621094,328.5799865722656,24260300,MSFT
2023-06-13,326.5631103515625,334.2900085449219,336.9800109863281,330.3900146484375,334.4700012207031,22951300,MSFT
2023-06-14,329.5425720214844,337.3399963378906,339.0400085449219,332.80999755859375,334.3399963378906,26003800,MSFT
2023-06-15,340.0538330078125,348.1000061035156,349.8399963378906,337.20001220703125,337.4800109863281,38899100,MSFT
2023-06-16,334.4172668457031,342.3299865722656,351.4700012207031,341.95001220703125,351.32000732421875,46552000,MSFT
2023-06-20,330.2361145019531,338.04998779296875,342.0799865722656,335.8599853515625,339.30999755859375,26375400,MSFT
2023-06-21,325.8499755859375,333.55999755859375,337.7300109863281,332.07000732421875,336.3699951171875,25117800,MSFT
2023-06-22,331.8577880859375,339.7099914550781,340.1199951171875,333.3399963378906,334.1199951171875,23556800,MSFT
2023-06-23,327.27618408203125,335.0199890136719,337.9599914550781,333.45001220703125,334.3599853515625,23146900,MSFT
2023-06-26,321.00457763671875,328.6000061035156,336.1099853515625,328.489990234375,333.7200012207031,21520600,MSFT
2023-06-27,326.8366394042969,334.57000732421875,336.1499938964844,329.29998779296875,331.8599853515625,24354100,MSFT
2023-06-28,328.0870361328125,335.8500061035156,337.9800109863281,333.80999755859375,334.6600036621094,20259500,MSFT
2023-06-29,327.30548095703125,335.04998779296875,336.1099853515625,332.6199951171875,334.7099914550781,16997000,MSFT
2023-06-30,332.66864013671875,340.5400085449219,342.7300109863281,337.20001220703125,337.75,26832800,MSFT
2023-07-03,330.17755126953125,337.989990234375,340.8999938964844,336.57000732421875,339.19000244140625,12508700,MSFT
2023-07-05,330.3338317871094,338.1499938964844,341.6499938964844,334.7300109863281,335.0899963378906,18172400,MSFT
2023-07-06,333.3817443847656,341.2699890136719,342.989990234375,335.5,337.29998779296875,28161200,MSFT
2023-07-07,329.4253845214844,337.2200012207031,341.7900085449219,337.0,339.32000732421875,21214800,MSFT
2023-07-10,324.159912109375,331.8299865722656,335.2300109863281,327.5899963378906,334.6000061035156,32791400,MSFT
2023-07-11,324.7851257324219,332.4700012207031,332.8599853515625,327.0,331.05999755859375,26698200,MSFT
2023-07-12,329.40582275390625,337.20001220703125,341.6499938964844,335.6700134277344,336.6000061035156,29995300,MSFT
2023-07-13,334.73956298828125,342.6600036621094,343.739990234375,339.0199890136719,339.55999755859375,20567200,MSFT
2023-07-14,337.2600402832031,345.239990234375,351.42999267578125,344.30999755859375,347.5899963378906,28352700,MSFT
2023-07-17,337.7386474609375,345.7300109863281,346.989990234375,342.20001220703125,345.67999267578125,20363900,MSFT
2023-07-18,351.1805725097656,359.489990234375,366.7799987792969,342.1700134277344,345.8299865722656,64738600,MSFT
2023-07-19,346.87249755859375,355.0799865722656,362.4599914550781,352.44000244140625,361.75,39732900,MSFT
2023-07-20,338.852294921875,346.8699951171875,357.9700012207031,345.3699951171875,353.57000732421875,33778400,MSFT
2023-07-21,335.82391357421875,343.7699890136719,350.29998779296875,339.8299865722656,349.1499938964844,69405400,MSFT
2023-07-24,337.13299560546875,345.1099853515625,346.9200134277344,342.30999755859375,345.8500061035156,26678100,MSFT
2023-07-25,342.8672790527344,350.9800109863281,351.8900146484375,345.07000732421875,347.1099853515625,41637700,MSFT
2023-07-26,329.962646484375,337.7699890136719,344.6700134277344,333.1099853515625,341.44000244140625,58383700,MSFT
2023-07-27,323.07562255859375,330.7200012207031,341.3299865722656,329.04998779296875,340.4800109863281,39635300,MSFT
2023-07-28,330.5487365722656,338.3699951171875,340.010009765625,333.1700134277344,333.6700134277344,28484900,MSFT
2023-07-31,328.1553955078125,335.9200134277344,337.70001220703125,333.3599853515625,336.9200134277344,25446000,MSFT
2023-08-01,328.565673828125,336.3399963378906,338.5400085449219,333.70001220703125,335.19000244140625,18311900,MSFT
2023-08-02,319.9300231933594,327.5,333.6300048828125,326.3599853515625,333.6300048828125,27761300,MSFT
2023-08-03,319.109375,326.6600036621094,329.8800048828125,325.95001220703125,326.0,18253700,MSFT
2023-08-04,320.2034912109375,327.7799987792969,335.1400146484375,327.239990234375,331.8800048828125,23741500,MSFT
2023-08-07,322.4797058105469,330.1099853515625,331.1099853515625,327.5199890136719,328.3699951171875,17741500,MSFT
2023-08-08,318.5135498046875,326.04998779296875,328.75,323.0,326.9599914550781,22327600,MSFT
2023-08-09,314.78179931640625,322.2300109863281,327.1099853515625,321.04998779296875,326.4700012207031,22373300,MSFT
2023-08-10,315.4656677246094,322.92999267578125,328.260009765625,321.17999267578125,326.0199890136719,20113700,MSFT
2023-08-11,313.5901184082031,321.010009765625,322.4100036621094,319.2099914550781,320.260009765625,24355500,MSFT
2023-08-14,316.5500183105469,324.0400085449219,324.05999755859375,320.0799865722656,321.3900146484375,18836100,MSFT
2023-08-15,314.42034912109375,321.8599853515625,325.0899963378906,320.8999938964844,323.0,16966300,MSFT
2023-08-16,313.6568298339844,320.3999938964844,324.4200134277344,319.79998779296875,320.79998779296875,20698900,MSFT
2023-08-17,310.21087646484375,316.8800048828125,321.8699951171875,316.2099914550781,320.5400085449219,21257200,MSFT
2023-08-18,309.8193054199219,316.4800109863281,318.3800048828125,311.54998779296875,314.489990234375,24755000,MSFT
2023-08-21,315.10565185546875,321.8800048828125,322.7699890136719,317.0400085449219,317.92999267578125,24040000,MSFT
2023-08-22,315.67340087890625,322.4599914550781,326.0799865722656,321.4599914550781,325.5,16084600,MSFT
2023-08-23,320.1178894042969,327.0,329.20001220703125,323.4599914550781,323.82000732421875,21166400,MSFT
2023-08-24,313.23583984375,319.9700012207031,332.9800109863281,319.9599914550781,332.8500061035156,23281400,MSFT
2023-08-25,316.1825256347656,322.9800109863281,325.3599853515625,318.79998779296875,321.4700012207031,21684100,MSFT
2023-08-28,316.88739013671875,323.70001220703125,326.1499938964844,321.7200012207031,325.6600036621094,14808500,MSFT
2023-08-29,321.498291015625,328.4100036621094,328.9800109863281,321.8800048828125,321.8800048828125,19284600,MSFT
2023-08-30,321.8702087402344,328.7900085449219,329.80999755859375,326.45001220703125,328.6700134277344,15222100,MSFT
2023-08-31,320.8619079589844,327.760009765625,330.9100036621094,326.7799987792969,329.20001220703125,26411000,MSFT
2023-09-01,321.7429504394531,328.6600036621094,331.989990234375,326.7799987792969,331.30999755859375,14942000,MSFT
2023-09-05,326.5300598144531,333.54998779296875,334.8500061035156,328.6600036621094,329.0,18553900,MSFT
2023-09-06,325.8741455078125,332.8800048828125,334.4599914550781,330.17999267578125,333.3800048828125,17535800,MSFT
2023-09-07,322.9666748046875,329.9100036621094,333.0799865722656,329.0299987792969,331.2900085449219,18381000,MSFT
2023-09-08,327.2348937988281,334.2699890136719,336.1600036621094,329.4599914550781,330.0899963378906,19530100,MSFT
2023-09-11,330.8276672363281,337.94000244140625,338.4200134277344,335.42999267578125,337.239990234375,16583300,MSFT
2023-09-12,324.7874755859375,331.7699890136719,336.7900085449219,331.4800109863281,335.82000732421875,17565500,MSFT
2023-09-13,328.9872131347656,336.05999755859375,336.8500061035156,331.1700134277344,331.30999755859375,16544400,MSFT
2023-09-14,331.5716857910156,338.70001220703125,340.8599853515625,336.57000732421875,339.1499938964844,20267000,MSFT
2023-09-15,323.2701110839844,330.2200012207031,337.3999938964844,329.6499938964844,336.9200134277344,37679800,MSFT
2023-09-18,322.13458251953125,329.05999755859375,330.3999938964844,326.3599853515625,327.79998779296875,16834200,MSFT
2023-09-19,321.7331848144531,328.6499938964844,329.3900146484375,324.510009765625,326.1700134277344,16505900,MSFT
2023-09-20,314.01904296875,320.7699890136719,329.5899963378906,320.510009765625,329.510009765625,21436500,MSFT
2023-09-21,312.80511474609375,319.5299987792969,325.3500061035156,315.0,319.260009765625,35560400,MSFT
2023-09-22,310.33819580078125,317.010009765625,321.45001220703125,316.1499938964844,321.32000732421875,21447900,MSFT
2023-09-25,310.8570251464844,317.5400085449219,317.6700134277344,315.0,316.5899963378906,17836000,MSFT
2023-09-26,305.5706481933594,312.1400146484375,315.8800048828125,310.0199890136719,315.1300048828125,26297600,MSFT
2023-09-27,306.2070007324219,312.7900085449219,314.29998779296875,309.69000244140625,312.29998779296875,19410100,MSFT
2023-09-28,307.03912353515625,313.6400146484375,315.4800109863281,309.45001220703125,310.989990234375,19683600,MSFT
2023-09-29,309.10467529296875,315.75,319.4700012207031,314.9800109863281,317.75,24147300,MSFT
2023-10-02,315.02734375,321.79998779296875,321.8900146484375,315.17999267578125,316.2799987792969,20570000,MSFT
2023-10-03,306.7943420410156,313.3900146484375,321.3900146484375,311.2099914550781,320.8299865722656,21033500,MSFT
2023-10-04,312.24713134765625,318.9599914550781,320.0400085449219,314.0,314.0299987792969,20720100,MSFT
2023-10-05,312.6386413574219,319.3599853515625,319.9800109863281,314.8999938964844,319.0899963378906,16965600,MSFT
2023-10-06,320.3724670410156,327.260009765625,329.19000244140625,316.29998779296875,316.54998779296875,25673600,MSFT
2023-10-09,322.8785705566406,329.82000732421875,330.29998779296875,323.17999267578125,324.75,19891200,MSFT
2023-10-10,321.4787292480469,328.3900146484375,331.1000061035156,327.6700134277344,330.9599914550781,20557100,MSFT
2023-10-11,325.4238586425781,332.4200134277344,332.82000732421875,329.1400146484375,331.2099914550781,20063200,MSFT
2023-10-12,324.1903076171875,331.1600036621094,333.6300048828125,328.7200012207031,330.57000732421875,19313100,MSFT
2023-10-13,320.8325500488281,327.7300109863281,333.8299865722656,326.3599853515625,332.3800048828125,21072400,MSFT
2023-10-16,325.6391906738281,332.6400146484375,336.1400146484375,330.6000061035156,331.04998779296875,22158000,MSFT
2023-10-17,325.0714416503906,332.05999755859375,333.4599914550781,327.4100036621094,329.5899963378906,18338500,MSFT
2023-10-18,323.1624450683594,330.1099853515625,335.5899963378906,328.29998779296875,332.489990234375,23153600,MSFT
2023-10-19,324.3469543457031,331.32000732421875,336.8800048828125,330.9100036621094,332.1499938964844,25052100,MSFT
2023-10-20,319.794921875,326.6700134277344,331.9200134277344,325.45001220703125,331.7200012207031,25027700,MSFT
2023-10-23,322.3890380859375,329.32000732421875,332.7300109863281,324.3900146484375,325.4700012207031,24374700,MSFT
2023-10-24,323.5736083984375,330.5299987792969,331.8399963378906,327.6000061035156,331.29998779296875,31153600,MSFT
2023-10-25,333.500244140625,340.6700134277344,346.20001220703125,337.6199951171875,345.0199890136719,55053800,MSFT
2023-10-26,320.9891662597656,327.8900146484375,341.6300048828125,326.94000244140625,340.5400085449219,37828500,MSFT
2023-10-27,322.8687438964844,329.80999755859375,336.7200012207031,328.3999938964844,330.42999267578125,29856500,MSFT
2023-10-30,330.2109375,337.30999755859375,339.45001220703125,331.8299865722656,333.4100036621094,22828100,MSFT
2023-10-31,330.99407958984375,338.1099853515625,339.0,334.69000244140625,338.8500061035156,20265300,MSFT
2023-11-01,338.7865295410156,346.07000732421875,347.4200134277344,339.6499938964844,339.7900085449219,28158800,MSFT
2023-11-02,340.9892272949219,348.32000732421875,348.8299865722656,344.7699890136719,347.239990234375,24348100,MSFT
2023-11-03,345.3748779296875,352.79998779296875,354.3900146484375,347.3299865722656,349.6300048828125,23637700,MSFT
2023-11-06,349.0263977050781,356.5299987792969,357.5400085449219,353.3500061035156,353.45001220703125,23828300,MSFT
2023-11-07,352.9422302246094,360.5299987792969,362.4599914550781,357.6300048828125,359.3999938964844,25833900,MSFT
2023-11-08,355.5560302734375,363.20001220703125,363.8699951171875,360.54998779296875,361.67999267578125,26767800,MSFT
2023-11-09,353.0989074707031,360.69000244140625,364.7900085449219,360.3599853515625,362.29998779296875,24847300,MSFT
2023-11-10,361.88983154296875,369.6700134277344,370.1000061035156,361.07000732421875,361.489990234375,28042100,MSFT
2023-11-13,358.9627990722656,366.67999267578125,368.4700012207031,365.8999938964844,368.2200012207031,19986500,MSFT
2023-11-14,362.4772033691406,370.2699890136719,371.95001220703125,367.3500061035156,371.010009765625,27683900,MSFT
2023-11-15,362.6244201660156,369.6700134277344,373.1300048828125,367.1099853515625,371.2799987792969,26860100,MSFT
2023-11-16,369.0005187988281,376.1700134277344,376.3500061035156,370.17999267578125,370.9599914550781,27182300,MSFT
2023-11-17,362.8009338378906,369.8500061035156,374.3699951171875,367.0,373.6099853515625,40157000,MSFT
2023-11-20,370.24627685546875,377.44000244140625,378.8699951171875,371.0,371.2200012207031,52465100,MSFT
2023-11-21,365.9595947265625,373.07000732421875,376.2200012207031,371.1199951171875,375.6700134277344,28423100,MSFT
2023-11-22,370.6484375,377.8500061035156,379.7900085449219,374.9700012207031,378.0,23345300,MSFT
2023-11-24,370.2364807128906,377.42999267578125,377.9700012207031,375.1400146484375,377.3299865722656,10176600,MSFT
2023-11-27,371.3939514160156,378.6099853515625,380.6400146484375,376.20001220703125,376.7799987792969,22179200,MSFT
2023-11-28,375.4060363769531,382.70001220703125,383.0,378.1600036621094,378.3500061035156,20453100,MSFT
2023-11-29,371.6294250488281,378.8500061035156,384.29998779296875,377.44000244140625,383.760009765625,28963400,MSFT
2023-11-30,371.6882629394531,378.9100036621094,380.0899963378906,375.4700012207031,378.489990234375,30554400,MSFT
2023-12-01,367.37213134765625,374.510009765625,378.1600036621094,371.30999755859375,376.760009765625,33040500,MSFT
2023-12-04,362.1044616699219,369.1400146484375,369.5199890136719,362.8999938964844,369.1000061035156,32063300,MSFT
2023-12-05,365.4200744628906,372.5199890136719,373.0799865722656,365.6199951171875,366.45001220703125,23065000,MSFT
2023-12-06,361.7709655761719,368.79998779296875,374.17999267578125,368.0299987792969,373.5400085449219,21182100,MSFT
2023-12-07,363.8800048828125,370.95001220703125,371.45001220703125,366.32000732421875,368.2300109863281,23118900,MSFT
2023-12-08,367.09747314453125,374.2300109863281,374.4599914550781,368.2300109863281,369.20001220703125,20154400,MSFT
2023-12-11,364.2232971191406,371.29998779296875,371.6000061035156,366.1000061035156,368.4800109863281,27708800,MSFT
2023-12-12,367.2445983886719,374.3800048828125,374.4200134277344,370.4599914550781,370.8500061035156,24838300,MSFT
2023-12-13,367.2348327636719,374.3699951171875,377.6400146484375,370.7699890136719,376.0199890136719,30955500,MSFT
2023-12-14,358.95562744140625,365.92999267578125,373.760009765625,364.1300048828125,373.30999755859375,43277500,MSFT
2023-12-15,363.6641845703125,370.7300109863281,372.3999938964844,366.2799987792969,366.8500061035156,78502300,MSFT
2023-12-18,365.54766845703125,372.6499938964844,373.0,368.67999267578125,369.45001220703125,21802900,MSFT
2023-12-19,366.1459045410156,373.260009765625,373.260009765625,369.8399963378906,371.489990234375,20603700,MSFT
2023-12-20,363.5562744140625,370.6199951171875,376.0299987792969,370.5299987792969,375.0,26316700,MSFT
2023-12-21,366.420654296875,373.5400085449219,374.4100036621094,370.0400085449219,372.55999755859375,17708000,MSFT
2023-12-22,367.4407958984375,374.5799865722656,375.17999267578125,372.7099914550781,373.67999267578125,17107500,MSFT
2023-12-26,367.5192565917969,374.6600036621094,376.94000244140625,373.5,375.0,12673100,MSFT
2023-12-27,366.9405212402344,374.07000732421875,375.05999755859375,372.80999755859375,373.69000244140625,14905400,MSFT
2023-12-28,368.12744140625,375.2799987792969,376.4599914550781,374.1600036621094,375.3699951171875,14327000,MSFT
2023-12-29,368.873046875,376.0400085449219,377.1600036621094,373.4800109863281,376.0,18730800,MSFT
2024-01-02,363.8014831542969,370.8699951171875,375.8999938964844,366.7699890136719,373.8599853515625,25258600,MSFT
2024-01-03,363.53662109375,370.6000061035156,373.260009765625,368.510009765625,369.010009765625,23083500,MSFT
2024-01-04,360.9273681640625,367.94000244140625,373.1000061035156,367.1700134277344,370.6700134277344,20901500,MSFT
2024-01-05,360.74102783203125,367.75,372.05999755859375,366.5,368.9700012207031,21004600,MSFT
2024-01-08,367.54876708984375,374.69000244140625,375.20001220703125,369.010009765625,369.29998779296875,23134000,MSFT
2024-01-09,368.6277160644531,375.7900085449219,375.989990234375,371.19000244140625,372.010009765625,20830000,MSFT
2024-01-10,375.47467041015625,382.7699890136719,384.1700134277344,376.32000732421875,376.3699951171875,25514200,MSFT
2024-01-11,377.2992248535156,384.6300048828125,390.67999267578125,380.3800048828125,386.0,27850800,MSFT
2024-01-12,381.0660705566406,388.4700012207031,388.67999267578125,384.6499938964844,385.489990234375,21661200,MSFT
2024-01-16,382.8318176269531,390.2699890136719,394.0299987792969,387.6199951171875,393.6600036621094,27202300,MSFT
2024-01-17,382.0469970703125,389.4700012207031,390.1099853515625,384.80999755859375,387.9800109863281,22234100,MSFT
2024-01-18,386.3631286621094,393.8699951171875,393.989990234375,390.1199951171875,391.7200012207031,23392100,MSFT
2024-01-19,391.0716857910156,398.6700134277344,398.6700134277344,393.5,395.760009765625,29331100,MSFT
2024-01-22,388.95281982421875,396.510009765625,400.6199951171875,393.5899963378906,400.0199890136719,27016900,MSFT
2024-01-23,391.2972106933594,398.8999938964844,399.3800048828125,393.92999267578125,395.75,20525900,MSFT
2024-01-24,394.8874816894531,402.55999755859375,405.6300048828125,400.45001220703125,401.5400085449219,24867000,MSFT
2024-01-25,397.1535339355469,404.8699951171875,407.010009765625,402.5299987792969,404.32000732421875,21021200,MSFT
2024-01-26,396.23138427734375,403.92999267578125,406.1700134277344,402.42999267578125,404.3699951171875,17803300,MSFT
2024-01-29,401.9110412597656,409.7200012207031,409.9800109863281,404.3299865722656,406.05999755859375,24510200,MSFT
2024-01-30,400.8025817871094,408.5899963378906,413.04998779296875,406.45001220703125,412.260009765625,33477600,MSFT
2024-01-31,390.00238037109375,397.5799865722656,415.32000732421875,397.2099914550781,406.9599914550781,47871100,MSFT
2024-02-01,396.0842590332031,403.7799987792969,408.0,401.79998779296875,401.8299865722656,30657700,MSFT
2024-02-02,403.3824462890625,411.2200012207031,412.6499938964844,403.55999755859375,403.80999755859375,28256700,MSFT
2024-02-05,397.9185791015625,405.6499938964844,411.1600036621094,403.989990234375,409.8999938964844,25352300,MSFT
2024-02-06,397.76165771484375,405.489990234375,407.9700012207031,402.9100036621094,405.8800048828125,18382600,MSFT
2024-02-07,406.1585388183594,414.04998779296875,414.29998779296875,407.3999938964844,407.44000244140625,22340500,MSFT
2024-02-08,406.2173767089844,414.1099853515625,415.55999755859375,412.5299987792969,414.04998779296875,21225300,MSFT
2024-02-09,412.53466796875,420.54998779296875,420.82000732421875,415.0899963378906,415.25,22032800,MSFT
2024-02-12,407.34552001953125,415.260009765625,420.739990234375,414.75,420.55999755859375,21202900,MSFT
2024-02-13,398.57586669921875,406.32000732421875,410.07000732421875,403.3900146484375,404.94000244140625,27824900,MSFT
2024-02-14,402.4282531738281,409.489990234375,409.8399963378906,404.57000732421875,408.07000732421875,20401200,MSFT
2024-02-15,399.54876708984375,406.55999755859375,409.1300048828125,404.2900085449219,408.1400146484375,21825500,MSFT
2024-02-16,397.0918884277344,404.05999755859375,408.2900085449219,403.44000244140625,407.9599914550781,22296500,MSFT
2024-02-20,395.8438415527344,402.7900085449219,404.489990234375,398.010009765625,403.239990234375,24307900,MSFT
2024-02-21,395.24432373046875,402.17999267578125,402.2900085449219,397.2200012207031,400.1700134277344,18518900,MSFT
2024-02-22,404.5509948730469,411.6499938964844,412.8299865722656,408.57000732421875,410.19000244140625,27009900,MSFT
2024-02-23,403.2635803222656,410.3399963378906,415.8599853515625,408.9700012207031,415.6700134277344,16295900,MSFT
2024-02-26,400.51190185546875,407.5400085449219,412.1600036621094,407.3599853515625,411.4599914550781,16193500,MSFT
2024-02-27,400.45294189453125,407.4800109863281,408.32000732421875,403.8500061035156,407.989990234375,14835800,MSFT
2024-02-28,400.6887512207031,407.7200012207031,409.29998779296875,405.32000732421875,408.17999267578125,13183100,MSFT
2024-02-29,406.5067443847656,413.6400146484375,414.20001220703125,405.9200134277344,408.6400146484375,31947300,MSFT
2024-03-01,408.3346252441406,415.5,415.8699951171875,410.8800048828125,411.2699890136719,17823400,MSFT
2024-03-04,407.7646484375,414.9200134277344,417.3500061035156,412.32000732421875,413.44000244140625,17596000,MSFT
2024-03-05,395.70623779296875,402.6499938964844,414.25,400.6400146484375,413.9599914550781,26919200,MSFT
2024-03-06,395.1558837890625,402.0899963378906,405.1600036621094,398.3900146484375,402.9700012207031,22344100,MSFT
2024-03-07,402.0843200683594,409.1400146484375,409.7799987792969,402.239990234375,406.1199951171875,18718500,MSFT
2024-03-08,399.2146301269531,406.2200012207031,410.4200134277344,404.3299865722656,407.9599914550781,18002200,MSFT
2024-03-11,397.5439758300781,404.5199890136719,405.67999267578125,401.260009765625,403.760009765625,16120800,MSFT
2024-03-12,408.118408203125,415.2799987792969,415.57000732421875,406.7900085449219,407.6199951171875,22457000,MSFT
2024-03-13,407.9414978027344,415.1000061035156,418.17999267578125,411.45001220703125,418.1000061035156,17115900,MSFT
2024-03-14,417.8869934082031,425.2200012207031,427.82000732421875,417.989990234375,420.239990234375,34157300,MSFT
2024-03-15,409.23876953125,416.4200134277344,422.6000061035156,412.7900085449219,419.2900085449219,45079900,MSFT
2024-03-18,410.1231994628906,417.32000732421875,420.7300109863281,413.7799987792969,414.25,20106000,MSFT
2024-03-19,414.1426696777344,421.4100036621094,421.6700134277344,415.54998779296875,417.8299865722656,19837900,MSFT
2024-03-20,417.8968200683594,425.2300109863281,425.9599914550781,420.6600036621094,422.0,17860100,MSFT
2024-03-21,421.9654235839844,429.3699951171875,430.82000732421875,427.1600036621094,429.8299865722656,21296200,MSFT
2024-03-22,421.3462219238281,428.739990234375,429.8599853515625,426.07000732421875,429.70001220703125,17648500,MSFT
2024-03-25,415.56768798828125,422.8599853515625,427.4100036621094,421.6099853515625,425.239990234375,18060500,MSFT
2024-03-26,414.3785400390625,421.6499938964844,425.989990234375,421.3500061035156,425.6099853515625,16725600,MSFT
2024-03-27,414.1623840332031,421.42999267578125,424.45001220703125,419.010009765625,424.44000244140625,16705000,MSFT
2024-03-28,413.46453857421875,420.7200012207031,421.8699951171875,419.1199951171875,420.9599914550781,21871200,MSFT
2024-04-01,417.24822998046875,424.57000732421875,427.8900146484375,422.2200012207031,423.95001220703125,16316000,MSFT
2024-04-02,414.1721496582031,421.44000244140625,422.3800048828125,417.8399963378906,420.1099853515625,17912000,MSFT
2024-04-03,413.19921875,420.45001220703125,423.260009765625,419.0899963378906,419.7300109863281,16502300,MSFT
2024-04-04,410.6735534667969,417.8800048828125,428.6700134277344,417.57000732421875,424.989990234375,19370900,MSFT
2024-04-05,418.1817626953125,425.5199890136719,426.510009765625,418.32000732421875,420.010009765625,16554800,MSFT
2024-04-08,417.26788330078125,424.5899963378906,427.2799987792969,423.29998779296875,425.1700134277344,14272400,MSFT
2024-04-09,418.9287414550781,426.2799987792969,427.739990234375,421.6199951171875,426.44000244140625,12496900,MSFT
2024-04-10,415.9607849121094,423.260009765625,424.0299987792969,419.70001220703125,422.19000244140625,16216600,MSFT
2024-04-11,420.55023193359375,427.92999267578125,429.3699951171875,422.3599853515625,425.82000732421875,17966400,MSFT
2024-04-12,414.6242370605469,421.8999938964844,425.17999267578125,419.7699890136719,424.04998779296875,19253800,MSFT
2024-04-15,406.5067443847656,413.6400146484375,426.82000732421875,413.42999267578125,426.6000061035156,20273500,MSFT
2024-04-16,407.4304504394531,414.5799865722656,418.3999938964844,413.7300109863281,414.57000732421875,16765600,MSFT
2024-04-17,404.7377014160156,411.8399963378906,418.8800048828125,410.3299865722656,417.25,15855500,MSFT
2024-04-18,397.29827880859375,404.2699890136719,411.8900146484375,403.95001220703125,410.6300048828125,21029900,MSFT
2024-04-19,392.2370910644531,399.1199951171875,405.4800109863281,397.7699890136719,404.0299987792969,30565800,MSFT
2024-04-22,394.04534912109375,400.9599914550781,402.8500061035156,395.75,400.0799865722656,20286900,MSFT
2024-04-23,400.5414123535156,407.57000732421875,408.20001220703125,403.05999755859375,404.239990234375,15734500,MSFT
2024-04-24,402.0057067871094,409.05999755859375,412.4700012207031,406.7799987792969,409.55999755859375,15065300,MSFT
2024-04-25,392.15850830078125,399.0400085449219,399.8900146484375,388.0299987792969,394.0299987792969,40586500,MSFT
2024-04-26,399.3129577636719,406.32000732421875,413.0,405.760009765625,412.1700134277344,29694700,MSFT
2024-04-29,395.3131103515625,402.25,406.32000732421875,399.19000244140625,405.25,19582100,MSFT
2024-04-30,382.6159362792969,389.3299865722656,402.1600036621094,389.1700134277344,401.489990234375,28781400,MSFT
2024-05-01,388.1291809082031,394.94000244140625,401.7200012207031,390.30999755859375,392.6099853515625,23562500,MSFT
2024-05-02,390.9791564941406,397.8399963378906,399.92999267578125,394.6499938964844,397.6600036621094,17709400,MSFT
2024-05-03,399.6470642089844,406.6600036621094,407.1499938964844,401.8599853515625,402.2799987792969,17446700,MSFT
2024-05-06,406.4084167480469,413.5400085449219,413.92999267578125,406.3699951171875,408.760009765625,16996600,MSFT
2024-05-07,402.28082275390625,409.3399963378906,414.6700134277344,409.0899963378906,414.6600036621094,20018200,MSFT
2024-05-08,403.46014404296875,410.5400085449219,412.2300109863281,406.7099914550781,408.1700134277344,11792300,MSFT
2024-05-09,405.2094421386719,412.32000732421875,412.7200012207031,409.1000061035156,410.57000732421875,14689700,MSFT
2024-05-10,407.58770751953125,414.739990234375,415.3800048828125,411.79998779296875,412.94000244140625,13402300,MSFT
2024-05-13,406.5853576660156,413.7200012207031,418.3500061035156,410.82000732421875,418.010009765625,15440200,MSFT
2024-05-14,409.37628173828125,416.55999755859375,417.489990234375,411.54998779296875,412.0199890136719,15109300,MSFT
2024-05-15,416.5338439941406,423.0799865722656,423.80999755859375,417.2699890136719,417.8999938964844,22239500,MSFT
2024-05-16,414.4761657714844,420.989990234375,425.4200134277344,420.3500061035156,421.79998779296875,17530100,MSFT
2024-05-17,413.708251953125,420.2099914550781,422.9200134277344,418.0299987792969,422.5400085449219,15352200,MSFT
2024-05-20,418.7589111328125,425.3399963378906,426.7699890136719,419.989990234375,420.2099914550781,16272100,MSFT
2024-05-21,422.4016418457031,429.0400085449219,432.9700012207031,424.8500061035156,426.8299865722656,21453300,MSFT
2024-05-22,423.8587341308594,430.5199890136719,432.4100036621094,427.1300048828125,430.0899963378906,18073700,MSFT
2024-05-23,420.39324951171875,427.0,433.6000061035156,425.4200134277344,432.9700012207031,17211700,MSFT
2024-05-24,423.50433349609375,430.1600036621094,431.05999755859375,424.4100036621094,427.19000244140625,11855300,MSFT
2024-05-28,423.6618347167969,430.32000732421875,430.82000732421875,426.6000061035156,429.6300048828125,15718000,MSFT
2024-05-29,422.5296325683594,429.1700134277344,430.94000244140625,425.69000244140625,425.69000244140625,15517100,MSFT
2024-05-30,408.2539978027344,414.6700134277344,424.29998779296875,414.239990234375,424.29998779296875,28394500,MSFT
2024-05-31,408.70684814453125,415.1300048828125,416.75,404.510009765625,416.75,47995300,MSFT
2024-06-03,407.12176513671875,413.5199890136719,416.42999267578125,408.9200134277344,415.5299987792969,17484700,MSFT
2024-06-04,409.63232421875,416.07000732421875,416.44000244140625,409.67999267578125,412.42999267578125,14348900,MSFT
2024-06-05,417.4494934082031,424.010009765625,424.0799865722656,416.29998779296875,417.80999755859375,16988000,MSFT
2024-06-06,417.9515686035156,424.5199890136719,425.30999755859375,420.5799865722656,424.010009765625,14861300,MSFT
2024-06-07,417.29193115234375,423.8500061035156,426.2799987792969,423.0,426.20001220703125,13621700,MSFT
2024-06-10,421.249755859375,427.8699951171875,428.0799865722656,423.8900146484375,424.70001220703125,13982900,MSFT
2024-06-11,425.98529052734375,432.67999267578125,432.82000732421875,425.25,425.4800109863281,14551100,MSFT
2024-06-12,434.23565673828125,441.05999755859375,443.3999938964844,433.25,435.32000732421875,22366200,MSFT
2024-06-13,434.7475891113281,441.5799865722656,443.3900146484375,439.3699951171875,440.8500061035156,15960600,MSFT
2024-06-14,435.7223205566406,442.57000732421875,443.1400146484375,436.7200012207031,438.2799987792969,13582000,MSFT
2024-06-17,441.4325256347656,448.3699951171875,450.94000244140625,440.7200012207031,442.5899963378906,20790000,MSFT
2024-06-18,439.4339904785156,446.3399963378906,450.1400146484375,444.8900146484375,449.7099914550781,17112500,MSFT
2024-06-20,438.80389404296875,445.70001220703125,446.5299987792969,441.2699890136719,446.29998779296875,19877400,MSFT
2024-06-21,442.8207092285156,449.7799987792969,450.5799865722656,446.510009765625,447.3800048828125,34187100,MSFT
2024-06-24,440.7434387207031,447.6700134277344,452.75,446.4100036621094,449.79998779296875,15913700,MSFT
2024-06-25,443.9726257324219,450.95001220703125,451.4200134277344,446.75,448.25,16413400,MSFT
2024-06-26,445.1639099121094,452.1600036621094,453.6000061035156,448.19000244140625,449.0,16507000,MSFT
2024-06-27,445.84326171875,452.8500061035156,456.1700134277344,451.7699890136719,452.17999267578125,14806300,MSFT
2024-06-28,440.0345458984375,446.95001220703125,455.3800048828125,446.4100036621094,453.07000732421875,28362300,MSFT
2024-07-01,449.6631774902344,456.7300109863281,457.3699951171875,445.6600036621094,448.6600036621094,17662800,MSFT
2024-07-02,452.1737365722656,459.2799987792969,459.5899963378906,453.1099853515625,453.20001220703125,13979800,MSFT
2024-07-03,453.64068603515625,460.7699890136719,461.0199890136719,457.8800048828125,458.19000244140625,9932800,MSFT
2024-07-05,460.32562255859375,467.55999755859375,468.3500061035156,458.9700012207031,459.6099853515625,16000300,MSFT
2024-07-08,459.0260925292969,466.239990234375,467.70001220703125,464.4599914550781,466.54998779296875,12962300,MSFT
2024-07-09,452.42974853515625,459.5400085449219,467.3299865722656,458.0,467.0,17207200,MSFT
2024-07-10,459.035888671875,466.25,466.4599914550781,458.8599853515625,461.2200012207031,18196100,MSFT
2024-07-11,447.6646728515625,454.70001220703125,464.7799987792969,451.54998779296875,462.9800109863281,23111200,MSFT
2024-07-12,446.5323791503906,453.54998779296875,456.3599853515625,450.6499938964844,454.3299865722656,16324300,MSFT
2024-07-15,446.93609619140625,453.9599914550781,457.260009765625,451.42999267578125,453.29998779296875,14429400,MSFT
2024-07-16,442.56475830078125,449.5199890136719,454.29998779296875,446.6600036621094,454.2200012207031,17175700,MSFT
2024-07-17,436.6575927734375,443.5199890136719,444.8500061035156,439.17999267578125,442.5899963378906,21778000,MSFT
2024-07-18,433.5563659667969,440.3699951171875,444.6499938964844,434.3999938964844,444.3399963378906,20794800,MSFT
2024-07-19,430.3467712402344,437.1099853515625,441.1400146484375,432.0,433.1000061035156,20940400,MSFT
2024-07-22,436.0865478515625,442.94000244140625,444.6000061035156,438.9100036621094,441.7900085449219,15808800,MSFT
2024-07-23,437.9670104980469,444.8500061035156,448.3900146484375,443.1000061035156,443.8999938964844,13107100,MSFT
2024-07-24,422.2638244628906,428.8999938964844,441.4800109863281,427.5899963378906,440.45001220703125,26805800,MSFT
2024-07-25,411.92626953125,418.3999938964844,429.79998779296875,417.510009765625,428.79998779296875,29943800,MSFT
2024-07-26,418.6899719238281,425.2699890136719,428.9200134277344,417.2699890136719,418.20001220703125,23583800,MSFT
2024-07-29,420.12738037109375,426.7300109863281,432.1499938964844,424.70001220703125,431.5799865722656,15125800,MSFT
2024-07-30,416.3763427734375,422.9200134277344,429.04998779296875,417.3599853515625,427.7200012207031,32687600,MSFT
2024-07-31,411.8770446777344,418.3500061035156,421.7799987792969,412.2099914550781,420.5,42891400,MSFT
2024-08-01,410.65618896484375,417.1099853515625,427.4599914550781,413.0899963378906,420.7900085449219,30296400,MSFT
2024-08-02,402.1695861816406,408.489990234375,415.0,404.3399963378906,412.489990234375,29437900,MSFT
2024-08-05,389.0360107421875,395.1499938964844,401.0400085449219,385.5799865722656,389.1700134277344,40709200,MSFT
2024-08-06,393.4269714355469,399.6099853515625,405.6700134277344,398.5,400.0,24946500,MSFT
2024-08-07,392.2652893066406,398.42999267578125,410.0799865722656,397.4700012207031,408.6400146484375,20650900,MSFT
2024-08-08,396.4593505859375,402.69000244140625,405.8599853515625,399.94000244140625,402.44000244140625,20203000,MSFT
2024-08-09,399.73779296875,406.0199890136719,408.04998779296875,402.260009765625,404.0299987792969,19276700,MSFT
2024-08-12,400.515625,406.80999755859375,408.760009765625,404.239990234375,407.05999755859375,16762900,MSFT
2024-08-13,407.6041564941406,414.010009765625,414.95001220703125,409.57000732421875,409.5899963378906,19414300,MSFT
2024-08-14,410.4101257324219,416.8599853515625,417.7200012207031,412.45001220703125,414.79998779296875,18267000,MSFT
2024-08-15,415.2626647949219,421.0299987792969,421.1099853515625,417.6600036621094,419.79998779296875,20752100,MSFT
2024-08-16,412.73779296875,418.4700012207031,421.3399963378906,417.29998779296875,420.6000061035156,22775600,MSFT
2024-08-19,415.755859375,421.5299987792969,421.75,416.4599914550781,418.9599914550781,15234000,MSFT
2024-08-20,418.98101806640625,424.79998779296875,425.8599853515625,421.6400146484375,421.70001220703125,16387600,MSFT
2024-08-21,418.3301086425781,424.1400146484375,426.3999938964844,421.7200012207031,424.0799865722656,16067300,MSFT
2024-08-22,409.8577575683594,415.54998779296875,426.7900085449219,414.6099853515625,424.3599853515625,19361900,MSFT
2024-08-23,411.0807800292969,416.7900085449219,419.260009765625,412.0899963378906,416.9800109863281,18493800,MSFT
2024-08-26,407.8259582519531,413.489990234375,417.2799987792969,411.3399963378906,416.3699951171875,13152800,MSFT
2024-08-27,408.1712341308594,413.8399963378906,414.3599853515625,410.25,412.8599853515625,13492900,MSFT
2024-08-28,404.9755859375,410.6000061035156,415.0,407.30999755859375,414.8800048828125,14882700,MSFT
2024-08-29,407.4610595703125,413.1199951171875,422.04998779296875,410.6000061035156,414.94000244140625,17045200,MSFT
2024-08-30,411.426025390625,417.1400146484375,417.489990234375,412.1300048828125,415.6000061035156,24308300,MSFT
2024-09-03,403.8314514160156,409.44000244140625,419.8800048828125,407.0299987792969,417.9100036621094,20313600,MSFT
2024-09-04,403.298828125,408.8999938964844,411.239990234375,404.3699951171875,405.9100036621094,15135800,MSFT
2024-09-05,402.79583740234375,408.3900146484375,413.1000061035156,406.1300048828125,407.6199951171875,14195500,MSFT
2024-09-06,396.19744873046875,401.70001220703125,410.6499938964844,400.79998779296875,409.05999755859375,19609500,MSFT
2024-09-09,400.1624450683594,405.7200012207031,408.6499938964844,402.1499938964844,407.239990234375,15295100,MSFT
2024-09-10,408.5262756347656,414.20001220703125,416.3299865722656,407.70001220703125,408.20001220703125,19594300,MSFT
2024-09-11,417.24517822265625,423.0400085449219,423.989990234375,409.5799865722656,415.5,19266900,MSFT
2024-09-12,421.15093994140625,427.0,427.3699951171875,419.75,423.30999755859375,17395700,MSFT
2024-09-13,424.69171142578125,430.5899963378906,431.8299865722656,425.4599914550781,425.8299865722656,15874600,MSFT
2024-09-16,425.4314880371094,431.3399963378906,433.5299987792969,428.2200012207031,430.6000061035156,13834700,MSFT
2024-09-17,429.18927001953125,435.1499938964844,441.8500061035156,432.2699890136719,440.2300109863281,18874200,MSFT
2024-09-18,424.9087219238281,430.80999755859375,436.0299987792969,430.4100036621094,435.0,18898000,MSFT
2024-09-19,432.68084716796875,438.69000244140625,441.5,436.8999938964844,441.2300109863281,21706600,MSFT
2024-09-20,429.30767822265625,435.2699890136719,439.239990234375,434.2200012207031,437.2200012207031,55167100,MSFT
2024-09-23,427.5717468261719,433.510009765625,436.4599914550781,430.3900146484375,434.2799987792969,15128900,MSFT
2024-09-24,423.29119873046875,429.1700134277344,433.3500061035156,426.1000061035156,433.0,17015800,MSFT
2024-09-25,426.1909484863281,432.1099853515625,433.1199951171875,428.57000732421875,429.8299865722656,13396400,MSFT
2024-09-26,425.40185546875,431.30999755859375,435.29998779296875,429.1300048828125,435.0899963378906,14492000,MSFT
2024-09-27,422.1568908691406,428.0199890136719,431.8500061035156,427.4700012207031,431.5199890136719,14896100,MSFT
2024-09-30,424.40570068359375,430.29998779296875,430.4200134277344,425.3699951171875,428.2099914550781,16807300,MSFT
2024-10-01,414.9273376464844,420.69000244140625,428.4800109863281,418.80999755859375,428.45001220703125,19092900,MSFT
2024-10-02,411.4161071777344,417.1300048828125,422.82000732421875,416.7099914550781,422.5799865722656,16582300,MSFT
2024-10-03,410.8341979980469,416.5400085449219,419.54998779296875,414.2900085449219,417.6300048828125,13686400,MSFT
2024-10-04,410.36077880859375,416.05999755859375,419.75,414.9700012207031,418.239990234375,19169700,MSFT
2024-10-07,403.9300842285156,409.5400085449219,417.1099853515625,409.0,416.0,20919800,MSFT
2024-10-08,409.02923583984375,414.7099914550781,415.6600036621094,408.1700134277344,410.8999938964844,19229300,MSFT
2024-10-09,411.7415771484375,417.4599914550781,420.3800048828125,414.29998779296875,415.8599853515625,14974300,MSFT
2024-10-10,410.1437683105469,415.8399963378906,417.3500061035156,413.1499938964844,415.2300109863281,13848400,MSFT
2024-10-11,410.61724853515625,416.32000732421875,417.1300048828125,413.25,416.1400146484375,14144900,MSFT
2024-10-14,413.3985900878906,419.1400146484375,424.0400085449219,417.5199890136719,417.7699890136719,16653100,MSFT
2024-10-15,413.0040588378906,418.739990234375,422.4800109863281,415.260009765625,422.17999267578125,18900200,MSFT
2024-10-16,410.419921875,416.1199951171875,416.3599853515625,410.4800109863281,415.1700134277344,15508900,MSFT
2024-10-17,411.01177978515625,416.7200012207031,422.5,415.5899963378906,422.3599853515625,14820000,MSFT
2024-10-18,412.4320373535156,418.1600036621094,419.6499938964844,416.260009765625,417.1400146484375,17145300,MSFT
2024-10-21,413.04351806640625,418.7799987792969,418.9599914550781,413.75,416.1199951171875,14206100,MSFT
2024-10-22,421.6539306640625,427.510009765625,430.5799865722656,418.0400085449219,418.489990234375,25482200,MSFT
2024-10-23,418.7837829589844,424.6000061035156,431.0799865722656,422.5299987792969,430.8599853515625,19654400,MSFT
2024-10-24,418.9119873046875,424.7300109863281,425.9800109863281,422.3999938964844,425.3299865722656,13581600,MSFT
2024-10-25,422.2851867675781,428.1499938964844,432.5199890136719,426.57000732421875,426.760009765625,16899100,MSFT
2024-10-28,420.74658203125,426.5899963378906,431.94000244140625,426.29998779296875,431.6600036621094,14882400,MSFT
2024-10-29,426.0331115722656,431.95001220703125,433.1700134277344,425.79998779296875,428.0,17644100,MSFT
2024-10-30,426.60516357421875,432.5299987792969,438.5,432.1000061035156,437.44000244140625,29749100,MSFT
2024-10-31,400.7837829589844,406.3500061035156,416.1600036621094,406.29998779296875,415.3599853515625,53971000,MSFT
2024-11-01,404.7486877441406,410.3699951171875,415.5,407.5,409.010009765625,24230400,MSFT
2024-11-04,402.8648986816406,408.4599914550781,410.4200134277344,405.57000732421875,409.79998779296875,19672300,MSFT
2024-11-05,405.82379150390625,411.4599914550781,414.8999938964844,408.0799865722656,408.3699951171875,17626000,MSFT
2024-11-06,414.42431640625,420.17999267578125,420.45001220703125,410.5199890136719,412.4200134277344,26681800,MSFT
2024-11-07,419.60247802734375,425.42999267578125,426.8500061035156,419.8800048828125,421.2799987792969,19901800,MSFT
2024-11-08,416.75201416015625,422.5400085449219,426.5,421.7799987792969,425.32000732421875,16891400,MSFT
2024-11-11,412.2840576171875,418.010009765625,424.80999755859375,416.0,422.5199890136719,24503300,MSFT
2024-11-12,417.2353210449219,423.0299987792969,424.44000244140625,417.20001220703125,418.25,19401200,MSFT
2024-11-13,419.3755798339844,425.20001220703125,429.3299865722656,418.2099914550781,421.6400146484375,21502200,MSFT
2024-11-14,421.04241943359375,426.8900146484375,428.1700134277344,420.0,425.0,30246900,MSFT
2024-11-15,409.3152770996094,415.0,422.79998779296875,413.6400146484375,419.82000732421875,28247600,MSFT
2024-11-18,410.0649108886719,415.760009765625,418.3999938964844,412.1000061035156,414.8699951171875,24727000,MSFT
2024-11-19,412.0671081542969,417.7900085449219,417.94000244140625,411.54998779296875,413.1099853515625,18133500,MSFT
2024-11-20,409.798583984375,415.489990234375,417.2900085449219,410.5799865722656,416.8699951171875,19191700,MSFT
2024-11-21,408.02960205078125,412.8699951171875,419.7799987792969,410.2900085449219,419.5,20780200,MSFT
2024-11-22,412.1111755371094,417.0,417.3999938964844,411.05999755859375,411.3699951171875,24814600,MSFT
2024-11-25,413.8801574707031,418.7900085449219,421.0799865722656,414.8500061035156,418.3800048828125,27691100,MSFT
2024-11-26,422.9722900390625,427.989990234375,429.0400085449219,418.8500061035156,419.5899963378906,23458900,MSFT
2024-11-27,418.03094482421875,422.989990234375,427.2300109863281,422.0199890136719,425.1099853515625,18332400,MSFT
2024-11-29,418.4953918457031,423.4599914550781,424.8800048828125,417.79998779296875,420.0899963378906,16271900,MSFT
2024-12-02,425.9272766113281,430.9800109863281,433.0,421.30999755859375,421.57000732421875,20207200,MSFT
2024-12-03,426.14471435546875,431.20001220703125,432.4700012207031,427.739990234375,429.8399963378906,18302000,MSFT
2024-12-04,432.2917785644531,437.4200134277344,439.6700134277344,432.6300048828125,433.0299987792969,26009400,MSFT
2024-12-05,437.4307861328125,442.6199951171875,444.6600036621094,436.1700134277344,437.9200134277344,21697800,MSFT
2024-12-06,438.3696594238281,443.57000732421875,446.1000061035156,441.7699890136719,442.29998779296875,18821000,MSFT
2024-12-09,440.7909240722656,446.0199890136719,448.3299865722656,440.5,442.6000061035156,19144400,MSFT
2024-12-10,438.1324157714844,443.3299865722656,449.6199951171875,441.6000061035156,444.3900146484375,18469500,MSFT
2024-12-11,443.72613525390625,448.989990234375,450.3500061035156,444.04998779296875,444.04998779296875,19200200,MSFT
2024-12-12,444.2894287109375,449.55999755859375,456.1600036621094,449.1099853515625,449.1099853515625,20834800,MSFT
2024-12-13,442.0262756347656,447.2699890136719,451.42999267578125,445.5799865722656,448.44000244140625,20177800,MSFT
2024-12-16,446.295654296875,451.5899963378906,452.17999267578125,445.2799987792969,447.2699890136719,23598800,MSFT
2024-12-17,449.1319580078125,454.4599914550781,455.2900085449219,449.57000732421875,451.010009765625,22733500,MSFT
2024-12-18,432.2621154785156,437.3900146484375,452.6499938964844,437.0199890136719,451.32000732421875,24444500,MSFT
2024-12-19,431.90631103515625,437.0299987792969,443.17999267578125,436.32000732421875,441.6199951171875,22963700,MSFT
2024-12-20,431.4813537597656,436.6000061035156,443.739990234375,428.6300048828125,433.1099853515625,64263700,MSFT
2024-12-23,430.147216796875,435.25,437.6499938964844,432.8299865722656,436.739990234375,19152500,MSFT
2024-12-24,434.1793518066406,439.3299865722656,439.6000061035156,434.19000244140625,434.6499938964844,7164500,MSFT
2024-12-26,432.9736633300781,438.1099853515625,440.94000244140625,436.6300048828125,439.0799865722656,8194200,MSFT
2024-12-27,425.4825439453125,430.5299987792969,435.2200012207031,426.3500061035156,434.6000061035156,18117700,MSFT
2024-12-30,419.84930419921875,424.8299865722656,427.54998779296875,421.8999938964844,426.05999755859375,13158700,MSFT
2024-12-31,416.55841064453125,421.5,426.7300109863281,420.6600036621094,426.1000061035156,13246500,MSFT
2025-01-02,413.6726379394531,418.5799865722656,426.07000732421875,414.8500061035156,425.5299987792969,16896500,MSFT
2025-01-03,418.38671875,423.3500061035156,424.0299987792969,419.5400085449219,421.0799865722656,16662900,MSFT
2025-01-06,422.8339538574219,427.8500061035156,434.32000732421875,425.4800109863281,428.0,20573600,MSFT
2025-01-07,417.418212890625,422.3699951171875,430.6499938964844,420.79998779296875,429.0,18139100,MSFT
2025-01-08,419.58251953125,424.55999755859375,426.9700012207031,421.5400085449219,423.4599914550781,15054600,MSFT
2025-01-10,414.0382995605469,418.95001220703125,424.7099914550781,415.0199890136719,424.6300048828125,20201100,MSFT
2025-01-13,412.2989196777344,417.19000244140625,418.5,412.2900085449219,415.239990234375,17604800,MSFT
2025-01-14,410.7967834472656,415.6700134277344,419.739990234375,410.7200012207031,417.80999755859375,16935900,MSFT
2025-01-15,421.3119812011719,426.30999755859375,428.1499938964844,418.2699890136719,419.1300048828125,19637800,MSFT
2025-01-16,419.602294921875,424.5799865722656,429.489990234375,424.3900146484375,428.70001220703125,15300000,MSFT
2025-01-17,424.0001525878906,429.0299987792969,434.4800109863281,428.1700134277344,434.0899963378906,26197500,MSFT
2025-01-21,423.476318359375,428.5,430.8999938964844,425.6000061035156,430.20001220703125,26085700,MSFT
2025-01-22,440.9688415527344,446.20001220703125,447.2699890136719,436.0,437.55999755859375,27803800,MSFT
2025-01-23,441.4728698730469,446.7099914550781,446.75,441.5,442.0,18389300,MSFT
2025-01-24,438.8539123535156,444.05999755859375,446.6499938964844,441.3999938964844,445.1600036621094,15549500,MSFT
2025-01-27,429.4653015136719,434.55999755859375,435.20001220703125,423.5,424.010009765625,35647800,MSFT
2025-01-28,441.9571228027344,447.20001220703125,448.3800048828125,431.3800048828125,434.6000061035156,23491700,MSFT
2025-01-29,437.1441955566406,442.3299865722656,446.8800048828125,440.3999938964844,446.69000244140625,23581400,MSFT
2025-01-30,410.12469482421875,414.989990234375,422.8599853515625,413.1600036621094,418.7699890136719,54586300,MSFT
2025-01-31,410.1938781738281,415.05999755859375,420.69000244140625,414.9100036621094,418.9800109863281,34161900,MSFT
2025-02-03,406.1024475097656,410.9200134277344,415.4100036621094,408.6600036621094,411.6000061035156,25679100,MSFT
2025-02-04,407.5354309082031,412.3699951171875,413.9200134277344,409.739990234375,412.69000244140625,20532100,MSFT
2025-02-05,408.44464111328125,413.2900085449219,413.8299865722656,410.3999938964844,412.3500061035156,16316700,MSFT
2025-02-06,410.94500732421875,415.82000732421875,418.20001220703125,414.0,414.0,16309800,MSFT
2025-02-07,404.9461669921875,409.75,418.6499938964844,408.1000061035156,416.4800109863281,22886800,MSFT
2025-02-10,407.38720703125,412.2200012207031,415.4599914550781,410.9200134277344,413.7099914550781,20817900,MSFT
2025-02-11,406.6163330078125,411.44000244140625,412.489990234375,409.29998779296875,409.6400146484375,18140600,MSFT
2025-02-12,404.2445068359375,409.0400085449219,410.75,404.3699951171875,407.2099914550781,19121700,MSFT
2025-02-13,405.72686767578125,410.5400085449219,411.0,406.3599853515625,407.0,23891700,MSFT
2025-02-14,403.6416015625,408.42999267578125,408.9100036621094,405.8800048828125,407.7900085449219,22758500,MSFT
2025-02-18,404.83746337890625,409.6400146484375,410.6000061035156,406.5,408.0,21423100,MSFT
2025-02-19,409.9073486328125,414.7699890136719,415.489990234375,407.6499938964844,407.8800048828125,24114200,MSFT
2025-02-20,412.07598876953125,416.1300048828125,419.30999755859375,412.5400085449219,415.2900085449219,23508700,MSFT
2025-02-21,404.23309326171875,408.2099914550781,418.04998779296875,407.8900146484375,417.3399963378906,27524800,MSFT
2025-02-24,400.06414794921875,404.0,409.3699951171875,399.32000732421875,408.510009765625,26443700,MSFT
2025-02-25,394.0235290527344,397.8999938964844,401.9200134277344,396.70001220703125,401.1000061035156,29387400,MSFT
2025-02-26,395.83575439453125,399.7300109863281,403.6000061035156,394.25,398.010009765625,19619000,MSFT
2025-02-27,388.7059020996094,392.5299987792969,405.739990234375,392.1700134277344,401.2699890136719,21127400,MSFT
2025-02-28,393.1224365234375,396.989990234375,397.6300048828125,386.57000732421875,392.6600036621094,32845700,MSFT
2025-03-03,384.7052307128906,388.489990234375,398.82000732421875,386.1600036621094,398.82000732421875,23007700,MSFT
2025-03-04,384.8240661621094,388.6099853515625,392.5799865722656,381.0,383.3999938964844,29342900,MSFT
2025-03-05,397.1131591796875,401.0199890136719,401.6700134277344,388.80999755859375,389.3399963378906,23433100,MSFT
2025-03-06,393.0234069824219,396.8900146484375,402.1499938964844,392.67999267578125,394.2799987792969,23304600,MSFT
2025-03-07,389.478271484375,393.30999755859375,394.79998779296875,385.5400085449219,392.32000732421875,22034100,MSFT
2025-03-10,376.4564208984375,380.1600036621094,386.3999938964844,377.2200012207031,385.8399963378906,32840100,MSFT
2025-03-11,376.7435607910156,380.45001220703125,386.0,376.9100036621094,379.0,30380200,MSFT
2025-03-12,379.53607177734375,383.2699890136719,385.2200012207031,378.95001220703125,382.95001220703125,24253600,MSFT
2025-03-13,375.0799255371094,378.7699890136719,385.32000732421875,377.45001220703125,383.1600036621094,20473000,MSFT
2025-03-14,384.7745666503906,388.55999755859375,390.2300109863281,379.510009765625,379.7799987792969,19952800,MSFT
2025-03-17,384.9132080078125,388.70001220703125,392.7099914550781,385.57000732421875,386.70001220703125,22474300,MSFT
2025-03-18,379.7836608886719,383.5199890136719,387.3699951171875,381.1000061035156,387.07000732421875,19486900,MSFT
2025-03-19,384.041748046875,387.82000732421875,389.67999267578125,384.0,385.5299987792969,19185500,MSFT
2025-03-20,383.07135009765625,386.8399963378906,391.7900085449219,383.2799987792969,385.739990234375,18470500,MSFT
2025-03-21,387.4482727050781,391.260009765625,391.739990234375,382.79998779296875,383.2200012207031,39675900,MSFT
2025-03-24,389.25054931640625,393.0799865722656,395.3999938964844,389.80999755859375,395.3999938964844,21004500,MSFT
2025-03-25,391.3102722167969,395.1600036621094,396.3599853515625,392.6400146484375,393.9200134277344,15775000,MSFT
2025-03-26,386.17083740234375,389.9700012207031,395.30999755859375,388.57000732421875,395.0,16108400,MSFT
2025-03-27,386.77484130859375,390.5799865722656,392.239990234375,387.3999938964844,390.1300048828125,13766800,MSFT
2025-03-28,375.109619140625,378.79998779296875,389.1300048828125,376.92999267578125,388.0799865722656,21632000,MSFT
2025-03-31,371.7328796386719,375.3900146484375,377.07000732421875,367.239990234375,372.5400085449219,35184700,MSFT
2025-04-01,378.4666442871094,382.19000244140625,382.8500061035156,373.2300109863281,374.6499938964844,19689500,MSFT
2025-04-02,378.4171447753906,382.1400146484375,385.0799865722656,376.6199951171875,377.9700012207031,16092600,MSFT
2025-04-03,369.47503662109375,373.1099853515625,377.4800109863281,369.3500061035156,374.7900085449219,30198000,MSFT
2025-04-04,356.3343505859375,359.8399963378906,374.5899963378906,359.4800109863281,364.1300048828125,49209900,MSFT
2025-04-07,354.3736267089844,357.8599853515625,371.0,344.7900085449219,350.8800048828125,50425000,MSFT
2025-04-08,351.1058044433594,354.55999755859375,373.6499938964844,350.25,368.260009765625,35868900,MSFT
2025-04-09,386.68572998046875,390.489990234375,393.2300109863281,353.1000061035156,353.5400085449219,50199700,MSFT
2025-04-10,377.6347961425781,381.3500061035156,383.8999938964844,367.79998779296875,382.05999755859375,38024400,MSFT
2025-04-11,384.6656494140625,388.45001220703125,390.04998779296875,378.8900146484375,380.6400146484375,23839200,MSFT
2025-04-14,384.0318908691406,387.80999755859375,394.6499938964844,384.2099914550781,393.2200012207031,19251200,MSFT
2025-04-15,381.9721374511719,385.7300109863281,391.8900146484375,384.1600036621094,388.510009765625,17199900,MSFT
2025-04-16,367.98968505859375,371.6099853515625,381.6099853515625,368.0,380.6700134277344,21967800,MSFT
2025-04-17,364.1969909667969,367.7799987792969,374.32000732421875,366.8900146484375,373.75,21120200,MSFT
2025-04-21,355.62139892578125,359.1199951171875,364.4800109863281,355.6700134277344,362.82000732421875,20807300,MSFT
2025-04-22,363.246337890625,366.82000732421875,367.7699890136719,359.8599853515625,363.3800048828125,19485000,MSFT
2025-04-23,370.74261474609375,374.3900146484375,380.3900146484375,373.0199890136719,376.05999755859375,20545500,MSFT
2025-04-24,383.5268249511719,387.29998779296875,388.45001220703125,375.19000244140625,375.70001220703125,22232300,MSFT
2025-04-25,388.0325012207031,391.8500061035156,392.1600036621094,384.6000061035156,387.0,18973200,MSFT
2025-04-28,387.3492126464844,391.1600036621094,392.739990234375,386.6400146484375,391.9599914550781,16579400,MSFT
2025-04-29,390.2012023925781,394.0400085449219,395.1000061035156,390.3800048828125,391.29998779296875,14974000,MSFT
2025-04-30,391.4093017578125,395.260009765625,396.6600036621094,384.44000244140625,390.29998779296875,36461100,MSFT
2025-05-01,421.255615234375,425.3999938964844,436.989990234375,424.8999938964844,431.1099853515625,58938100,MSFT
2025-05-02,431.0393981933594,435.2799987792969,439.44000244140625,429.989990234375,431.739990234375,30757400,MSFT
2025-05-05,431.9207763671875,436.1700134277344,439.5,432.1099853515625,432.8699951171875,20136100,MSFT
2025-05-06,429.0885925292969,433.30999755859375,437.7300109863281,431.1700134277344,432.20001220703125,15104200,MSFT
2025-05-07,429.12823486328125,433.3500061035156,438.1199951171875,431.1099853515625,433.8399963378906,23295300,MSFT
2025-05-08,433.9012451171875,438.1700134277344,443.6700134277344,435.6600036621094,437.92999267578125,23491300,MSFT
2025-05-09,434.4557800292969,438.7300109863281,440.739990234375,435.8800048828125,440.0,15324200,MSFT
2025-05-12,444.8831787109375,449.260009765625,449.3699951171875,439.7799987792969,445.94000244140625,22821900,MSFT
2025-05-13,444.7643737792969,449.1400146484375,450.6700134277344,445.3599853515625,447.7799987792969,23618800,MSFT
2025-05-14,448.52734375,452.94000244140625,453.8999938964844,448.1400146484375,448.1400146484375,19902800,MSFT
2025-05-15,449.5392761230469,453.1300048828125,456.19000244140625,450.42999267578125,450.7699890136719,21992300,MSFT
2025-05-16,450.67022705078125,454.2699890136719,454.3599853515625,448.7300109863281,452.04998779296875,23849800,MSFT
2025-05-19,455.2337951660156,458.8699951171875,459.5899963378906,450.79998779296875,450.8800048828125,21336500,MSFT
2025-05-20,454.5393371582031,458.1700134277344,458.3399963378906,454.32000732421875,455.5899963378906,15441800,MSFT
2025-05-21,448.9837341308594,452.57000732421875,457.7799987792969,451.80999755859375,454.57000732421875,19216900,MSFT
2025-05-22,451.25555419921875,454.8599853515625,460.25,453.8999938964844,454.95001220703125,18025600,MSFT
2025-05-23,446.6126403808594,450.17999267578125,453.69000244140625,448.9100036621094,449.9800109863281,16883500,MSFT
2025-05-27,457.03936767578125,460.69000244140625,460.95001220703125,456.1199951171875,456.4800109863281,20974300,MSFT
2025-05-28,453.7357482910156,457.3599853515625,462.5199890136719,456.92999267578125,461.2200012207031,17086300,MSFT
2025-05-29,455.0453186035156,458.67999267578125,461.7200012207031,455.30999755859375,461.54998779296875,13974800,MSFT
2025-05-30,456.71197509765625,460.3599853515625,461.67999267578125,455.5400085449219,459.7200012207031,34770500,MSFT
2025-06-02,458.3092346191406,461.9700012207031,462.1099853515625,456.8900146484375,457.1400146484375,16626500,MSFT
2025-06-03,459.3013000488281,462.9700012207031,464.1400146484375,460.8599853515625,461.4700012207031,15743800,MSFT
2025-06-04,460.19415283203125,463.8699951171875,465.69000244140625,463.0199890136719,464.0,14162700,MSFT
2025-06-05,463.9739990234375,467.67999267578125,469.6499938964844,464.0299987792969,464.9599914550781,20131700,MSFT
2025-06-06,466.6525573730469,470.3800048828125,473.3399963378906,468.7799987792969,470.0899963378906,15285600,MSFT
2025-06-09,469.0038146972656,472.75,473.42999267578125,468.6199951171875,469.70001220703125,16469900,MSFT
2025-06-10,467.18829345703125,470.9200134277344,472.79998779296875,466.9599914550781,471.19000244140625,15375900,MSFT
2025-06-11,468.87481689453125,472.6199951171875,475.4700012207031,469.6600036621094,470.0199890136719,16399200,MSFT
2025-06-12,475.07525634765625,478.8699951171875,480.4200134277344,473.5199890136719,475.0199890136719,18950600,MSFT
2025-06-13,471.1962890625,474.9599914550781,479.17999267578125,472.760009765625,476.4100036621094,16814500,MSFT
2025-06-16,475.3431701660156,479.1400146484375,480.69000244140625,475.0,475.2099914550781,15626100,MSFT
2025-06-17,474.25189208984375,478.0400085449219,478.739990234375,474.0799865722656,475.3999938964844,15414100,MSFT
2025-06-18,476.4344482421875,480.239990234375,481.0,474.4599914550781,478.0,17526500,MSFT
2025-06-20,473.616943359375,477.3999938964844,483.4599914550781,476.8699951171875,482.2300109863281,37576200,MSFT
2025-06-23,482.1487731933594,486.0,487.75,472.510009765625,478.2099914550781,24864000,MSFT
2025-06-24,486.2261962890625,490.1099853515625,491.8500061035156,486.79998779296875,488.95001220703125,22305600,MSFT
2025-06-25,488.3691101074219,492.2699890136719,494.55999755859375,489.3900146484375,492.0400085449219,17495100,MSFT
2025-06-26,493.508056640625,497.45001220703125,498.0400085449219,492.80999755859375,492.9800109863281,21578900,MSFT
2025-06-27,492.0100402832031,495.94000244140625,499.29998779296875,493.0299987792969,497.54998779296875,34539200,MSFT
2025-06-30,493.4683837890625,497.4100036621094,500.760009765625,495.3299865722656,497.0400085449219,28369000,MSFT
2025-07-01,488.1508483886719,492.04998779296875,498.04998779296875,490.9800109863281,496.4700012207031,19945400,MSFT
2025-07-02,487.198486328125,491.0899963378906,493.5,488.70001220703125,489.989990234375,16319600,MSFT
2025-07-03,494.8870849609375,498.8399963378906,500.1300048828125,493.44000244140625,493.80999755859375,13984800,MSFT
2025-07-07,493.77593994140625,497.7200012207031,498.75,495.2300109863281,497.3800048828125,13981600,MSFT
2025-07-08,492.68463134765625,496.6199951171875,498.20001220703125,494.1099853515625,497.239990234375,11846600,MSFT
2025-07-09,499.5200500488281,503.510009765625,506.7799987792969,499.739990234375,500.29998779296875,18659500,MSFT
2025-07-10,497.5061340332031,501.4800109863281,504.44000244140625,497.75,503.04998779296875,16492100,MSFT
2025-07-11,499.3315734863281,503.32000732421875,505.0299987792969,497.79998779296875,498.4700012207031,16459500,MSFT
2025-07-14,499.033935546875,503.0199890136719,503.9700012207031,501.0299987792969,501.5199890136719,12058800,MSFT
2025-07-15,501.811767578125,505.82000732421875,508.29998779296875,502.7900085449219,503.0199890136719,14927200,MSFT
2025-07-16,501.61334228515625,505.6199951171875,506.7200012207031,501.8900146484375,505.17999267578125,15154400,MSFT
2025-07-17,507.6451721191406,511.70001220703125,513.3699951171875,505.6199951171875,505.67999267578125,17503100,MSFT
2025-07-18,506.0082092285156,510.04998779296875,514.6400146484375,507.42999267578125,514.47998046875,21209700,MSFT
2025-07-21,506.01812744140625,510.05999755859375,512.0900268554688,505.54998779296875,506.7099914550781,14066800,MSFT
2025-07-22,501.26611328125,505.2699890136719,511.20001220703125,505.2699890136719,510.9700012207031,13868600,MSFT
2025-07-23,501.861328125,505.8699951171875,506.7900085449219,500.70001220703125,506.75,16396600,MSFT
2025-07-24,506.8316345214844,510.8800048828125,513.6699829101562,507.29998779296875,508.7699890136719,16107000,MSFT
2025-07-25,509.63922119140625,513.7100219726562,518.2899780273438,510.3599853515625,512.469970703125,19125700,MSFT
2025-07-28,508.4388122558594,512.5,515.0,510.1199951171875,514.0800170898438,14308000,MSFT
2025-07-29,508.5082702636719,512.5700073242188,517.6199951171875,511.55999755859375,515.530029296875,16469200,MSFT
2025-07-30,509.1729431152344,513.239990234375,515.9500122070312,509.44000244140625,515.1699829101562,26380400,MSFT
2025-07-31,529.2723388671875,533.5,555.4500122070312,531.9000244140625,555.22998046875,51617300,MSFT
2025-08-01,519.9568481445312,524.1099853515625,535.7999877929688,520.8599853515625,535.0,28977600,MSFT
2025-08-04,531.3954467773438,535.6400146484375,538.25,528.1300048828125,528.27001953125,25349000,MSFT
2025-08-05,523.5679931640625,527.75,537.2999877929688,527.239990234375,537.1799926757812,19171600,MSFT
2025-08-06,520.7802124023438,524.9400024414062,531.7000122070312,524.030029296875,530.9000244140625,21355700,MSFT
2025-08-07,516.7127075195312,520.8400268554688,528.0900268554688,517.5499877929688,526.7999877929688,16079100,MSFT
2025-08-08,517.9031982421875,522.0399780273438,524.6599731445312,519.4099731445312,522.5999755859375,15531000,MSFT
2025-08-11,517.6353759765625,521.77001953125,527.5900268554688,519.719970703125,522.2999877929688,20194400,MSFT
2025-08-12,525.046142578125,529.239990234375,530.97998046875,522.7000122070312,523.75,18667000,MSFT
2025-08-13,516.454833984375,520.5800170898438,532.7000122070312,519.3699951171875,532.1099853515625,19619200,MSFT
2025-08-14,518.3396606445312,522.47998046875,525.9500122070312,520.1400146484375,522.5599975585938,20269100,MSFT
2025-08-15,516.0479736328125,520.1699829101562,526.0999755859375,519.0800170898438,522.77001953125,25213300,MSFT
2025-08-18,513.0023193359375,517.0999755859375,522.8200073242188,514.02001953125,521.5900268554688,23760600,MSFT
2025-08-19,505.7304382324219,509.7699890136719,515.1599731445312,508.54998779296875,515.0,21481000,MSFT
2025-08-20,501.7125244140625,505.7200012207031,511.0,504.44000244140625,509.8699951171875,27723000,MSFT
2025-08-21,501.066650390625,504.239990234375,507.6300048828125,502.7200012207031,503.69000244140625,18443300,MSFT
2025-08-22,504.0378112792969,507.2300109863281,510.7300109863281,502.4100036621094,504.25,24324200,MSFT
2025-08-25,501.0865173339844,504.260009765625,508.19000244140625,504.1199951171875,506.6300048828125,21638600,MSFT
2025-08-26,498.8804626464844,502.0400085449219,504.9800109863281,498.510009765625,504.3599853515625,30835700,MSFT
2025-08-27,503.5509033203125,506.739990234375,507.2900085449219,499.8999938964844,502.0,17277900,MSFT
2025-08-28,506.4326477050781,509.6400146484375,511.0899963378906,505.5,507.0899963378906,18015600,MSFT
2025-08-29,503.5011901855469,506.69000244140625,509.6000061035156,504.489990234375,508.6600036621094,20961600,MSFT
2025-09-02,501.9410705566406,505.1199951171875,506.0,496.80999755859375,500.4700012207031,18128000,MSFT
2025-09-03,502.1696472167969,505.3500061035156,507.7900085449219,502.32000732421875,503.7900085449219,16345100,MSFT
2025-09-04,504.77313232421875,507.9700012207031,508.1499938964844,503.1499938964844,504.29998779296875,15509500,MSFT
2025-09-05,491.884765625,495.0,511.9700012207031,492.3699951171875,509.07000732421875,31994800,MSFT
2025-09-08,495.06463623046875,498.20001220703125,501.20001220703125,495.0299987792969,498.1099853515625,16771000,MSFT
2025-09-09,495.2733154296875,498.4100036621094,502.25,497.70001220703125,501.42999267578125,14410500,MSFT
2025-09-10,497.2209777832031,500.3699951171875,503.2300109863281,496.7200012207031,502.9800109863281,21611800,MSFT
2025-09-11,497.8569641113281,501.010009765625,503.1700134277344,497.8800048828125,502.25,18881600,MSFT
2025-09-12,506.6910095214844,509.8999938964844,512.5499877929688,503.8500061035156,506.6499938964844,23624900,MSFT
2025-09-15,512.1166381835938,515.3599853515625,515.469970703125,507.0,508.7900085449219,17143800,MSFT
2025-09-16,505.8364562988281,509.0400085449219,517.22998046875,508.6000061035156,516.8800048828125,19711900,MSFT
2025-09-17,506.81024169921875,510.0199890136719,511.2900085449219,505.92999267578125,510.6199951171875,15816600,MSFT
2025-09-18,505.2501525878906,508.45001220703125,513.0700073242188,507.6600036621094,511.489990234375,18913700,MSFT
2025-09-19,514.6705322265625,517.9299926757812,519.2999877929688,510.30999755859375,510.55999755859375,52474100,MSFT
2025-09-22,511.21240234375,514.4500122070312,517.739990234375,512.5399780273438,515.5900268554688,20009300,MSFT
2025-09-23,506.0252380371094,509.2300109863281,514.5900268554688,507.30999755859375,513.7999877929688,19799600,MSFT
2025-09-24,506.9394226074219,510.1499938964844,512.47998046875,506.9200134277344,510.3800048828125,13533700,MSFT
2025-09-25,503.83905029296875,507.0299987792969,510.010009765625,505.0400085449219,508.29998779296875,15786500,MSFT
2025-09-26,508.2411804199219,511.4599914550781,513.9400024414062,506.6199951171875,510.05999755859375,16213100,MSFT
2025-09-29,511.3613586425781,514.5999755859375,516.8499755859375,508.8800048828125,511.5,17617800,MSFT
2025-09-30,514.6903686523438,517.9500122070312,518.1599731445312,509.6600036621094,513.239990234375,19728200,MSFT
2025-10-01,516.439208984375,519.7100219726562,520.510009765625,511.69000244140625,514.7999877929688,22632300,MSFT
2025-10-02,512.4942626953125,515.739990234375,521.5999755859375,510.67999267578125,517.6400146484375,21222900,MSFT
2025-10-03,514.0940551757812,517.3499755859375,520.489990234375,515.0,517.0999755859375,15112300,MSFT
2025-10-06,525.2435302734375,528.5700073242188,531.030029296875,518.2000122070312,518.6099853515625,21388600,MSFT
2025-10-07,520.682373046875,523.97998046875,529.7999877929688,521.4400024414062,528.2899780273438,14615200,MSFT
2025-10-08,521.5468139648438,524.8499755859375,526.9500122070312,523.0900268554688,523.280029296875,13363400,MSFT
2025-10-09,519.1123046875,522.4000244140625,524.3300170898438,517.4000244140625,522.3400268554688,18343600,MSFT
2025-10-10,507.74432373046875,510.9599914550781,523.5800170898438,509.6300048828125,519.6400146484375,24133800,MSFT
2025-10-13,510.81488037109375,514.0499877929688,516.4099731445312,511.67999267578125,516.4099731445312,14284200,MSFT
2025-10-14,510.3379211425781,513.5700073242188,515.280029296875,506.0,510.2300109863281,14684300,MSFT
2025-10-15,510.19879150390625,513.4299926757812,517.1900024414062,510.0,514.9600219726562,14694700,MSFT
2025-10-16,508.3902587890625,511.6099853515625,516.8499755859375,508.1300048828125,512.5800170898438,15559600,MSFT
2025-10-17,510.3478698730469,513.5800170898438,515.47998046875,507.30999755859375,509.0400085449219,19867800,MSFT
2025-10-20,513.5376586914062,516.7899780273438,518.7000122070312,513.4299926757812,514.6099853515625,14665600,MSFT
2025-10-21,514.4021606445312,517.6599731445312,518.6900024414062,513.0399780273438,517.5,15586200,MSFT
2025-10-22,517.2640380859375,520.5399780273438,525.22998046875,517.7100219726562,521.1500244140625,18962700,MSFT
2025-10-23,517.2838745117188,520.5599975585938,523.9500122070312,518.6099853515625,522.4600219726562,14023500,MSFT
2025-10-24,520.3146362304688,523.6099853515625,525.3499755859375,520.7100219726562,522.7899780273438,15532400,MSFT
2025-10-27,528.1749877929688,531.52001953125,534.5800170898438,529.010009765625,531.780029296875,18734700,MSFT
2025-10-28,538.6585083007812,542.0700073242188,553.719970703125,540.77001953125,550.0,29986700,MSFT
2025-10-29,538.1417846679688,541.5499877929688,546.27001953125,536.72998046875,544.9400024414062,36023000,MSFT
2025-10-30,522.4512329101562,525.760009765625,534.969970703125,522.1199951171875,530.47998046875,41023100,MSFT
2025-10-31,514.5512084960938,517.8099975585938,529.3200073242188,515.0999755859375,528.8800048828125,34006400,MSFT
2025-11-03,513.776123046875,517.030029296875,524.9600219726562,514.5900268554688,519.8099975585938,22374700,MSFT
2025-11-04,511.0931701660156,514.3300170898438,515.5499877929688,507.8399963378906,511.760009765625,20958700,MSFT
2025-11-05,503.96826171875,507.1600036621094,514.8300170898438,506.5799865722656,513.2999877929688,23024300,MSFT
2025-11-06,493.9715576171875,497.1000061035156,505.70001220703125,495.80999755859375,505.6600036621094,27406500,MSFT
2025-11-07,493.6933288574219,496.82000732421875,499.3800048828125,493.25,496.95001220703125,24019800,MSFT
2025-11-10,502.8155517578125,506.0,506.8500061035156,498.79998779296875,500.0400085449219,26101500,MSFT
2025-11-11,505.47869873046875,508.67999267578125,509.6000061035156,502.3500061035156,504.79998779296875,17980000,MSFT
2025-11-12,507.9232177734375,511.1400146484375,511.6700134277344,499.1199951171875,509.3599853515625,26574900,MSFT
2025-11-13,500.12261962890625,503.2900085449219,513.5,501.2900085449219,510.30999755859375,25273100,MSFT
2025-11-14,506.96923828125,510.17999267578125,511.6000061035156,497.44000244140625,498.2300109863281,28505700,MSFT
2025-11-17,504.296142578125,507.489990234375,512.1199951171875,504.9100036621094,508.45001220703125,19092800,MSFT
2025-11-18,490.6824035644531,493.7900085449219,502.9800109863281,486.7799987792969,495.3699951171875,33815100,MSFT
2025-11-19,484.0543518066406,487.1199951171875,495.19000244140625,482.8299865722656,490.1000061035156,23245300,MSFT
2025-11-20,476.308837890625,478.42999267578125,493.57000732421875,475.5,492.7099914550781,26802500,MSFT
2025-11-21,470.0268249511719,472.1199951171875,478.9200134277344,468.2699890136719,478.5,31769200,MSFT
2025-11-24,471.89849853515625,474.0,476.8999938964844,468.0199890136719,475.0,34421000,MSFT
2025-11-25,474.8752136230469,476.989990234375,479.1499938964844,464.8900146484375,474.07000732421875,28019800,MSFT
2025-11-26,483.3475341796875,485.5,488.30999755859375,481.20001220703125,486.30999755859375,25709100,MSFT
2025-11-28,489.82867431640625,492.010009765625,492.6300048828125,486.6499938964844,487.6000061035156,14386700,MSFT
2025-12-01,484.5820007324219,486.739990234375,489.8599853515625,484.6499938964844,488.44000244140625,23964000,MSFT
2025-12-02,487.82757568359375,490.0,493.5,486.32000732421875,486.7200012207031,19562700,MSFT
2025-12-03,475.6119689941406,477.7300109863281,484.239990234375,475.20001220703125,476.32000732421875,34615100,MSFT
2025-12-04,478.70819091796875,480.8399963378906,481.32000732421875,476.489990234375,479.760009765625,22318200,MSFT
2025-12-05,481.01788330078125,483.1600036621094,483.3999938964844,478.8800048828125,482.5199890136719,22608700,MSFT
2025-12-08,488.8430480957031,491.0199890136719,492.29998779296875,484.3800048828125,484.8900146484375,21965900,MSFT
2025-12-09,489.8385925292969,492.0199890136719,492.1199951171875,488.5,489.1000061035156,14696100,MSFT
2025-12-10,476.43829345703125,478.55999755859375,484.25,475.0799865722656,484.0299987792969,35756200,MSFT
2025-12-11,481.3265075683594,483.4700012207031,486.0299987792969,475.8599853515625,476.6300048828125,24669200,MSFT
2025-12-12,476.4084167480469,478.5299987792969,482.45001220703125,476.3399963378906,479.82000732421875,21248100,MSFT
2025-12-15,472.7148742675781,474.82000732421875,480.7200012207031,472.5199890136719,480.1000061035156,23727700,MSFT
2025-12-16,474.2779235839844,476.3900146484375,477.8900146484375,470.8800048828125,471.9100036621094,20705600,MSFT
2025-12-17,474.00909423828125,476.1199951171875,480.0,475.0,476.9100036621094,24527200,MSFT
2025-12-18,481.8342590332031,483.9800109863281,489.6000061035156,477.8900146484375,478.19000244140625,28573500,MSFT
2025-12-19,483.7656555175781,485.9200134277344,487.8500061035156,482.489990234375,487.3599853515625,70836100,MSFT
2025-12-22,482.7701110839844,484.9200134277344,488.7300109863281,482.69000244140625,486.1199951171875,16963000,MSFT
2025-12-23,484.6915283203125,486.8500061035156,487.8299865722656,484.739990234375,484.9800109863281,14683600,MSFT
2025-12-24,485.8563232421875,488.0199890136719,489.1600036621094,484.8299865722656,485.67999267578125,5855900,MSFT
2025-12-26,485.5476989746094,487.7099914550781,488.1199951171875,485.9599914550781,486.7099914550781,8842200,MSFT
2025-12-29,484.9404296875,487.1000061035156,488.3500061035156,484.17999267578125,484.8599853515625,10893400,MSFT
2025-12-30,485.3187255859375,487.4800109863281,489.67999267578125,485.5,485.92999267578125,13944500,MSFT
2025-12-31,481.4758605957031,483.6199951171875,488.1400146484375,483.29998779296875,487.8399963378906,15601600,MSFT
2026-01-02,470.84320068359375,472.94000244140625,484.6600036621094,470.1600036621094,484.3900146484375,25571600,MSFT
2026-01-05,470.7536315917969,472.8500061035156,476.07000732421875,469.5,474.05999755859375,25250300,MSFT
2026-01-06,476.3885192871094,478.510009765625,478.739990234375,469.75,473.79998779296875,23037700,MSFT
2026-01-07,481.3265075683594,483.4700012207031,489.70001220703125,477.95001220703125,479.760009765625,25564200,MSFT
2026-01-08,475.9902648925781,478.1099853515625,482.6600036621094,475.8599853515625,481.239990234375,18162600,MSFT
2026-01-09,477.15509033203125,479.2799987792969,479.82000732421875,472.20001220703125,474.05999755859375,18491000,MSFT
2026-01-12,475.06439208984375,477.17999267578125,480.989990234375,475.67999267578125,476.6700134277344,23519900,MSFT
2026-01-13,468.5832824707031,470.6700134277344,475.7799987792969,465.95001220703125,474.67999267578125,28545800,MSFT
2026-01-14,457.34332275390625,459.3800048828125,468.20001220703125,457.1700134277344,466.4599914550781,28184300,MSFT
2026-01-15,454.6353759765625,456.6600036621094,464.25,455.8999938964844,464.1199951171875,23225800,MSFT
2026-01-16,457.8211669921875,459.8599853515625,463.19000244140625,456.4800109863281,457.8299865722656,34246700,MSFT
2026-01-20,452.5048828125,454.5199890136719,456.79998779296875,449.2799987792969,451.2200012207031,26130000,MSFT
2026-01-21,442.1410217285156,444.1099853515625,452.69000244140625,438.67999267578125,452.6000061035156,37980500,MSFT
2026-01-22,449.1398620605469,451.1400146484375,452.8399963378906,444.70001220703125,447.6199951171875,25349400,MSFT
2026-01-23,463.8841857910156,465.95001220703125,471.1000061035156,450.5299987792969,451.8699951171875,38000200,MSFT
2026-01-26,468.19500732421875,470.2799987792969,474.25,462.0,465.30999755859375,29291200,MSFT
2026-01-27,478.4493103027344,480.5799865722656,482.8699951171875,473.1600036621094,473.70001220703125,29213900,MSFT
2026-01-28,479.49468994140625,481.6300048828125,483.739990234375,478.0,483.2099914550781,36875400,MSFT
2026-01-29,431.57806396484375,433.5,442.5,421.0199890136719,439.989990234375,128855300,MSFT
2026-01-30,428.38232421875,430.2900085449219,439.6000061035156,426.45001220703125,439.1700134277344,58566800,MSFT
2026-02-02,421.49298095703125,423.3699951171875,430.739990234375,422.25,430.239990234375,42219900,MSFT
2026-02-03,409.3868713378906,411.2099914550781,422.04998779296875,408.55999755859375,422.010009765625,61424100,MSFT
2026-02-04,412.3536682128906,414.19000244140625,419.79998779296875,409.239990234375,411.0,45012400,MSFT
2026-02-05,391.9246520996094,393.6700134277344,408.29998779296875,392.32000732421875,407.44000244140625,66289200,MSFT
2026-02-06,399.3615417480469,401.1400146484375,401.7900085449219,392.9200134277344,399.1700134277344,53515300,MSFT
2026-02-09,411.76629638671875,413.6000061035156,414.8900146484375,400.8699951171875,404.8500061035156,45480500,MSFT
2026-02-10,411.437744140625,413.2699890136719,423.67999267578125,412.70001220703125,419.6199951171875,44857900,MSFT
2026-02-11,402.57720947265625,404.3699951171875,416.4599914550781,401.010009765625,416.17999267578125,42491000,MSFT
2026-02-12,400.05841064453125,401.8399963378906,406.20001220703125,398.010009765625,405.0,40802400,MSFT
2026-02-13,399.5407409667969,401.32000732421875,405.5400085449219,398.04998779296875,404.45001220703125,34091600,MSFT
2026-02-17,395.1004943847656,396.8599853515625,400.5199890136719,394.5299987792969,399.2200012207031,32078800,MSFT
2026-02-18,397.828369140625,399.6000061035156,402.55999755859375,396.32000732421875,398.1300048828125,23223400,MSFT
2026-02-19,397.5988464355469,398.4599914550781,404.42999267578125,396.6700134277344,400.69000244140625,28234000,MSFT
2026-02-20,396.37152099609375,397.2300109863281,400.1199951171875,395.1600036621094,396.1099853515625,34015200,MSFT
2026-02-23,383.6390686035156,384.4700012207031,395.3599853515625,383.1000061035156,395.0,43238300,MSFT
2026-02-24,388.1593017578125,389.0,389.3599853515625,381.7099914550781,384.1400146484375,33884700,MSFT
2026-02-25,399.7342224121094,400.6000061035156,401.4700012207031,390.1600036621094,390.5299987792969,43625500,MSFT
2026-02-26,400.851806640625,401.7200012207031,407.489990234375,398.739990234375,404.7099914550781,34405900,MSFT
2026-02-27,391.8912048339844,392.739990234375,396.82000732421875,389.8800048828125,390.8800048828125,51367200,MSFT
2026-03-02,397.6886291503906,398.54998779296875,401.19000244140625,390.6300048828125,392.8599853515625,35474900,MSFT
2026-03-03,403.0570068359375,403.92999267578125,406.70001220703125,392.6700134277344,393.1400146484375,38199200,MSFT
2026-03-04,404.32427978515625,405.20001220703125,411.0299987792969,400.30999755859375,401.2699890136719,35808000,MSFT
2026-03-05,409.79241943359375,410.67999267578125,411.6099853515625,404.3999938964844,404.4200134277344,39001300,MSFT
2026-03-06,408.0761413574219,408.9599914550781,413.04998779296875,408.510009765625,409.20001220703125,31123900,MSFT
2026-03-09,408.5251770019531,409.4100036621094,410.2099914550781,403.5,404.9200134277344,30131900,MSFT
2026-03-10,404.8830871582031,405.760009765625,410.20001220703125,402.92999267578125,410.0299987792969,31706400,MSFT
2026-03-11,404.0049743652344,404.8800048828125,409.010009765625,401.5899963378906,405.57000732421875,25512100,MSFT
2026-03-12,400.9914855957031,401.8599853515625,406.1199951171875,401.7099914550781,404.6300048828125,27263900,MSFT
2026-03-13,394.69512939453125,395.54998779296875,404.79998779296875,394.25,401.0,26848000,MSFT
2026-03-16,399.08563232421875,399.95001220703125,400.6300048828125,394.7900085449219,398.07000732421875,27733700,MSFT
2026-03-17,398.5467834472656,399.4100036621094,404.3999938964844,397.75,400.2699890136719,26228300,MSFT
2026-03-18,390.9432678222656,391.7900085449219,398.0,391.0,397.1300048828125,25908500,MSFT
2026-03-19,388.1792297363281,389.0199890136719,392.489990234375,387.05999755859375,390.1000061035156,25138800,MSFT
2026-03-20,381.0447082519531,381.8699951171875,387.0,380.1199951171875,386.7900085449219,50853200,MSFT
2026-03-23,382.1722717285156,383.0,387.2099914550781,381.67999267578125,383.8999938964844,29680100,MSFT
2026-03-24,371.9344177246094,372.739990234375,382.4700012207031,371.8500061035156,382.3599853515625,42733600,MSFT
2026-03-25,370.2381286621094,371.0400085449219,377.05999755859375,369.6300048828125,376.9200134277344,31181200,MSFT
2026-03-26,365.1790771484375,365.9700012207031,374.7200012207031,365.19000244140625,370.82000732421875,36836600,MSFT
2026-03-27,355.9989318847656,356.7699890136719,362.45001220703125,356.510009765625,361.8999938964844,37883400,MSFT
2026-03-30,358.1842041015625,358.9599914550781,365.3599853515625,356.2799987792969,361.8999938964844,44797000,MSFT
2026-03-31,369.3699951171875,370.1700134277344,372.8999938964844,363.07000732421875,364.54998779296875,45244400,MSFT
2026-04-01,368.57171630859375,369.3699951171875,373.989990234375,368.20001220703125,373.489990234375,29417200,MSFT
2026-04-02,372.6528625488281,373.4599914550781,373.6400146484375,364.1499938964844,367.2099914550781,24099100,MSFT
2026-04-06,372.0741271972656,372.8800048828125,373.7300109863281,369.5,373.489990234375,16146600,MSFT
2026-04-07,371.48541259765625,372.2900085449219,372.45001220703125,366.55999755859375,370.3399963378906,21443300,MSFT
2026-04-08,373.52099609375,374.3299865722656,385.0,371.4100036621094,384.9800109863281,33064800,MSFT
2026-04-09,372.26373291015625,373.07000732421875,373.5,367.04998779296875,372.5,30435300,MSFT
2026-04-10,370.0684814453125,370.8699951171875,375.6400146484375,370.0299987792969,372.9800109863281,28111100,MSFT
2026-04-13,383.539306640625,384.3699951171875,384.5400085449219,371.0199890136719,373.6099853515625,35745800,MSFT
2026-04-14,392.2604064941406,393.1099853515625,394.69000244140625,386.5199890136719,387.9200134277344,37504500,MSFT
2026-04-15,410.3312683105469,411.2200012207031,414.3699951171875,396.7300109863281,398.0,45063400,MSFT
2026-04-16,419.35174560546875,420.260009765625,420.82000732421875,412.1400146484375,419.8599853515625,41642400,MSFT
2026-04-17,421.87628173828125,422.7900085449219,431.5799865722656,420.69000244140625,424.82000732421875,48568200,MSFT
2026-04-20,417.1664733886719,418.07000732421875,423.3299865722656,416.29998779296875,421.1499938964844,27582200,MSFT
2026-04-21,423.2433166503906,424.1600036621094,427.17999267578125,417.20001220703125,420.239990234375,32048500,MSFT
2026-04-22,431.984375,432.9200134277344,433.70001220703125,423.6700134277344,426.19000244140625,29378200,MSFT
2026-04-23,414.8514709472656,415.75,423.6600036621094,411.4100036621094,419.8900146484375,38308000,MSFT
2026-04-24,423.7023010253906,424.6199951171875,424.95001220703125,415.79998779296875,416.9700012207031,27457400,MSFT
2026-04-27,423.9018859863281,424.82000732421875,427.1099853515625,417.07000732421875,422.3800048828125,30867300,MSFT
2026-04-28,428.3222961425781,429.25,429.9200134277344,421.8999938964844,424.57000732421875,30438100,MSFT
2026-04-29,423.5426330566406,424.4599914550781,426.82000732421875,420.2900085449219,424.5799865722656,38288300,MSFT
2026-04-30,406.8987121582031,407.7799987792969,414.4200134277344,398.010009765625,410.80999755859375,70909400,MSFT
2026-05-01,413.5443115234375,414.44000244140625,417.1099853515625,410.44000244140625,412.79998779296875,31372400,MSFT
2026-05-04,412.72607421875,413.6199951171875,420.7799987792969,410.79998779296875,411.5400085449219,28066500,MSFT
2026-05-05,410.4909362792969,411.3800048828125,416.7799987792969,408.79998779296875,415.32000732421875,25700900,MSFT
2026-05-06,413.0653381347656,413.9599914550781,418.4200134277344,405.1099853515625,408.0,30285900,MSFT
2026-05-07,419.8606262207031,420.7699890136719,427.9800109863281,418.760009765625,420.1099853515625,34942400,MSFT
2026-05-08,414.22283935546875,415.1199951171875,418.6300048828125,414.0,417.3900146484375,33383800,MSFT
2026-05-11,411.7681579589844,412.6600036621094,412.69000244140625,405.5,407.8699951171875,35657900,MSFT
2026-05-12,406.8887023925781,407.7699890136719,415.5,406.6400146484375,414.4800109863281,38594200,MSFT
2026-05-13,404.3342590332031,405.2099914550781,406.30999755859375,401.0299987792969,403.20001220703125,29667100,MSFT
2026-05-14,408.5451354980469,409.42999267578125,411.8399963378906,400.8800048828125,404.4800109863281,27077500,MSFT
2026-05-15,421.0081481933594,421.9200134277344,428.1700134277344,412.9100036621094,414.2699890136719,50771200,MSFT
2026-05-18,422.6246643066406,423.5400085449219,425.1199951171875,415.6099853515625,416.6199951171875,32564100,MSFT
2026-05-19,416.51788330078125,417.4200134277344,432.70001220703125,416.489990234375,429.8999938964844,33018700,MSFT
2026-05-20,420.1499938964844,421.05999755859375,422.1000061035156,411.29998779296875,414.1700134277344,27864000,MSFT
2026-05-21,419.0899963378906,419.0899963378906,426.3399963378906,415.7099914550781,424.75,31393500,MSFT
2026-05-22,418.57000732421875,418.57000732421875,424.3999938964844,416.3299865722656,419.5400085449219,22390300,MSFT
2026-05-26,416.0299987792969,416.0299987792969,419.7699890136719,413.0199890136719,416.42999267578125,30398000,MSFT
2026-05-27,412.6700134277344,412.6700134277344,415.94000244140625,409.5799865722656,411.010009765625,28901500,MSFT
2026-05-28,426.989990234375,426.989990234375,429.489990234375,412.6700134277344,412.9800109863281,47250500,MSFT
2026-05-29,450.239990234375,450.239990234375,450.3299865722656,432.3599853515625,432.54998779296875,79654400,MSFT
2026-06-01,460.5199890136719,460.5199890136719,466.32000732421875,458.2699890136719,464.8399963378906,53628900,MSFT
2026-06-02,441.30999755859375,441.30999755859375,453.5,440.42999267578125,446.8800048828125,37036800,MSFT
2026-06-03,427.3399963378906,427.3399963378906,440.3900146484375,424.25,438.45001220703125,39037000,MSFT
2026-06-04,428.04998779296875,428.04998779296875,436.1499938964844,426.4100036621094,435.80999755859375,26899500,MSFT
2026-06-05,416.6700134277344,416.6700134277344,429.4700012207031,414.3999938964844,428.3399963378906,34782200,MSFT
2026-06-08,411.739990234375,411.739990234375,417.1600036621094,408.55999755859375,414.1400146484375,32086700,MSFT
2026-06-09,403.4100036621094,403.4100036621094,411.9800109863281,398.4800109863281,409.0299987792969,35317300,MSFT
2026-06-10,397.3599853515625,397.3599853515625,405.0400085449219,397.1600036621094,398.54998779296875,32576000,MSFT
2026-06-11,390.3399963378906,390.3399963378906,396.8500061035156,384.0,395.2099914550781,47224100,MSFT
2026-06-12,390.739990234375,390.739990234375,391.739990234375,382.2699890136719,391.42999267578125,34865800,MSFT
