date,adj_close,close,high,low,open,volume,symbol
2015-01-01,189.12535095214844,202.95899963378906,203.8961944580078,201.98751831054688,202.59327697753906,2963643,RELIANCE_NS
2015-01-02,188.62481689453125,202.4218292236328,204.82196044921875,202.1361083984375,203.0047149658203,7331366,RELIANCE_NS
2015-01-05,186.5586700439453,200.20457458496094,203.64476013183594,199.80455017089844,202.29611206054688,10103941,RELIANCE_NS
2015-01-06,178.09182739257812,191.11839294433594,199.55311584472656,190.1811981201172,198.86737060546875,18627980,RELIANCE_NS
2015-01-07,181.9684600830078,195.2786102294922,196.30723571777344,191.32412719726562,191.34698486328125,20720312,RELIANCE_NS
2015-01-08,179.3592071533203,192.4784698486328,197.2444305419922,192.04415893554688,196.60438537597656,19872227,RELIANCE_NS
2015-01-09,183.24647521972656,196.6501007080078,197.0386962890625,193.1527862548828,193.92996215820312,13392787,RELIANCE_NS
2015-01-12,181.11647033691406,194.36427307128906,196.81011962890625,192.3756103515625,196.69583129882812,10100113,RELIANCE_NS
2015-01-13,179.59347534179688,192.7299041748047,195.42718505859375,192.12416076660156,194.9814453125,9948711,RELIANCE_NS
2015-01-14,177.8468780517578,190.85552978515625,193.60995483398438,189.9983367919922,192.69561767578125,11380041,RELIANCE_NS
2015-01-15,184.0878448486328,197.55300903320312,199.11880493164062,192.00987243652344,192.00987243652344,16927085,RELIANCE_NS
2015-01-16,185.2487335205078,198.79879760742188,200.01028442382812,194.76429748535156,196.58152770996094,19136963,RELIANCE_NS
2015-01-19,187.3680877685547,201.0731964111328,202.52468872070312,196.29580688476562,198.9130859375,13339962,RELIANCE_NS
2015-01-20,192.3523712158203,206.4220428466797,206.99349975585938,200.89031982421875,201.49607849121094,13361320,RELIANCE_NS
2015-01-21,193.14048767089844,207.26779174804688,208.33070373535156,203.90762329101562,206.86778259277344,17084297,RELIANCE_NS
2015-01-22,188.24143981933594,202.01039123535156,207.37066650390625,201.03890991210938,206.90206909179688,23721627,RELIANCE_NS
2015-01-23,188.91236877441406,202.7304229736328,205.2219696044922,200.4674530029297,203.43902587890625,18080494,RELIANCE_NS
2015-01-27,189.37033081054688,203.2218780517578,204.9705352783203,201.26748657226562,204.10191345214844,17939876,RELIANCE_NS
2015-01-28,193.16180419921875,207.2906494140625,207.96498107910156,202.54754638671875,202.54754638671875,19298126,RELIANCE_NS
2015-01-29,197.9649658203125,212.44520568847656,213.61097717285156,207.3020782470703,207.34779357910156,36117653,RELIANCE_NS
2015-01-30,194.95098876953125,209.21075439453125,212.8680877685547,207.7821044921875,212.5823516845703,21746801,RELIANCE_NS
2015-02-02,193.41737365722656,207.56495666503906,210.27366638183594,207.0277862548828,209.39361572265625,19302710,RELIANCE_NS
2015-02-03,199.71163940429688,214.31959533691406,215.06248474121094,208.74215698242188,208.74215698242188,17092333,RELIANCE_NS
2015-02-04,197.8372039794922,212.3080596923828,215.73680114746094,211.64517211914062,214.66246032714844,14072894,RELIANCE_NS
2015-02-05,196.7509002685547,211.1422882080078,214.84532165527344,209.7479248046875,213.953857421875,12365643,RELIANCE_NS
2015-02-06,193.8114471435547,207.9878387451172,212.5823516845703,206.41061401367188,211.2337188720703,9045844,RELIANCE_NS
2015-02-09,190.9998016357422,204.9705352783203,209.83935546875,203.8961944580078,205.99916076660156,8839692,RELIANCE_NS
2015-02-10,187.86866760253906,201.61036682128906,206.75347900390625,196.87869262695312,205.2677001953125,13651008,RELIANCE_NS
2015-02-11,191.851806640625,205.88487243652344,206.81063842773438,201.8389434814453,202.52468872070312,9781008,RELIANCE_NS
2015-02-12,193.65167236328125,207.81639099121094,208.91358947753906,202.8104248046875,207.55352783203125,8709626,RELIANCE_NS
2015-02-13,195.43026733398438,209.72506713867188,210.47938537597656,207.7935333251953,208.92501831054688,7393680,RELIANCE_NS
2015-02-16,192.29913330078125,206.36489868164062,211.25657653808594,205.724853515625,209.99935913085938,12266698,RELIANCE_NS
2015-02-18,192.05418395996094,206.10202026367188,207.55352783203125,204.44479370117188,205.724853515625,9835036,RELIANCE_NS
2015-02-19,192.13937377929688,206.19345092773438,207.46209716796875,202.87899780273438,207.31350708007812,9550637,RELIANCE_NS
2015-02-20,185.97293090820312,199.5759735107422,204.81053161621094,199.16452026367188,204.6390838623047,18717199,RELIANCE_NS
2015-02-23,181.36141967773438,194.6271514892578,200.41030883789062,193.6328125,198.85594177246094,14104463,RELIANCE_NS
2015-02-24,179.2313995361328,192.34130859375,195.85006713867188,191.32412719726562,195.26718139648438,19946218,RELIANCE_NS
2015-02-25,179.59347534179688,192.7299041748047,195.781494140625,192.2498779296875,194.0214080810547,15274116,RELIANCE_NS
2015-02-26,179.34854125976562,192.467041015625,194.2957000732422,191.23268127441406,193.4042205810547,21459750,RELIANCE_NS
2015-02-27,182.23472595214844,195.5643310546875,196.81011962890625,193.0613555908203,193.7356719970703,18659378,RELIANCE_NS
2015-03-02,184.0878448486328,197.55300903320312,200.12457275390625,195.5643310546875,198.63877868652344,14579511,RELIANCE_NS
2015-03-03,191.8730926513672,205.90773010253906,207.19921875,198.27305603027344,198.63877868652344,20636925,RELIANCE_NS
2015-03-04,189.11474609375,202.94757080078125,207.93069458007812,201.1646270751953,207.0963592529297,14476047,RELIANCE_NS
2015-03-05,188.4970245361328,202.28468322753906,205.4391326904297,200.73031616210938,204.01048278808594,10716702,RELIANCE_NS
2015-03-09,185.23806762695312,198.787353515625,203.83905029296875,197.5301513671875,202.3189697265625,14065391,RELIANCE_NS
2015-03-10,183.0015411376953,196.38723754882812,200.19314575195312,195.53004455566406,198.62734985351562,15234060,RELIANCE_NS
2015-03-11,182.3199462890625,195.65577697753906,198.7759246826172,194.84429931640625,196.79869079589844,11635873,RELIANCE_NS
2015-03-12,183.9920196533203,197.4501495361328,198.27305603027344,195.5757598876953,196.12437438964844,11782380,RELIANCE_NS
2015-03-13,181.07386779785156,194.3185577392578,198.7759246826172,193.60995483398438,198.63877868652344,12936157,RELIANCE_NS
2015-03-16,179.36981201171875,192.48989868164062,195.1986083984375,192.0784454345703,194.63858032226562,13839990,RELIANCE_NS
2015-03-17,182.5116424560547,195.8614959716797,196.5586700439453,192.2384490966797,194.42141723632812,19070082,RELIANCE_NS
2015-03-18,185.02508544921875,198.55877685546875,199.38168334960938,195.3700408935547,195.89578247070312,9269885,RELIANCE_NS
2015-03-19,182.36253356933594,195.7014923095703,200.39886474609375,195.23289489746094,200.13600158691406,13934612,RELIANCE_NS
2015-03-20,181.92584228515625,195.23289489746094,196.8444061279297,193.97567749023438,196.10150146484375,10405717,RELIANCE_NS
2015-03-23,179.33787536621094,192.4556121826172,197.49586486816406,191.5755615234375,195.781494140625,13251683,RELIANCE_NS
2015-03-24,180.61590576171875,193.8271026611328,195.2786102294922,192.48989868164062,192.48989868164062,9238431,RELIANCE_NS
2015-03-25,179.9662322998047,193.1299285888672,194.18141174316406,192.2384490966797,194.06712341308594,10264941,RELIANCE_NS
2015-03-26,176.64341735839844,189.56402587890625,194.124267578125,188.37539672851562,192.2613067626953,20621346,RELIANCE_NS
2015-03-27,172.89456176757812,185.5409698486328,190.86695861816406,183.19798278808594,190.61550903320312,23326922,RELIANCE_NS
2015-03-30,172.6921844482422,185.3238067626953,186.91246032714844,182.05506896972656,186.66102600097656,17330588,RELIANCE_NS
2015-03-31,175.94049072265625,188.80970764160156,190.38693237304688,186.9810333251953,186.9810333251953,20235395,RELIANCE_NS
2015-04-01,178.08119201660156,191.10696411132812,191.78128051757812,185.86097717285156,188.55825805664062,14588531,RELIANCE_NS
2015-04-06,175.6529083251953,188.50111389160156,191.55270385742188,187.7582244873047,191.0955352783203,12334096,RELIANCE_NS
2015-04-07,177.39955139160156,190.37550354003906,191.11839294433594,188.82113647460938,188.82113647460938,21275454,RELIANCE_NS
2015-04-08,184.4393310546875,197.93017578125,198.75306701660156,190.38693237304688,190.52407836914062,24821205,RELIANCE_NS
2015-04-09,190.65899658203125,204.60479736328125,205.49627685546875,196.30723571777344,197.8387451171875,27276420,RELIANCE_NS
2015-04-10,192.6292724609375,206.7191925048828,207.73638916015625,203.23330688476562,204.5705108642578,25323219,RELIANCE_NS
2015-04-13,196.4952850341797,210.86798095703125,211.38229370117188,205.4391326904297,207.2792205810547,20177342,RELIANCE_NS
2015-04-15,196.74024963378906,211.130859375,214.77674865722656,207.37066650390625,210.5251007080078,22231264,RELIANCE_NS
2015-04-16,197.74136352539062,212.2052001953125,214.41102600097656,210.0679473876953,211.3251495361328,20177302,RELIANCE_NS
2015-04-17,197.42184448242188,211.86231994628906,215.85108947753906,210.89083862304688,213.7366943359375,23958678,RELIANCE_NS
2015-04-20,188.64610290527344,202.44468688964844,214.28529357910156,200.81031799316406,214.25100708007812,37628162,RELIANCE_NS
2015-04-21,186.68649291992188,200.3417205810547,204.6962432861328,199.42739868164062,203.4733123779297,17707007,RELIANCE_NS
2015-04-22,187.389404296875,201.09605407714844,202.69613647460938,198.18161010742188,201.58750915527344,14761313,RELIANCE_NS
2015-04-23,186.81431579589844,200.4788818359375,203.3018798828125,198.65020751953125,202.0332489013672,13337818,RELIANCE_NS
2015-04-24,187.2083282470703,200.90174865722656,202.17039489746094,198.55877685546875,200.4674530029297,12709854,RELIANCE_NS
2015-04-27,186.4415283203125,200.078857421875,202.86756896972656,199.1988067626953,201.1646270751953,11042925,RELIANCE_NS
2015-04-28,184.2902069091797,197.77017211914062,201.61036682128906,196.25009155273438,199.94171142578125,14687371,RELIANCE_NS
2015-04-29,181.0525360107422,194.2957000732422,198.9930877685547,193.70138549804688,197.0386962890625,16387960,RELIANCE_NS
2015-04-30,183.68316650390625,197.1186981201172,197.93017578125,193.8271026611328,194.2957000732422,34802149,RELIANCE_NS
2015-05-04,189.77505493164062,203.65618896484375,204.33050537109375,196.69583129882812,197.99874877929688,15078502,RELIANCE_NS
2015-05-05,190.03067016601562,203.93048095703125,206.1363067626953,202.3189697265625,204.2847900390625,17846755,RELIANCE_NS
2015-05-06,187.49591064453125,201.21034240722656,204.98196411132812,199.32452392578125,203.43902587890625,22438208,RELIANCE_NS
2015-05-07,185.47238159179688,199.03880310058594,200.79888916015625,196.58152770996094,200.01028442382812,16735535,RELIANCE_NS
2015-05-08,191.89645385742188,203.37045288085938,204.2962188720703,196.83297729492188,199.095947265625,17104443,RELIANCE_NS
2015-05-11,193.24449157714844,204.79910278320312,205.59913635253906,201.9303741455078,204.09048461914062,14214007,RELIANCE_NS
2015-05-12,187.36700439453125,198.57020568847656,204.55908203125,197.7587432861328,204.55908203125,16650201,RELIANCE_NS
2015-05-13,190.90426635742188,202.3189697265625,203.1304473876953,195.94149780273438,199.63311767578125,16701434,RELIANCE_NS
2015-05-14,189.41603088378906,200.7417449951172,202.57041931152344,198.93594360351562,202.52468872070312,12329713,RELIANCE_NS
2015-05-15,188.49935913085938,199.770263671875,202.74185180664062,198.89022827148438,201.58750915527344,8331715,RELIANCE_NS
2015-05-18,192.2954559326172,203.7933349609375,204.35336303710938,199.37025451660156,199.9874267578125,9847540,RELIANCE_NS
2015-05-19,193.158203125,204.70767211914062,206.81063842773438,202.66184997558594,203.72476196289062,14513036,RELIANCE_NS
2015-05-20,196.02682495117188,207.74781799316406,208.23927307128906,205.19911193847656,205.81629943847656,8708891,RELIANCE_NS
2015-05-21,193.4170379638672,204.98196411132812,209.2450408935547,204.376220703125,208.29641723632812,10759523,RELIANCE_NS
2015-05-22,194.94837951660156,206.6049041748047,207.0049285888672,205.0391082763672,205.0391082763672,8349048,RELIANCE_NS
2015-05-25,192.93173217773438,204.4676513671875,207.55352783203125,203.9761962890625,205.724853515625,6617337,RELIANCE_NS
2015-05-26,190.7964324951172,202.20468139648438,204.81053161621094,201.77037048339844,204.58193969726562,9510249,RELIANCE_NS
2015-05-27,190.94741821289062,202.36468505859375,203.64476013183594,201.19891357421875,202.52468872070312,8078236,RELIANCE_NS
2015-05-28,188.8983917236328,200.19314575195312,204.41050720214844,199.32452392578125,202.4904022216797,26538868,RELIANCE_NS
2015-05-29,189.15721130371094,200.4674530029297,202.6275634765625,199.5759735107422,201.13034057617188,29277517,RELIANCE_NS
2015-06-01,194.603271484375,206.23916625976562,206.8449249267578,200.69602966308594,201.1531982421875,19594976,RELIANCE_NS
2015-06-02,193.82684326171875,205.41627502441406,210.022216796875,203.77047729492188,207.03921508789062,20178960,RELIANCE_NS
2015-06-03,193.33074951171875,204.89053344726562,208.11355590820312,203.09616088867188,205.49627685546875,15546279,RELIANCE_NS
2015-06-04,196.85723876953125,208.62786865234375,209.4279022216797,204.02191162109375,206.68490600585938,15931395,RELIANCE_NS
2015-06-05,195.78958129882812,207.4963836669922,209.59934997558594,206.74205017089844,207.9878387451172,13066337,RELIANCE_NS
2015-06-08,190.9797821044922,202.3989715576172,208.0106964111328,201.86180114746094,207.2792205810547,10846953,RELIANCE_NS
2015-06-09,190.60232543945312,201.99896240234375,203.5876007080078,200.54745483398438,201.96466064453125,9153355,RELIANCE_NS
2015-06-10,195.36898803710938,207.05064392089844,207.9878387451172,202.29611206054688,202.52468872070312,13509379,RELIANCE_NS
2015-06-11,189.18959045410156,200.50173950195312,207.8964080810547,199.70169067382812,207.0963592529297,14676438,RELIANCE_NS
2015-06-12,191.9287872314453,203.4047393798828,204.0561981201172,200.753173828125,200.92462158203125,21543824,RELIANCE_NS
2015-06-15,194.49546813964844,206.1248779296875,206.86778259277344,203.43902587890625,204.55908203125,12858570,RELIANCE_NS
2015-06-16,194.969970703125,206.6277618408203,206.86778259277344,204.17050170898438,205.49627685546875,13929305,RELIANCE_NS
2015-06-17,200.84744262695312,212.85665893554688,215.40536499023438,204.35336303710938,206.87921142578125,26232634,RELIANCE_NS
2015-06-18,211.14645385742188,223.77149963378906,224.4686737060547,213.15380859375,213.1652374267578,49366799,RELIANCE_NS
2015-06-19,214.96412658691406,227.8174285888672,230.04611206054688,224.58297729492188,224.58297729492188,45710935,RELIANCE_NS
2015-06-22,213.896484375,226.68594360351562,230.5718536376953,225.49729919433594,227.88600158691406,19394187,RELIANCE_NS
2015-06-23,214.60826110839844,227.4402618408203,229.20034790039062,226.5259246826172,226.90309143066406,16007498,RELIANCE_NS
2015-06-24,213.72390747070312,226.50306701660156,230.0575408935547,225.53158569335938,227.4402618408203,18603004,RELIANCE_NS
2015-06-25,216.6680450439453,229.62322998046875,230.6404266357422,225.15443420410156,225.61160278320312,27175118,RELIANCE_NS
2015-06-26,215.83767700195312,228.74319458007812,231.8061981201172,227.5316925048828,228.56031799316406,20966796,RELIANCE_NS
2015-06-29,213.71315002441406,226.49163818359375,227.17739868164062,222.18284606933594,225.81732177734375,20168946,RELIANCE_NS
2015-06-30,215.70826721191406,228.6060333251953,229.23463439941406,225.84017944335938,226.2744903564453,23184864,RELIANCE_NS
2015-07-01,216.9053192138672,229.8746795654297,230.9718780517578,228.811767578125,228.811767578125,14824266,RELIANCE_NS
2015-07-02,218.02688598632812,231.0633087158203,233.0977020263672,230.20611572265625,230.6404266357422,15931202,RELIANCE_NS
2015-07-03,217.2396240234375,230.22897338867188,231.7376251220703,229.2803497314453,230.81185913085938,13831096,RELIANCE_NS
2015-07-06,219.0406036376953,232.1376495361328,232.9033966064453,227.48597717285156,227.69171142578125,12237733,RELIANCE_NS
2015-07-07,216.3876495361328,229.32608032226562,232.37765502929688,228.5831756591797,231.09759521484375,11294999,RELIANCE_NS
2015-07-08,214.95330810546875,227.80599975585938,230.5718536376953,226.6745147705078,227.63455200195312,15190654,RELIANCE_NS
2015-07-09,212.9690399169922,225.70303344726562,228.811767578125,224.73155212402344,227.66883850097656,16245867,RELIANCE_NS
2015-07-10,216.07489013671875,228.99462890625,229.4975128173828,226.3544921875,226.5487823486328,16110573,RELIANCE_NS
2015-07-13,217.1964874267578,230.18325805664062,231.4404754638672,227.47454833984375,228.99462890625,9860248,RELIANCE_NS
2015-07-14,215.21217346191406,228.08029174804688,231.21188354492188,227.48597717285156,230.61756896972656,9942927,RELIANCE_NS
2015-07-15,218.09156799316406,231.1318817138672,231.87477111816406,228.48031616210938,228.52603149414062,13532911,RELIANCE_NS
2015-07-16,220.79844665527344,234.00059509277344,234.9377899169922,231.1318817138672,231.326171875,14854295,RELIANCE_NS
2015-07-17,220.3670654296875,233.54342651367188,235.7035369873047,232.6976776123047,234.3549041748047,10195142,RELIANCE_NS
2015-07-20,221.02493286132812,234.24061584472656,235.4292449951172,232.67481994628906,234.9377899169922,6348354,RELIANCE_NS
2015-07-21,217.3690185546875,230.36611938476562,235.08636474609375,229.21177673339844,234.98350524902344,7923338,RELIANCE_NS
2015-07-22,226.5572967529297,240.10377502441406,240.9152374267578,229.63465881347656,229.72608947753906,17309440,RELIANCE_NS
2015-07-23,225.45729064941406,238.93800354003906,244.09254455566406,238.0008087158203,240.8123779296875,18642915,RELIANCE_NS
2015-07-24,221.0896453857422,234.30918884277344,239.9323272705078,233.40628051757812,239.55517578125,13099664,RELIANCE_NS
2015-07-27,216.84059143066406,229.80609130859375,235.41781616210938,228.9832000732422,234.27490234375,20118553,RELIANCE_NS
2015-07-28,217.8974609375,230.92616271972656,232.4005126953125,228.6060333251953,230.4804229736328,13382878,RELIANCE_NS
2015-07-29,214.82391357421875,227.66883850097656,231.48619079589844,226.77737426757812,230.7547149658203,14790821,RELIANCE_NS
2015-07-30,215.7190399169922,228.61746215820312,230.41184997558594,226.82308959960938,228.6060333251953,11701228,RELIANCE_NS
2015-07-31,216.085693359375,229.0060577392578,230.3889923095703,226.29734802246094,228.5831756591797,16634259,RELIANCE_NS
2015-08-03,216.21510314941406,229.14320373535156,231.74905395507812,228.44602966308594,228.811767578125,9887787,RELIANCE_NS
2015-08-04,213.0984344482422,225.84017944335938,229.8746795654297,224.0115203857422,229.36036682128906,12006872,RELIANCE_NS
2015-08-05,213.04452514648438,225.7830352783203,228.76605224609375,224.94869995117188,225.89732360839844,14345010,RELIANCE_NS
2015-08-06,211.14645385742188,223.77149963378906,226.7545166015625,223.4400634765625,226.5259246826172,8708037,RELIANCE_NS
2015-08-07,212.31117248535156,225.005859375,227.21168518066406,223.36004638671875,223.78292846679688,8608888,RELIANCE_NS
2015-08-10,208.97882080078125,221.4742431640625,226.02304077148438,220.46847534179688,225.04014587402344,9288894,RELIANCE_NS
2015-08-11,208.35333251953125,220.8113555908203,222.5600128173828,218.98268127441406,221.9542694091797,8762464,RELIANCE_NS
2015-08-12,203.37098693847656,215.5310821533203,220.8113555908203,214.99391174316406,220.26275634765625,9650325,RELIANCE_NS
2015-08-13,201.31114196777344,213.34811401367188,218.0569305419922,212.44520568847656,216.46827697753906,9340350,RELIANCE_NS
2015-08-14,208.55821228027344,221.02850341796875,222.18284606933594,213.5652618408203,214.9253387451172,12739366,RELIANCE_NS
2015-08-17,205.05331420898438,217.31402587890625,220.8113555908203,216.25111389160156,220.8113555908203,10857430,RELIANCE_NS
2015-08-18,203.62977600097656,215.8053741455078,218.5255126953125,215.37107849121094,218.5255126953125,6630334,RELIANCE_NS
2015-08-19,205.89451599121094,218.20550537109375,219.66842651367188,214.74246215820312,215.7825164794922,8877298,RELIANCE_NS
2015-08-20,197.63369750976562,209.4507598876953,219.4284210205078,208.8678741455078,219.4284210205078,19008087,RELIANCE_NS
2015-08-21,195.8327178955078,207.54209899902344,208.44500732421875,205.0391082763672,208.0106964111328,20050521,RELIANCE_NS
2015-08-24,178.92286682128906,189.6211700439453,201.1531982421875,186.9810333251953,201.1531982421875,35635706,RELIANCE_NS
2015-08-25,182.93466186523438,193.87281799316406,196.73011779785156,188.169677734375,192.20416259765625,49504268,RELIANCE_NS
2015-08-26,184.0670166015625,195.07289123535156,199.96456909179688,192.00987243652344,193.79281616210938,18955515,RELIANCE_NS
2015-08-27,187.4640655517578,198.67306518554688,201.4389190673828,195.90721130371094,198.13589477539062,26997546,RELIANCE_NS
2015-08-28,188.16505432128906,199.4159698486328,201.8389434814453,197.97589111328125,200.01028442382812,10770215,RELIANCE_NS
2015-08-31,184.60626220703125,195.64434814453125,199.51882934570312,195.16432189941406,199.51882934570312,20708942,RELIANCE_NS
2015-09-01,181.14443969726562,191.9755859375,195.1871795654297,190.8898162841797,195.1871795654297,21645696,RELIANCE_NS
2015-09-02,183.23663330078125,194.19284057617188,195.91864013671875,192.60418701171875,194.2957000732422,19652369,RELIANCE_NS
2015-09-03,184.16409301757812,195.17575073242188,196.7529754638672,193.01564025878906,195.22146606445312,11659978,RELIANCE_NS
2015-09-04,180.29249572753906,191.0726776123047,194.2271270751953,188.60397338867188,194.2271270751953,16199949,RELIANCE_NS
2015-09-07,179.7101593017578,190.45550537109375,192.92420959472656,189.19830322265625,191.60984802246094,10234633,RELIANCE_NS
2015-09-08,183.03170776367188,193.97567749023438,194.9700164794922,188.60397338867188,191.0955352783203,12900468,RELIANCE_NS
2015-09-09,188.52090454101562,199.79312133789062,200.8560333251953,194.4099884033203,196.81011962890625,17340694,RELIANCE_NS
2015-09-10,187.00035095214844,198.18161010742188,198.98165893554688,195.5529022216797,196.81011962890625,11074406,RELIANCE_NS
2015-09-11,185.69541931152344,196.79869079589844,200.26171875,195.71292114257812,199.32452392578125,10634833,RELIANCE_NS
2015-09-14,186.32093811035156,197.46157836914062,197.88446044921875,194.73001098632812,196.98155212402344,7964072,RELIANCE_NS
2015-09-15,187.00035095214844,198.18161010742188,198.86737060546875,195.5757598876953,197.0386962890625,11509788,RELIANCE_NS
2015-09-16,188.19744873046875,199.45025634765625,200.54745483398438,197.77017211914062,199.34739685058594,13424811,RELIANCE_NS
2015-09-18,193.12588500976562,204.6733856201172,205.61056518554688,200.50173950195312,200.79888916015625,34261453,RELIANCE_NS
2015-09-21,189.3944549560547,200.71888732910156,203.02757263183594,200.2502899169922,201.1531982421875,12732187,RELIANCE_NS
2015-09-22,182.88076782226562,193.815673828125,202.27325439453125,193.0384979248047,201.1531982421875,15745524,RELIANCE_NS
2015-09-23,183.40916442871094,194.37570190429688,195.85006713867188,192.00987243652344,192.69561767578125,15221260,RELIANCE_NS
2015-09-24,180.60523986816406,191.4041290283203,193.83853149414062,190.809814453125,193.83853149414062,29076982,RELIANCE_NS
2015-09-28,179.9365997314453,190.6955108642578,192.21559143066406,189.4268798828125,191.9641571044922,11624639,RELIANCE_NS
2015-09-29,181.33859252929688,192.18130493164062,194.35284423828125,188.8325653076172,189.7240447998047,15853471,RELIANCE_NS
2015-09-30,185.9866180419922,197.10726928710938,197.67872619628906,191.6669921875,194.5242919921875,17292020,RELIANCE_NS
2015-10-01,186.50424194335938,197.65586853027344,199.770263671875,196.2615203857422,199.770263671875,8663393,RELIANCE_NS
2015-10-05,191.52976989746094,202.9818572998047,203.43902587890625,197.00440979003906,197.22157287597656,16015412,RELIANCE_NS
2015-10-06,193.69741821289062,205.2791290283203,205.8391571044922,202.46754455566406,204.73052978515625,12330294,RELIANCE_NS
2015-10-07,197.094482421875,208.87930297851562,209.8507843017578,203.66761779785156,204.51336669921875,11515191,RELIANCE_NS
2015-10-08,191.7670135498047,203.23330688476562,209.13075256347656,202.58184814453125,209.13075256347656,10753149,RELIANCE_NS
2015-10-09,191.38955688476562,202.83328247070312,206.97064208984375,201.49607849121094,204.3647918701172,9327873,RELIANCE_NS
2015-10-12,192.338623046875,203.83905029296875,206.09059143066406,202.9818572998047,202.9818572998047,6212395,RELIANCE_NS
2015-10-13,192.73760986328125,204.26193237304688,204.8791046142578,201.8160858154297,202.3075408935547,6162561,RELIANCE_NS
2015-10-14,194.75428771972656,206.39918518066406,206.86778259277344,204.34193420410156,204.7648162841797,8002587,RELIANCE_NS
2015-10-15,194.91603088378906,206.57061767578125,208.23927307128906,205.7477264404297,207.48495483398438,9048478,RELIANCE_NS
2015-10-16,197.3101806640625,209.10789489746094,209.10789489746094,206.57061767578125,206.75347900390625,15246935,RELIANCE_NS
2015-10-19,207.8141326904297,220.23989868164062,220.69705200195312,215.09677124023438,215.09677124023438,33505855,RELIANCE_NS
2015-10-20,206.34744262695312,218.68553161621094,220.9713592529297,217.8397674560547,220.582763671875,18091895,RELIANCE_NS
2015-10-21,205.98077392578125,218.29693603515625,222.8228759765625,217.8397674560547,218.41122436523438,14404450,RELIANCE_NS
2015-10-23,206.12098693847656,218.4455108642578,222.42286682128906,215.1310577392578,220.34275817871094,12153422,RELIANCE_NS
2015-10-26,203.3601837158203,215.5196533203125,220.12559509277344,215.16534423828125,219.87416076660156,10938775,RELIANCE_NS
2015-10-27,202.6483917236328,214.76531982421875,216.75399780273438,214.27386474609375,214.59388732910156,11601798,RELIANCE_NS
2015-10-28,202.08761596679688,214.17100524902344,215.98825073242188,212.5594940185547,214.15957641601562,11958727,RELIANCE_NS
2015-10-29,202.961181640625,215.09677124023438,216.0111083984375,213.71383666992188,213.953857421875,13280382,RELIANCE_NS
2015-10-30,204.40625,216.62828063964844,218.50265502929688,214.89105224609375,215.34820556640625,13366359,RELIANCE_NS
2015-11-02,207.01609802246094,219.39413452148438,219.78273010253906,216.05682373046875,216.92543029785156,7222044,RELIANCE_NS
2015-11-03,208.61215209960938,221.0856475830078,221.82855224609375,219.7255859375,220.18275451660156,11373522,RELIANCE_NS
2015-11-04,205.1827392578125,217.451171875,222.8686065673828,216.285400390625,221.26852416992188,10033187,RELIANCE_NS
2015-11-05,202.01214599609375,214.09100341796875,217.38259887695312,213.2681121826172,216.92543029785156,10767454,RELIANCE_NS
2015-11-06,205.41998291015625,217.70262145996094,218.2397918701172,214.38816833496094,214.74246215820312,8367190,RELIANCE_NS
2015-11-09,207.32882690429688,219.7255859375,220.582763671875,211.0851287841797,213.3824005126953,17031699,RELIANCE_NS
2015-11-10,199.02487182617188,210.9251251220703,219.3255615234375,209.4507598876953,218.7541046142578,11486238,RELIANCE_NS
2015-11-13,201.24642944335938,213.279541015625,214.5367431640625,209.03932189941406,209.1650390625,13682323,RELIANCE_NS
2015-11-16,201.5160675048828,213.5652618408203,215.32534790039062,211.38229370117188,211.66802978515625,15346549,RELIANCE_NS
2015-11-17,200.10330200195312,212.0680389404297,214.6167449951172,211.7137451171875,214.42245483398438,8588142,RELIANCE_NS
2015-11-18,196.70623779296875,208.46786499023438,212.8795166015625,207.999267578125,212.03375244140625,11249222,RELIANCE_NS
2015-11-19,201.61312866210938,213.66812133789062,214.57102966308594,209.6679229736328,210.0450897216797,12183206,RELIANCE_NS
2015-11-20,204.22291564941406,216.43397521972656,217.79405212402344,211.56515502929688,213.49668884277344,11304265,RELIANCE_NS
2015-11-23,205.71115112304688,218.01119995117188,218.95982360839844,216.285400390625,217.15402221679688,10499517,RELIANCE_NS
2015-11-24,208.719970703125,221.19993591308594,222.09141540527344,217.39402770996094,217.8397674560547,14806176,RELIANCE_NS
2015-11-26,213.23863220214844,225.98875427246094,226.7430877685547,221.32566833496094,221.9542694091797,23805828,RELIANCE_NS
2015-11-27,211.1680450439453,223.7943572998047,226.86880493164062,222.66287231445312,226.06875610351562,10891864,RELIANCE_NS
2015-11-30,208.590576171875,221.0627899169922,225.0172882080078,219.96559143066406,223.66864013671875,29919205,RELIANCE_NS
2015-12-01,208.331787109375,220.7884979248047,223.73721313476562,219.7255859375,220.35418701171875,12981379,RELIANCE_NS
2015-12-02,210.93080139160156,223.5429229736328,223.9429473876953,220.46847534179688,220.86849975585938,7573628,RELIANCE_NS
2015-12-03,210.76901245117188,223.37147521972656,226.0573272705078,222.66287231445312,222.84573364257812,11361395,RELIANCE_NS
2015-12-04,208.2346954345703,220.6856231689453,223.1428985595703,219.75987243652344,222.2514190673828,13443688,RELIANCE_NS
2015-12-07,205.34449768066406,217.62261962890625,222.41143798828125,217.0968780517578,220.6856231689453,14483909,RELIANCE_NS
2015-12-08,202.9396209716797,215.07391357421875,217.97691345214844,213.97671508789062,216.90257263183594,7532164,RELIANCE_NS
2015-12-09,197.5474090576172,209.3593292236328,215.65679931640625,208.6621551513672,213.99957275390625,9174419,RELIANCE_NS
2015-12-10,204.97781372070312,217.23402404785156,218.0226287841797,210.29652404785156,210.86798095703125,18592203,RELIANCE_NS
2015-12-11,205.53860473632812,217.82833862304688,219.21127319335938,215.5310821533203,217.55404663085938,18155513,RELIANCE_NS
2015-12-14,206.00234985351562,218.31979370117188,220.23989868164062,216.23968505859375,216.6054229736328,10563900,RELIANCE_NS
2015-12-15,210.4886474609375,223.07432556152344,223.5429229736328,217.98834228515625,218.7541046142578,15718833,RELIANCE_NS
2015-12-16,211.08177185058594,223.7029266357422,225.73731994628906,222.52572631835938,223.07432556152344,12097338,RELIANCE_NS
2015-12-17,217.77883911132812,230.80043029785156,232.01193237304688,223.55435180664062,224.02294921875,19369032,RELIANCE_NS
2015-12-18,213.93960571289062,226.73165893554688,230.6404266357422,226.29734802246094,229.45179748535156,16016139,RELIANCE_NS
2015-12-21,213.98272705078125,226.77737426757812,228.35459899902344,225.005859375,225.81732177734375,12331769,RELIANCE_NS
2015-12-22,212.94744873046875,225.68017578125,229.177490234375,224.92584228515625,226.9373779296875,11579277,RELIANCE_NS
2015-12-23,216.50628662109375,229.45179748535156,230.160400390625,226.29734802246094,226.70880126953125,12919467,RELIANCE_NS
2015-12-24,215.80528259277344,228.70889282226562,230.22897338867188,227.7374267578125,229.4746551513672,11901877,RELIANCE_NS
2015-12-28,217.9298095703125,230.96044921875,231.7261962890625,228.5831756591797,228.72032165527344,12885935,RELIANCE_NS
2015-12-29,219.00823974609375,232.10336303710938,232.85768127441406,230.21754455566406,230.96044921875,14913870,RELIANCE_NS
2015-12-30,216.65725708007812,229.61180114746094,232.24050903320312,229.04034423828125,232.01193237304688,8151610,RELIANCE_NS
2015-12-31,218.83570861816406,231.9204864501953,233.08627319335938,228.37745666503906,229.36036682128906,18483713,RELIANCE_NS
2016-01-01,218.99746704101562,232.09193420410156,232.9033966064453,230.4575653076172,230.8232879638672,5416562,RELIANCE_NS
2016-01-04,214.67294311523438,227.5088348388672,231.7376251220703,225.5430145263672,229.72608947753906,30170947,RELIANCE_NS
2016-01-05,216.79745483398438,229.7603759765625,230.86900329589844,227.89743041992188,228.65174865722656,14946239,RELIANCE_NS
2016-01-06,222.63180541992188,235.9435577392578,237.36077880859375,228.6746063232422,230.32040405273438,26759864,RELIANCE_NS
2016-01-07,218.54449462890625,231.61190795898438,234.98350524902344,230.42327880859375,233.3948516845703,19739943,RELIANCE_NS
2016-01-08,221.24061584472656,234.4691925048828,236.1035614013672,232.4005126953125,233.15484619140625,21313199,RELIANCE_NS
2016-01-11,226.81607055664062,240.37806701660156,242.4810333251953,231.09759521484375,232.2290802001953,29016443,RELIANCE_NS
2016-01-12,225.48963928222656,238.9722900390625,243.5325164794922,237.9779510498047,241.15525817871094,23373377,RELIANCE_NS
2016-01-13,232.26219177246094,246.14979553222656,249.09852600097656,239.37229919433594,240.720947265625,71802356,RELIANCE_NS
2016-01-14,228.98377990722656,242.67532348632812,247.09841918945312,240.7095184326172,243.17820739746094,27823189,RELIANCE_NS
2016-01-15,231.4965057373047,245.33831787109375,249.04136657714844,243.57823181152344,244.52685546875,28767318,RELIANCE_NS
2016-01-18,219.3209991455078,232.43479919433594,247.77273559570312,230.43470764160156,245.72691345214844,27254669,RELIANCE_NS
2016-01-19,225.09059143066406,238.54940795898438,239.96661376953125,231.8061981201172,235.21209716796875,21489315,RELIANCE_NS
2016-01-20,216.6680450439453,229.62322998046875,236.56072998046875,226.29734802246094,236.56072998046875,45114225,RELIANCE_NS
2016-01-21,212.27882385253906,224.9715576171875,234.4691925048828,223.25718688964844,232.59481811523438,31768619,RELIANCE_NS
2016-01-22,216.58177185058594,229.53179931640625,231.09759521484375,227.22311401367188,227.22311401367188,23682648,RELIANCE_NS
2016-01-25,216.53863525390625,229.486083984375,232.86911010742188,228.5831756591797,230.86900329589844,13099564,RELIANCE_NS
2016-01-27,215.54647827148438,228.43460083007812,230.86900329589844,227.88600158691406,230.43470764160156,17251028,RELIANCE_NS
2016-01-28,219.33177185058594,232.44622802734375,233.56629943847656,227.9202880859375,228.811767578125,23074633,RELIANCE_NS
2016-01-29,223.32199096679688,236.67501831054688,237.72650146484375,232.6976776123047,232.91482543945312,19177163,RELIANCE_NS
2016-02-01,222.2219696044922,235.50924682617188,238.13795471191406,234.42347717285156,237.71507263183594,9918809,RELIANCE_NS
2016-02-02,215.9346923828125,228.84605407714844,236.08070373535156,226.41163635253906,235.50924682617188,14771279,RELIANCE_NS
2016-02-03,211.67489624023438,224.33152770996094,227.21168518066406,222.8686065673828,225.84017944335938,15691478,RELIANCE_NS
2016-02-04,209.87393188476562,222.42286682128906,228.811767578125,220.74278259277344,225.84017944335938,18203784,RELIANCE_NS
2016-02-05,209.4102020263672,221.93141174316406,224.4686737060547,219.75987243652344,223.8057861328125,20998404,RELIANCE_NS
2016-02-08,207.28567504882812,219.67987060546875,225.1087188720703,218.97125244140625,221.9771270751953,12078110,RELIANCE_NS
2016-02-09,206.52000427246094,218.86839294433594,221.45138549804688,217.15402221679688,217.81690979003906,19603494,RELIANCE_NS
2016-02-10,207.63076782226562,220.04559326171875,222.41143798828125,216.84542846679688,217.54261779785156,16883350,RELIANCE_NS
2016-02-11,199.41310119628906,211.33657836914062,220.7999267578125,209.2678985595703,220.09130859375,17114833,RELIANCE_NS
2016-02-12,195.53074645996094,207.22207641601562,213.4738311767578,203.0047149658203,213.4738311767578,29319458,RELIANCE_NS
2016-02-15,204.20135498046875,216.41111755371094,217.4626007080078,209.83935546875,209.83935546875,19283523,RELIANCE_NS
2016-02-16,200.7072296142578,212.7080841064453,218.98268127441406,211.8966064453125,217.40545654296875,13024856,RELIANCE_NS
2016-02-17,205.46311950683594,217.7483367919922,218.85696411132812,209.47361755371094,213.7481231689453,15442221,RELIANCE_NS
2016-02-18,202.7670440673828,214.89105224609375,221.42852783203125,213.953857421875,220.11416625976562,14433087,RELIANCE_NS
2016-02-19,203.68368530273438,215.86251831054688,217.78262329101562,214.26243591308594,214.86819458007812,10235503,RELIANCE_NS
2016-02-22,207.55526733398438,219.96559143066406,221.33709716796875,215.8053741455078,215.8053741455078,12770834,RELIANCE_NS
2016-02-23,204.82687377929688,217.0740203857422,221.0856475830078,215.49679565429688,220.14845275878906,18989787,RELIANCE_NS
2016-02-24,205.47390747070312,217.759765625,219.1083984375,215.32534790039062,215.98825073242188,15186204,RELIANCE_NS
2016-02-25,203.62977600097656,215.8053741455078,218.6512451171875,215.06248474121094,218.11407470703125,24826958,RELIANCE_NS
2016-02-26,204.97781372070312,217.23402404785156,219.1541290283203,215.85108947753906,217.8397674560547,8349402,RELIANCE_NS
2016-02-29,208.49351501464844,220.95993041992188,227.3488311767578,213.7252655029297,217.451171875,31032353,RELIANCE_NS
2016-03-01,211.65333557128906,224.3086700439453,225.16586303710938,220.5027618408203,220.51419067382812,16453192,RELIANCE_NS
2016-03-02,216.0102081298828,228.92605590820312,229.8975372314453,225.6687469482422,226.96023559570312,20105967,RELIANCE_NS
2016-03-03,218.458251953125,231.52047729492188,232.6976776123047,228.01171875,230.86900329589844,15880459,RELIANCE_NS
2016-03-04,217.0670623779297,230.04611206054688,232.01193237304688,229.3832244873047,231.78334045410156,8987660,RELIANCE_NS
2016-03-08,221.51023864746094,234.7549285888672,235.64639282226562,230.29754638671875,230.29754638671875,13222993,RELIANCE_NS
2016-03-09,224.6808319091797,238.11509704589844,238.61798095703125,232.83482360839844,233.15484619140625,11854901,RELIANCE_NS
2016-03-10,218.2209930419922,231.26902770996094,239.0751495361328,230.6404266357422,238.19509887695312,20706353,RELIANCE_NS
2016-03-11,218.81411743164062,231.8976287841797,235.3378143310547,231.00616455078125,231.98907470703125,15319044,RELIANCE_NS
2016-03-14,219.94650268554688,233.0977020263672,234.61776733398438,231.5433349609375,232.94911193847656,11880095,RELIANCE_NS
2016-03-15,220.1082305908203,233.26913452148438,234.94921875,232.0347900390625,234.0691680908203,10487788,RELIANCE_NS
2016-03-16,220.3778533935547,233.5548553466797,234.48062133789062,229.82896423339844,233.3834228515625,11064129,RELIANCE_NS
2016-03-17,221.60494995117188,232.24050903320312,237.0178985595703,231.326171875,234.7549285888672,16832997,RELIANCE_NS
2016-03-18,224.0478515625,234.80064392089844,235.47496032714844,232.17193603515625,232.75482177734375,14030979,RELIANCE_NS
2016-03-21,226.25082397460938,237.1093292236328,238.0693817138672,233.783447265625,234.97207641601562,12708074,RELIANCE_NS
2016-03-22,228.5519256591797,239.52088928222656,240.52664184570312,236.73216247558594,237.04075622558594,15333442,RELIANCE_NS
2016-03-23,224.48411560058594,235.2578125,239.30372619628906,233.7034454345703,239.30372619628906,16806372,RELIANCE_NS
2016-03-28,222.56466674804688,233.24627685546875,235.8292694091797,232.16050720214844,235.440673828125,18070240,RELIANCE_NS
2016-03-29,226.02178955078125,236.86932373046875,238.1836700439453,233.2005615234375,234.02345275878906,15871250,RELIANCE_NS
2016-03-30,228.37742614746094,239.3380126953125,240.412353515625,238.3436737060547,238.3436737060547,14453294,RELIANCE_NS
2016-03-31,227.9739227294922,238.91513061523438,241.3838348388672,236.05784606933594,237.95509338378906,30833349,RELIANCE_NS
2016-04-01,225.62918090820312,236.45787048339844,239.1665802001953,234.29776000976562,237.52078247070312,12381116,RELIANCE_NS
2016-04-04,225.76004028320312,236.5950164794922,238.22938537597656,234.3663330078125,237.72650146484375,8632568,RELIANCE_NS
2016-04-05,223.9933319091797,234.74349975585938,238.2751007080078,233.65773010253906,235.749267578125,10259495,RELIANCE_NS
2016-04-06,225.47653198242188,236.29786682128906,236.97218322753906,233.74916076660156,235.9207000732422,6990781,RELIANCE_NS
2016-04-07,226.23989868164062,237.097900390625,239.55517578125,233.63487243652344,236.56072998046875,8789163,RELIANCE_NS
2016-04-08,226.0436248779297,236.89218139648438,241.02952575683594,235.71498107910156,236.789306640625,13411752,RELIANCE_NS
2016-04-11,226.90513610839844,237.79507446289062,238.9837188720703,236.1264190673828,237.04075622558594,10308361,RELIANCE_NS
2016-04-12,228.4537811279297,239.4180145263672,241.7152862548828,237.28076171875,237.79507446289062,11164859,RELIANCE_NS
2016-04-13,232.52162170410156,243.68109130859375,244.56114196777344,240.59523010253906,240.59523010253906,16038542,RELIANCE_NS
2016-04-18,232.2380828857422,243.38394165039062,243.8525390625,241.24668884277344,243.6239471435547,19065716,RELIANCE_NS
2016-04-20,226.25082397460938,237.1093292236328,244.40113830566406,236.76644897460938,244.40113830566406,21687934,RELIANCE_NS
2016-04-21,227.09054565429688,237.9893798828125,240.46949768066406,236.58358764648438,238.04652404785156,11380697,RELIANCE_NS
2016-04-22,226.6107177734375,237.4864959716797,239.4408721923828,235.28067016601562,237.4979248046875,11705087,RELIANCE_NS
2016-04-25,221.80125427246094,232.44622802734375,238.7436981201172,231.39474487304688,238.7436981201172,61157544,RELIANCE_NS
2016-04-26,221.81219482421875,232.45765686035156,234.0463104248047,230.29754638671875,232.10336303710938,26429236,RELIANCE_NS
2016-04-27,222.34654235839844,233.01768493652344,234.51490783691406,232.24050903320312,232.67481994628906,14502641,RELIANCE_NS
2016-04-28,217.39535522460938,227.828857421875,232.9719696044922,226.51449584960938,231.78334045410156,61949033,RELIANCE_NS
2016-04-29,214.3417510986328,224.62869262695312,228.25173950195312,223.74864196777344,227.08595275878906,23479680,RELIANCE_NS
2016-05-02,215.2687225341797,225.6001739501953,226.845947265625,223.55435180664062,223.78292846679688,10620873,RELIANCE_NS
2016-05-03,212.83676147460938,223.0514678955078,227.4288330078125,222.3542938232422,225.84017944335938,17571826,RELIANCE_NS
2016-05-04,213.33840942382812,223.57720947265625,224.85726928710938,222.41143798828125,222.6514434814453,13546285,RELIANCE_NS
2016-05-05,212.71678161621094,222.92575073242188,224.8001251220703,221.93141174316406,224.0115203857422,21665684,RELIANCE_NS
2016-05-06,211.34263610839844,221.4856719970703,223.28004455566406,221.03993225097656,222.41143798828125,14748329,RELIANCE_NS
2016-05-09,214.42898559570312,224.72012329101562,225.3830108642578,222.36572265625,222.8686065673828,15347096,RELIANCE_NS
2016-05-10,214.3090362548828,224.5944061279297,225.0858612060547,223.55435180664062,224.72012329101562,7248302,RELIANCE_NS
2016-05-11,212.74949645996094,222.9600372314453,224.18295288085938,221.72567749023438,222.1371307373047,12339923,RELIANCE_NS
2016-05-12,216.54470825195312,226.9373779296875,227.2574005126953,222.88003540039062,223.09718322753906,12786216,RELIANCE_NS
2016-05-13,213.3492889404297,223.58863830566406,226.42306518554688,222.8686065673828,226.0573272705078,14648291,RELIANCE_NS
2016-05-16,212.86944580078125,223.08575439453125,224.58297729492188,221.9771270751953,223.3257598876953,9327335,RELIANCE_NS
2016-05-17,211.38626098632812,221.53138732910156,224.72012329101562,220.891357421875,224.06866455078125,12157600,RELIANCE_NS
2016-05-18,211.691650390625,221.85140991210938,222.29713439941406,220.37704467773438,220.7884979248047,8228838,RELIANCE_NS
2016-05-19,207.4711151123047,217.42831420898438,222.1599884033203,216.14825439453125,222.11427307128906,9134784,RELIANCE_NS
2016-05-20,203.76315307617188,213.5424041748047,218.18264770507812,212.8909454345703,217.61119079589844,18544619,RELIANCE_NS
2016-05-23,202.84707641601562,212.5823516845703,215.0281982421875,211.5880126953125,214.26243591308594,18365734,RELIANCE_NS
2016-05-24,205.12635803222656,214.97105407714844,215.7825164794922,212.13661193847656,212.13661193847656,12283217,RELIANCE_NS
2016-05-25,207.4711151123047,217.42831420898438,217.79405212402344,215.1310577392578,217.11973571777344,9240115,RELIANCE_NS
2016-05-26,206.5222930908203,216.43397521972656,217.70262145996094,215.8053741455078,217.15402221679688,14190024,RELIANCE_NS
2016-05-27,212.59681701660156,222.80001831054688,223.3029022216797,216.8682861328125,216.93685913085938,13401594,RELIANCE_NS
2016-05-30,211.28810119628906,221.42852783203125,224.35438537597656,220.582763671875,223.18861389160156,9633652,RELIANCE_NS
2016-05-31,208.92156982421875,218.94839477539062,222.41143798828125,218.6398162841797,221.49710083007812,23332727,RELIANCE_NS
2016-06-01,207.99459838867188,217.97691345214844,220.83421325683594,217.5654754638672,218.97125244140625,9042808,RELIANCE_NS
2016-06-02,208.57260131835938,218.58265686035156,218.78839111328125,216.03396606445312,218.18264770507812,10253825,RELIANCE_NS
2016-06-03,209.31417846679688,219.35984802246094,220.1027374267578,218.49122619628906,219.43984985351562,8643295,RELIANCE_NS
2016-06-06,208.2563018798828,218.251220703125,220.12559509277344,217.73690795898438,219.66842651367188,8672842,RELIANCE_NS
2016-06-07,208.31082153320312,218.30836486816406,219.65699768066406,217.51974487304688,218.81124877929688,18954268,RELIANCE_NS
2016-06-08,208.10362243652344,218.09121704101562,218.98268127441406,216.959716796875,218.98268127441406,12135516,RELIANCE_NS
2016-06-09,211.822509765625,221.98855590820312,223.20004272460938,218.57122802734375,219.43984985351562,15643495,RELIANCE_NS
2016-06-10,213.0330352783203,223.25718688964844,225.0172882080078,221.33709716796875,222.6400146484375,16316760,RELIANCE_NS
2016-06-13,213.99273681640625,224.26295471191406,224.8001251220703,220.13702392578125,221.70281982421875,10214469,RELIANCE_NS
2016-06-14,212.9348907470703,223.15432739257812,225.24586486816406,221.565673828125,224.22866821289062,10923848,RELIANCE_NS
2016-06-15,214.7561492919922,225.06300354003906,225.49729919433594,222.58287048339844,224.0115203857422,11129082,RELIANCE_NS
2016-06-16,212.94580078125,223.16575622558594,224.84584045410156,221.05136108398438,224.24009704589844,9372207,RELIANCE_NS
2016-06-17,212.6404266357422,222.84573364257812,223.7029266357422,221.74853515625,223.3257598876953,10534878,RELIANCE_NS
2016-06-20,215.97760009765625,226.3430633544922,226.89166259765625,221.26852416992188,222.21713256835938,10758608,RELIANCE_NS
2016-06-21,215.30145263671875,225.63446044921875,227.2459716796875,223.9429473876953,227.2345428466797,13933068,RELIANCE_NS
2016-06-22,213.8618927001953,224.1258087158203,225.3601531982422,223.34861755371094,225.15443420410156,12788710,RELIANCE_NS
2016-06-23,213.85098266601562,224.1143798828125,224.4686737060547,221.72567749023438,224.00009155273438,9837526,RELIANCE_NS
2016-06-24,207.52561950683594,217.48545837402344,220.55990600585938,213.3595428466797,220.55990600585938,24985097,RELIANCE_NS
2016-06-27,208.44174194335938,218.4455108642578,219.07411193847656,214.98248291015625,214.98248291015625,9163399,RELIANCE_NS
2016-06-28,208.91067504882812,218.9369659423828,219.79415893554688,218.29693603515625,218.61695861816406,7604977,RELIANCE_NS
2016-06-29,210.89549255371094,221.01707458496094,221.4856719970703,219.43984985351562,219.8970184326172,7523987,RELIANCE_NS
2016-06-30,211.38626098632812,221.53138732910156,223.4400634765625,221.05136108398438,222.18284606933594,12758283,RELIANCE_NS
2016-07-01,212.32415771484375,222.51429748535156,223.28004455566406,221.72567749023438,222.3542938232422,6610193,RELIANCE_NS
2016-07-04,215.21420288085938,225.5430145263672,227.1202392578125,222.98289489746094,222.98289489746094,7803505,RELIANCE_NS
2016-07-05,216.61013793945312,227.00595092773438,229.24606323242188,224.08009338378906,225.40586853027344,11359882,RELIANCE_NS
2016-07-07,215.4759063720703,225.81732177734375,228.6974639892578,225.41729736328125,226.86880493164062,12029091,RELIANCE_NS
2016-07-08,213.40386962890625,223.64578247070312,226.06875610351562,223.17718505859375,225.61160278320312,7140617,RELIANCE_NS
2016-07-11,216.47926330566406,226.86880493164062,227.4288330078125,225.2687225341797,226.5259246826172,8266601,RELIANCE_NS
2016-07-12,218.85671997070312,229.36036682128906,229.72608947753906,226.5259246826172,227.49740600585938,9767494,RELIANCE_NS
2016-07-13,220.0236358642578,230.58328247070312,232.4005126953125,229.53179931640625,229.7718048095703,14915296,RELIANCE_NS
2016-07-14,219.1838836669922,229.70323181152344,231.8061981201172,228.1831512451172,230.43470764160156,10758372,RELIANCE_NS
2016-07-15,220.776123046875,231.37188720703125,233.3834228515625,229.3832244873047,230.6404266357422,13992989,RELIANCE_NS
2016-07-18,219.47833251953125,230.01182556152344,237.44078063964844,228.9832000732422,234.98350524902344,32106850,RELIANCE_NS
2016-07-19,221.99755859375,232.65196228027344,233.82916259765625,227.5088348388672,229.95468139648438,16649300,RELIANCE_NS
2016-07-20,223.1317596435547,233.84059143066406,235.0520782470703,232.36622619628906,233.14341735839844,12265316,RELIANCE_NS
2016-07-21,219.50015258789062,230.03468322753906,234.29776000976562,229.72608947753906,234.0691680908203,6711097,RELIANCE_NS
2016-07-22,221.35415649414062,231.97764587402344,232.65196228027344,229.7489471435547,229.95468139648438,6899519,RELIANCE_NS
2016-07-25,223.07723999023438,233.783447265625,234.01202392578125,230.2632598876953,231.78334045410156,8241568,RELIANCE_NS
2016-07-26,223.36074829101562,234.08059692382812,236.53787231445312,232.05764770507812,233.84059143066406,10516399,RELIANCE_NS
2016-07-27,220.972412109375,231.57762145996094,234.52633666992188,230.62899780273438,233.85202026367188,11030767,RELIANCE_NS
2016-07-28,223.86245727539062,234.60633850097656,235.55496215820312,231.56619262695312,232.00050354003906,15610838,RELIANCE_NS
2016-07-29,221.3650360107422,231.98907470703125,234.27490234375,231.326171875,234.0691680908203,9629597,RELIANCE_NS
2016-08-01,220.1872100830078,230.7547149658203,233.22341918945312,229.73751831054688,232.6976776123047,7978251,RELIANCE_NS
2016-08-02,220.90701293945312,231.50904846191406,233.15484619140625,230.02325439453125,230.41184997558594,7710138,RELIANCE_NS
2016-08-03,216.7955322265625,227.20025634765625,231.87477111816406,226.64022827148438,231.87477111816406,11872282,RELIANCE_NS
2016-08-04,216.58831787109375,226.98309326171875,228.5831756591797,224.7886962890625,228.35459899902344,10187608,RELIANCE_NS
2016-08-05,221.65945434570312,232.2976531982422,232.92625427246094,227.9088592529297,228.12600708007812,12109001,RELIANCE_NS
2016-08-08,224.49497985839844,235.2692413330078,236.35501098632812,232.84625244140625,233.13198852539062,13556347,RELIANCE_NS
2016-08-09,224.81124877929688,235.60067749023438,236.46929931640625,233.3834228515625,234.7549285888672,13290768,RELIANCE_NS
2016-08-10,218.91123962402344,229.41751098632812,236.48072814941406,229.04034423828125,235.72640991210938,13471958,RELIANCE_NS
2016-08-11,221.19053649902344,231.8061981201172,233.80630493164062,228.4917449951172,229.02891540527344,14169454,RELIANCE_NS
2016-08-12,225.9236297607422,236.76644897460938,238.389404296875,232.46908569335938,232.46908569335938,16365425,RELIANCE_NS
2016-08-16,223.54620361328125,234.27490234375,238.82369995117188,232.126220703125,236.86932373046875,13367575,RELIANCE_NS
2016-08-17,221.0160369873047,231.6233367919922,235.16636657714844,230.22897338867188,234.09202575683594,15486572,RELIANCE_NS
2016-08-18,222.05209350585938,232.7091064453125,233.98916625976562,232.24050903320312,232.24050903320312,7749690,RELIANCE_NS
2016-08-19,221.3650360107422,231.98907470703125,233.6120147705078,230.20611572265625,232.6976776123047,8177802,RELIANCE_NS
2016-08-22,220.69976806640625,231.29188537597656,233.08627319335938,230.22897338867188,231.326171875,6684236,RELIANCE_NS
2016-08-23,220.39442443847656,230.9718780517578,232.01193237304688,229.72608947753906,231.326171875,7320433,RELIANCE_NS
2016-08-24,222.58648681640625,233.26913452148438,233.6005859375,231.09759521484375,231.25759887695312,8719596,RELIANCE_NS
2016-08-25,220.8852081298828,231.48619079589844,235.21209716796875,230.6404266357422,233.42913818359375,14960746,RELIANCE_NS
2016-08-26,224.20053100585938,234.9606475830078,235.62353515625,231.9204864501953,232.67481994628906,9639663,RELIANCE_NS
2016-08-29,230.6458282470703,241.7152862548828,242.24102783203125,234.5491943359375,234.81207275390625,16193208,RELIANCE_NS
2016-08-30,232.59796142578125,243.7611083984375,244.24111938476562,240.69808959960938,242.75534057617188,18170724,RELIANCE_NS
2016-08-31,231.2020263671875,242.2981719970703,245.4983367919922,239.3265838623047,243.41822814941406,23295502,RELIANCE_NS
2016-09-01,224.48411560058594,235.2578125,245.2126007080078,234.457763671875,240.69808959960938,42621045,RELIANCE_NS
2016-09-02,221.0269775390625,231.634765625,236.0235595703125,229.10891723632812,235.69210815429688,28124615,RELIANCE_NS
2016-09-06,222.45562744140625,233.13198852539062,234.29776000976562,232.01193237304688,233.13198852539062,11510431,RELIANCE_NS
2016-09-07,221.96485900878906,232.61767578125,234.766357421875,231.56619262695312,233.6120147705078,12927438,RELIANCE_NS
2016-09-08,225.400146484375,236.2178497314453,236.80075073242188,233.2005615234375,233.85202026367188,12206479,RELIANCE_NS
2016-09-09,227.8321533203125,238.7665557861328,239.98947143554688,235.440673828125,236.58358764648438,15269894,RELIANCE_NS
2016-09-12,228.2574920654297,239.21229553222656,241.3838348388672,235.2463836669922,235.5321044921875,33684893,RELIANCE_NS
2016-09-14,227.87576293945312,238.81227111816406,242.069580078125,237.93223571777344,239.55517578125,18604842,RELIANCE_NS
2016-09-15,232.2926025390625,243.4410858154297,244.6297149658203,239.3265838623047,239.3265838623047,31371009,RELIANCE_NS
2016-09-16,234.59371948242188,245.85263061523438,250.03570556640625,242.09243774414062,243.89825439453125,39324529,RELIANCE_NS
2016-09-19,236.08779907226562,247.41842651367188,248.69850158691406,244.81259155273438,245.16688537597656,16678060,RELIANCE_NS
2016-09-20,234.29925537109375,245.54405212402344,247.95559692382812,244.36685180664062,247.78416442871094,11531268,RELIANCE_NS
2016-09-21,233.87393188476562,245.0983123779297,247.98988342285156,244.3554229736328,245.4983367919922,10943394,RELIANCE_NS
2016-09-22,237.5164794921875,248.9156494140625,250.4814453125,246.64125061035156,247.5555877685547,18761415,RELIANCE_NS
2016-09-23,240.53733825683594,252.08152770996094,253.6016082763672,248.9270782470703,248.9270782470703,31085948,RELIANCE_NS
2016-09-26,241.4970703125,253.08729553222656,258.1961364746094,251.49864196777344,252.2186737060547,38213411,RELIANCE_NS
2016-09-27,242.2168426513672,253.84161376953125,257.37322998046875,252.9501495361328,255.32740783691406,19374535,RELIANCE_NS
2016-09-28,237.88726806640625,249.3042449951172,253.27015686035156,248.30990600585938,253.24729919433594,24820234,RELIANCE_NS
2016-09-29,233.91754150390625,245.14402770996094,253.8987579345703,243.98968505859375,250.298583984375,21260295,RELIANCE_NS
2016-09-30,236.371337890625,247.71559143066406,250.1957244873047,243.7382354736328,244.1268310546875,11199883,RELIANCE_NS
2016-10-03,237.89816284179688,249.315673828125,253.25872802734375,246.0126495361328,248.46990966796875,18125170,RELIANCE_NS
2016-10-04,239.1304931640625,250.60716247558594,253.33872985839844,249.61282348632812,249.85284423828125,13113580,RELIANCE_NS
2016-10-05,237.6146240234375,249.0185089111328,252.9272918701172,248.19561767578125,252.3558349609375,10789932,RELIANCE_NS
2016-10-06,242.2822723388672,253.9102020263672,257.4418029785156,249.61282348632812,249.61282348632812,21111045,RELIANCE_NS
2016-10-07,241.88966369628906,253.49874877929688,256.7103271484375,252.9272918701172,254.64166259765625,15280380,RELIANCE_NS
2016-10-10,239.1304931640625,250.60716247558594,256.4703369140625,250.0699920654297,254.64166259765625,11553662,RELIANCE_NS
2016-10-13,230.58041381835938,241.64671325683594,248.93850708007812,240.46949768066406,248.9270782470703,21938040,RELIANCE_NS
2016-10-14,235.0517578125,246.33265686035156,247.32699584960938,242.67532348632812,242.98391723632812,15265659,RELIANCE_NS
2016-10-17,231.3437957763672,242.44674682617188,247.05270385742188,242.01243591308594,246.8698272705078,9826781,RELIANCE_NS
2016-10-18,235.80426025390625,247.12127685546875,247.49844360351562,242.7667694091797,243.66966247558594,11073137,RELIANCE_NS
2016-10-19,237.16746520996094,248.54991149902344,250.23001098632812,247.18984985351562,247.88702392578125,17073242,RELIANCE_NS
2016-10-20,237.21109008789062,248.59564208984375,250.9843292236328,247.79559326171875,250.05856323242188,10125508,RELIANCE_NS
2016-10-21,232.1181182861328,243.2582244873047,250.75575256347656,241.93243408203125,250.75575256347656,43608816,RELIANCE_NS
2016-10-24,231.9217987060547,243.052490234375,245.4983367919922,242.44674682617188,244.58399963378906,10513017,RELIANCE_NS
2016-10-25,231.38742065429688,242.49246215820312,243.49822998046875,240.97238159179688,243.4410858154297,7658966,RELIANCE_NS
2016-10-26,229.90423583984375,240.93809509277344,242.17245483398438,240.4923553466797,241.395263671875,10945927,RELIANCE_NS
2016-10-27,228.73733520507812,239.71517944335938,240.90380859375,238.50369262695312,240.26377868652344,12842476,RELIANCE_NS
2016-10-28,230.10055541992188,241.14382934570312,241.84100341796875,238.59512329101562,240.01234436035156,8127969,RELIANCE_NS
2016-11-01,229.23899841308594,240.2409210205078,241.37240600585938,239.4180145263672,240.3094940185547,10223897,RELIANCE_NS
2016-11-02,223.29534912109375,234.01202392578125,238.3779754638672,233.3834228515625,237.95509338378906,7039997,RELIANCE_NS
2016-11-03,223.33897399902344,234.0577392578125,236.5264434814453,233.2919921875,234.03488159179688,7311872,RELIANCE_NS
2016-11-04,219.32566833496094,229.85182189941406,234.73207092285156,228.5831756591797,233.2119903564453,11535892,RELIANCE_NS
2016-11-07,218.36593627929688,228.84605407714844,232.36622619628906,228.36602783203125,231.78334045410156,9506040,RELIANCE_NS
2016-11-08,218.87852478027344,229.3832244873047,229.8861083984375,228.194580078125,229.8861083984375,13432073,RELIANCE_NS
2016-11-09,219.11846923828125,229.63465881347656,230.6404266357422,212.5823516845703,217.15402221679688,21640144,RELIANCE_NS
2016-11-10,220.3834991455078,230.96044921875,235.20066833496094,230.18325805664062,232.83482360839844,9764091,RELIANCE_NS
2016-11-11,218.496826171875,228.9832000732422,232.58338928222656,227.46311950683594,228.0917205810547,14775330,RELIANCE_NS
2016-11-15,214.93064880371094,225.24586486816406,228.5831756591797,223.9086456298828,227.78314208984375,14487470,RELIANCE_NS
2016-11-16,215.1814727783203,225.50872802734375,227.85171508789062,224.17152404785156,227.4402618408203,16550762,RELIANCE_NS
2016-11-17,213.2620849609375,223.49720764160156,228.16029357910156,222.7314453125,225.3830108642578,12628378,RELIANCE_NS
2016-11-18,215.38868713378906,225.72589111328125,226.91452026367188,224.4686737060547,225.15443420410156,18163751,RELIANCE_NS
2016-11-21,216.26113891601562,226.64022827148438,227.1088104248047,224.74298095703125,225.73731994628906,13232434,RELIANCE_NS
2016-11-22,218.431396484375,228.9146270751953,230.36611938476562,227.05166625976562,228.05743408203125,17646355,RELIANCE_NS
2016-11-23,220.078125,230.6404266357422,230.98330688476562,228.48031616210938,229.72608947753906,13107911,RELIANCE_NS
2016-11-24,215.35594177246094,225.6916046142578,229.85182189941406,224.514404296875,229.85182189941406,18913793,RELIANCE_NS
2016-11-25,216.74099731445312,227.14309692382812,227.64598083496094,225.005859375,226.29734802246094,10454964,RELIANCE_NS
2016-11-28,215.20327758789062,225.53158569335938,228.72032165527344,224.94869995117188,226.98309326171875,8312777,RELIANCE_NS
2016-11-29,217.61346435546875,228.05743408203125,229.5660858154297,225.8516082763672,226.06875610351562,9885281,RELIANCE_NS
2016-11-30,215.94488525390625,226.30877685546875,228.57174682617188,225.53158569335938,228.57174682617188,27596098,RELIANCE_NS
2016-12-01,217.62435913085938,228.06886291503906,232.01193237304688,227.4402618408203,228.5831756591797,12627845,RELIANCE_NS
2016-12-02,216.9700164794922,227.38311767578125,229.72608947753906,226.70880126953125,227.64598083496094,12481430,RELIANCE_NS
2016-12-05,216.77374267578125,227.17739868164062,228.5146026611328,225.49729919433594,227.4402618408203,3987213,RELIANCE_NS
2016-12-06,219.2493133544922,229.7718048095703,230.0803985595703,227.3488311767578,227.66883850097656,6726369,RELIANCE_NS
2016-12-07,217.92970275878906,228.38888549804688,230.32040405273438,227.7488555908203,229.4975128173828,4930865,RELIANCE_NS
2016-12-08,222.4883270263672,233.16627502441406,233.56629943847656,229.5775146484375,229.73751831054688,8750556,RELIANCE_NS
2016-12-09,224.42955017089844,235.20066833496094,235.86355590820312,233.22341918945312,233.6120147705078,8239158,RELIANCE_NS
2016-12-12,224.0478515625,234.80064392089844,238.11509704589844,233.26913452148438,233.26913452148438,9023848,RELIANCE_NS
2016-12-13,226.7960968017578,237.6807861328125,237.95509338378906,234.88064575195312,234.98350524902344,10365823,RELIANCE_NS
2016-12-14,231.09300231933594,242.1838836669922,243.31536865234375,237.3150634765625,237.6807861328125,24139260,RELIANCE_NS
2016-12-15,229.66433715820312,240.68666076660156,244.035400390625,239.70375061035156,240.56094360351562,19331986,RELIANCE_NS
2016-12-16,230.58041381835938,241.64671325683594,242.75534057617188,240.46949768066406,240.46949768066406,14942206,RELIANCE_NS
2016-12-19,231.75820922851562,242.8810577392578,243.88682556152344,241.0066680908203,241.15525817871094,15009634,RELIANCE_NS
2016-12-20,230.74400329589844,241.81814575195312,242.52674865722656,240.7323760986328,241.08668518066406,11688169,RELIANCE_NS
2016-12-21,231.910888671875,243.0410614013672,243.96682739257812,241.65814208984375,242.32102966308594,20367894,RELIANCE_NS
2016-12-22,229.75155639648438,240.77809143066406,242.90391540527344,240.2294921875,241.84100341796875,28892834,RELIANCE_NS
2016-12-23,230.61309814453125,241.68099975585938,244.343994140625,240.46949768066406,240.46949768066406,10265033,RELIANCE_NS
2016-12-26,228.4646759033203,239.429443359375,243.66966247558594,238.78941345214844,241.0066680908203,15321770,RELIANCE_NS
2016-12-27,232.22715759277344,243.3725128173828,243.92111206054688,239.3265838623047,239.52088928222656,17442849,RELIANCE_NS
2016-12-28,228.9554443359375,239.94375610351562,244.48114013671875,239.3494415283203,244.10397338867188,9637310,RELIANCE_NS
2016-12-29,232.39073181152344,243.5439453125,244.30970764160156,239.89804077148438,240.01234436035156,8772325,RELIANCE_NS
2016-12-30,236.08779907226562,247.41842651367188,248.01275634765625,243.00677490234375,243.39537048339844,15711974,RELIANCE_NS
2017-01-02,236.67672729492188,248.03561401367188,249.15567016601562,245.1211700439453,247.78416442871094,7097888,RELIANCE_NS
2017-01-03,237.6146240234375,249.0185089111328,250.75575256347656,247.12127685546875,249.1213836669922,6434204,RELIANCE_NS
2017-01-04,232.76158142089844,243.9325408935547,249.84141540527344,243.2810821533203,249.8185577392578,10392483,RELIANCE_NS
2017-01-05,234.99720764160156,246.2755126953125,246.8469696044922,244.29827880859375,244.81259155273438,8734164,RELIANCE_NS
2017-01-06,234.46282958984375,245.71548461914062,248.01275634765625,245.2926025390625,245.54405212402344,7845839,RELIANCE_NS
2017-01-09,235.06265258789062,246.34408569335938,248.2413330078125,244.81259155273438,246.18408203125,5228980,RELIANCE_NS
2017-01-10,237.71275329589844,249.1213836669922,250.1614227294922,246.8698272705078,246.8698272705078,11349916,RELIANCE_NS
2017-01-11,236.88394165039062,248.2527618408203,250.45858764648438,247.78416442871094,250.298583984375,11475958,RELIANCE_NS
2017-01-12,236.2841339111328,247.62416076660156,249.2356719970703,246.82411193847656,248.46990966796875,4371992,RELIANCE_NS
2017-01-13,237.83273315429688,249.24710083007812,250.8700408935547,247.90988159179688,247.90988159179688,7234429,RELIANCE_NS
2017-01-16,234.7464141845703,246.0126495361328,250.05856323242188,245.48690795898438,249.1442413330078,12013154,RELIANCE_NS
2017-01-17,227.1123809814453,238.01223754882812,244.1268310546875,237.38363647460938,243.4410858154297,39234251,RELIANCE_NS
2017-01-18,225.21475219726562,236.0235595703125,239.55517578125,235.15493774414062,238.32081604003906,15867619,RELIANCE_NS
2017-01-19,225.46560668945312,236.28643798828125,238.93800354003906,235.66925048828125,236.6178741455078,15284274,RELIANCE_NS
2017-01-20,223.7424774169922,234.48062133789062,237.14361572265625,234.0463104248047,236.3435821533203,8784907,RELIANCE_NS
2017-01-23,221.58314514160156,232.2176513671875,235.66925048828125,231.50904846191406,233.56629943847656,13708502,RELIANCE_NS
2017-01-24,224.06967163085938,234.82350158691406,235.16636657714844,232.46908569335938,232.46908569335938,9419288,RELIANCE_NS
2017-01-25,221.8885040283203,232.5376739501953,236.05784606933594,232.27479553222656,235.89784240722656,23856654,RELIANCE_NS
2017-01-27,223.58984375,234.32061767578125,235.18923950195312,232.92625427246094,233.2119903564453,21861796,RELIANCE_NS
2017-01-30,227.88665771484375,238.82369995117188,239.20086669921875,234.25204467773438,234.2863311767578,15678126,RELIANCE_NS
2017-01-31,227.9739227294922,238.91513061523438,240.88095092773438,237.79507446289062,239.29229736328125,15125194,RELIANCE_NS
2017-02-01,228.94451904296875,239.9323272705078,240.2180633544922,236.62930297851562,239.12086486816406,11312284,RELIANCE_NS
2017-02-02,227.6031494140625,238.52655029296875,240.19520568847656,237.3264923095703,240.01234436035156,9099129,RELIANCE_NS
2017-02-03,225.45469665527344,236.27500915527344,240.11520385742188,235.46353149414062,239.09800720214844,13219481,RELIANCE_NS
2017-02-06,227.19961547851562,238.10366821289062,238.8465576171875,235.90927124023438,237.04075622558594,9991907,RELIANCE_NS
2017-02-07,224.85487365722656,235.64639282226562,238.263671875,234.80064392089844,238.1836700439453,9905562,RELIANCE_NS
2017-02-08,223.60072326660156,234.33204650878906,237.3264923095703,233.6120147705078,235.64639282226562,16230826,RELIANCE_NS
2017-02-09,225.25839233398438,236.06927490234375,236.35501098632812,234.70921325683594,234.98350524902344,9861688,RELIANCE_NS
2017-02-10,224.69126892089844,235.47496032714844,236.7093048095703,234.42347717285156,236.58358764648438,12518554,RELIANCE_NS
2017-02-13,224.62586975097656,235.40638732910156,236.35501098632812,233.6120147705078,236.1264190673828,8565757,RELIANCE_NS
2017-02-14,228.97723388671875,239.96661376953125,240.67523193359375,235.41781616210938,236.58358764648438,18244623,RELIANCE_NS
2017-02-15,229.30441284179688,240.3094940185547,241.72671508789062,238.9265594482422,240.67523193359375,15236663,RELIANCE_NS
2017-02-16,232.837890625,244.01254272460938,244.45828247070312,240.59523010253906,240.59523010253906,19655195,RELIANCE_NS
2017-02-17,234.58279418945312,245.84120178222656,246.45838928222656,241.94386291503906,243.78396606445312,14847356,RELIANCE_NS
2017-02-20,234.5609893798828,245.81834411621094,246.60696411132812,243.78396606445312,244.709716796875,11650581,RELIANCE_NS
2017-02-21,237.35287475585938,248.7442169189453,249.37281799316406,245.2811737060547,245.7726287841797,14186476,RELIANCE_NS
2017-02-22,263.37396240234375,276.0141906738281,276.9627990722656,249.61282348632812,249.84141540527344,127323130,RELIANCE_NS
2017-02-23,257.97564697265625,270.35675048828125,279.3286437988281,269.5795593261719,277.4085388183594,62249698,RELIANCE_NS
2017-02-27,270.2228088378906,283.19171142578125,287.2833251953125,272.093994140625,272.1282653808594,83422197,RELIANCE_NS
2017-02-28,270.0374450683594,282.9974060058594,285.2718200683594,280.8144226074219,281.6144714355469,36111716,RELIANCE_NS
2017-03-01,269.2630920410156,282.1859436035156,284.44891357421875,281.1573181152344,283.46600341796875,24385665,RELIANCE_NS
2017-03-02,269.7538757324219,282.70025634765625,286.8033142089844,280.4830017089844,282.9631042480469,18063590,RELIANCE_NS
2017-03-03,274.5087890625,287.683349609375,294.3694152832031,283.7974548339844,283.7974548339844,84305639,RELIANCE_NS
2017-03-06,284.7165832519531,298.38104248046875,299.901123046875,289.2148742675781,290.0720520019531,66724743,RELIANCE_NS
2017-03-07,284.6293029785156,298.28961181640625,303.3298645019531,296.278076171875,301.4669189453125,42071555,RELIANCE_NS
2017-03-08,281.6302490234375,295.1466064453125,298.918212890625,293.9808349609375,298.918212890625,43336972,RELIANCE_NS
2017-03-09,280.65966796875,294.12939453125,296.7009582519531,292.9293518066406,294.872314453125,31094457,RELIANCE_NS
2017-03-10,279.5472412109375,292.963623046875,296.2438049316406,288.2890930175781,294.929443359375,24785585,RELIANCE_NS
2017-03-14,281.25946044921875,294.75799560546875,301.501220703125,293.7865295410156,301.4440612792969,27765035,RELIANCE_NS
2017-03-15,284.6293029785156,298.28961181640625,300.884033203125,294.9637451171875,295.1123046875,24107889,RELIANCE_NS
2017-03-16,283.0370788574219,296.6209716796875,299.535400390625,295.6951904296875,299.4439697265625,15924023,RELIANCE_NS
2017-03-17,283.70233154296875,297.3181457519531,301.7183532714844,296.71240234375,298.9867858886719,22727289,RELIANCE_NS
2017-03-20,279.3618469238281,292.76934814453125,298.5867919921875,292.2093200683594,298.5296325683594,12869337,RELIANCE_NS
2017-03-21,275.6539306640625,288.8834228515625,293.4779357910156,287.85479736328125,293.08935546875,22596181,RELIANCE_NS
2017-03-22,274.7596130371094,287.94622802734375,289.3634338378906,284.94036865234375,286.1861267089844,20291685,RELIANCE_NS
2017-03-23,277.72601318359375,291.0549621582031,292.02642822265625,287.5576477050781,288.7348327636719,11807911,RELIANCE_NS
2017-03-24,280.65966796875,294.12939453125,295.3294677734375,289.9463195800781,291.2378234863281,16282523,RELIANCE_NS
2017-03-27,272.8837890625,285.98040771484375,292.3007507324219,285.08892822265625,290.55206298828125,32452615,RELIANCE_NS
2017-03-28,271.71685791015625,284.75750732421875,288.92913818359375,283.92315673828125,287.5576477050781,21707345,RELIANCE_NS
2017-03-29,274.0943603515625,287.2490539550781,288.0148010253906,281.9230651855469,286.1175537109375,18924345,RELIANCE_NS
2017-03-30,277.1479187011719,290.44921875,291.38641357421875,286.41473388671875,286.87188720703125,27862325,RELIANCE_NS
2017-03-31,288.1083068847656,301.9355163574219,305.7642822265625,289.38629150390625,289.38629150390625,45390562,RELIANCE_NS
2017-04-03,299.8319396972656,314.22186279296875,315.55908203125,305.62713623046875,306.7586364746094,44886623,RELIANCE_NS
2017-04-05,308.6329040527344,323.4451904296875,324.1309509277344,315.4676513671875,318.91925048828125,40323877,RELIANCE_NS
2017-04-06,313.75860595703125,328.81689453125,331.19415283203125,320.51934814453125,322.0736999511719,50620850,RELIANCE_NS
2017-04-07,306.80072021484375,321.52508544921875,327.78826904296875,320.5993347167969,324.8852844238281,31875272,RELIANCE_NS
2017-04-10,301.2933349609375,315.7533874511719,325.7081604003906,314.8276062011719,322.3022766113281,30768410,RELIANCE_NS
2017-04-11,299.3302917480469,313.6961364746094,320.11932373046875,313.18182373046875,317.2391662597656,32249647,RELIANCE_NS
2017-04-12,295.3278503417969,309.5016174316406,316.9191589355469,308.85015869140625,316.0848083496094,27448279,RELIANCE_NS
2017-04-13,297.6835632324219,311.9703369140625,313.9361267089844,307.9815368652344,309.5016174316406,12713918,RELIANCE_NS
2017-04-17,303.5835876464844,318.15350341796875,318.999267578125,312.01605224609375,312.01605224609375,11837502,RELIANCE_NS
2017-04-18,298.8613586425781,313.2046813964844,322.3022766113281,312.47320556640625,320.0050354003906,16016414,RELIANCE_NS
2017-04-19,298.5559387207031,312.8846435546875,316.0276794433594,310.3130798339844,312.93035888671875,11572557,RELIANCE_NS
2017-04-20,298.7195739746094,313.05609130859375,316.9991455078125,311.810302734375,315.2162170410156,8393496,RELIANCE_NS
2017-04-21,305.9065246582031,320.5879211425781,324.81671142578125,315.11334228515625,315.55908203125,30230907,RELIANCE_NS
2017-04-24,309.1563720703125,323.9938049316406,328.0168762207031,320.0621643066406,322.0851135253906,25512511,RELIANCE_NS
2017-04-25,312.51531982421875,327.51397705078125,335.5029602050781,325.98248291015625,333.7314453125,36764315,RELIANCE_NS
2017-04-26,308.94915771484375,323.7766418457031,329.17120361328125,320.61077880859375,328.0168762207031,16763153,RELIANCE_NS
2017-04-27,307.4332580566406,322.18798828125,325.5367431640625,320.51934814453125,323.9023742675781,12571594,RELIANCE_NS
2017-04-28,304.3142395019531,318.91925048828125,324.65667724609375,317.9591979980469,322.2451477050781,11848658,RELIANCE_NS
2017-05-02,298.93768310546875,313.28466796875,320.4736022949219,312.3132019042969,320.4736022949219,18591411,RELIANCE_NS
2017-05-03,298.8394775390625,313.18182373046875,315.6162109375,312.01605224609375,314.7361755371094,9500038,RELIANCE_NS
2017-05-04,296.189453125,310.404541015625,315.3533630371094,309.5130615234375,314.3018798828125,14365934,RELIANCE_NS
2017-05-05,289.71136474609375,303.6156005859375,312.55322265625,302.8727111816406,311.2388610839844,15598448,RELIANCE_NS
2017-05-08,288.2173156738281,302.0498046875,306.1871643066406,301.3526306152344,304.015625,16066733,RELIANCE_NS
2017-05-09,290.1694641113281,304.09564208984375,304.8499450683594,301.78692626953125,302.6441345214844,21106150,RELIANCE_NS
2017-05-10,296.44024658203125,310.6673889160156,311.6960144042969,304.1642150878906,305.1128234863281,22906024,RELIANCE_NS
2017-05-11,296.5384521484375,310.770263671875,313.101806640625,308.9644470214844,311.810302734375,13783848,RELIANCE_NS
2017-05-12,294.5536193847656,308.6901550292969,311.7874450683594,307.22723388671875,310.8845520019531,7523427,RELIANCE_NS
2017-05-15,293.16851806640625,307.2386474609375,310.05023193359375,304.815673828125,310.05023193359375,6738085,RELIANCE_NS
2017-05-16,295.82952880859375,310.0273742675781,314.7361755371094,306.530029296875,307.68438720703125,12655992,RELIANCE_NS
2017-05-17,295.1315612792969,309.2958984375,312.2331848144531,308.0729675292969,309.2730407714844,9844573,RELIANCE_NS
2017-05-18,289.5151062011719,303.4098815917969,308.5872802734375,302.6669921875,306.3586120605469,9790379,RELIANCE_NS
2017-05-19,287.66107177734375,301.4669189453125,305.31854248046875,299.4439697265625,304.7013854980469,12813204,RELIANCE_NS
2017-05-22,288.8171081542969,302.67840576171875,304.8385314941406,300.6325988769531,303.215576171875,8801430,RELIANCE_NS
2017-05-23,284.76019287109375,298.4267578125,303.9813537597656,297.61529541015625,303.03271484375,9223001,RELIANCE_NS
2017-05-24,283.0480041503906,296.63238525390625,300.28973388671875,296.0380859375,298.87249755859375,14326531,RELIANCE_NS
2017-05-25,284.08404541015625,297.7181701660156,299.9925537109375,296.3466491699219,297.15814208984375,25922008,RELIANCE_NS
2017-05-26,291.68536376953125,305.6842956542969,307.3072204589844,297.15814208984375,298.06103515625,21430443,RELIANCE_NS
2017-05-29,295.96044921875,310.1645202636719,312.118896484375,305.2956848144531,305.61572265625,24022633,RELIANCE_NS
2017-05-30,296.4947814941406,310.72454833984375,311.9474792480469,308.2444152832031,309.9359436035156,9658309,RELIANCE_NS
2017-05-31,292.42694091796875,306.4614562988281,312.69036865234375,305.3414001464844,312.47320556640625,16423338,RELIANCE_NS
2017-06-01,289.71136474609375,303.6156005859375,306.30145263671875,302.4155578613281,304.6328125,9534069,RELIANCE_NS
2017-06-02,288.9480285644531,302.8155517578125,306.0043029785156,301.0440368652344,305.1585388183594,11495005,RELIANCE_NS
2017-06-05,289.95135498046875,303.8670349121094,306.530029296875,300.78118896484375,303.158447265625,10835031,RELIANCE_NS
2017-06-06,286.3415222167969,300.083984375,304.91851806640625,299.67254638671875,304.91851806640625,9591064,RELIANCE_NS
2017-06-07,292.05615234375,306.0728759765625,306.7586364746094,299.21539306640625,299.71826171875,11199223,RELIANCE_NS
2017-06-08,290.4638671875,304.4042053222656,307.3986511230469,303.56988525390625,306.30145263671875,7903123,RELIANCE_NS
2017-06-09,291.33636474609375,305.31854248046875,309.2615966796875,304.24420166015625,307.46722412109375,13836547,RELIANCE_NS
2017-06-12,287.7919921875,301.60406494140625,303.95849609375,301.0440368652344,303.2270202636719,8432435,RELIANCE_NS
2017-06-13,286.6795654296875,300.43829345703125,303.3298645019531,299.67254638671875,301.866943359375,6025338,RELIANCE_NS
2017-06-14,296.09124755859375,310.3016662597656,310.87310791015625,300.7926025390625,300.7926025390625,52939271,RELIANCE_NS
2017-06-15,301.8604431152344,316.3476867675781,318.87353515625,310.6673889160156,310.87310791015625,28290813,RELIANCE_NS
2017-06-16,302.9182434082031,317.4563293457031,319.056396484375,312.9989318847656,317.52490234375,32710880,RELIANCE_NS
2017-06-19,307.37872314453125,322.1308288574219,323.6280517578125,317.7763366699219,317.7763366699219,15236956,RELIANCE_NS
2017-06-20,308.0548400878906,322.8394470214844,325.0681457519531,321.7193908691406,322.0736999511719,10142474,RELIANCE_NS
2017-06-21,310.15972900390625,325.0452880859375,326.4167785644531,320.9879150390625,321.7994079589844,19992472,RELIANCE_NS
2017-06-22,312.4826354980469,327.4797058105469,330.3941345214844,326.34820556640625,326.74822998046875,22118609,RELIANCE_NS
2017-06-23,313.1805725097656,328.2111511230469,329.616943359375,327.0111083984375,328.2454528808594,31143289,RELIANCE_NS
2017-06-27,313.4640808105469,328.50830078125,329.84552001953125,325.73101806640625,327.33111572265625,32591540,RELIANCE_NS
2017-06-28,305.03399658203125,319.673583984375,329.1483459472656,318.999267578125,329.1483459472656,15567803,RELIANCE_NS
2017-06-29,303.7689514160156,318.3477783203125,322.3022766113281,317.75347900390625,320.0164489746094,12898245,RELIANCE_NS
2017-06-30,300.99884033203125,315.4447937011719,318.2792053222656,314.31329345703125,318.1877746582031,7814271,RELIANCE_NS
2017-07-03,301.2278747558594,315.6847839355469,318.8049621582031,313.3875427246094,317.31915283203125,9195278,RELIANCE_NS
2017-07-04,310.1488037109375,325.0338439941406,326.2110595703125,317.5020446777344,317.7306213378906,18816782,RELIANCE_NS
2017-07-05,314.6638488769531,329.7655334472656,330.86273193359375,325.50244140625,326.74822998046875,27209010,RELIANCE_NS
2017-07-06,314.6419677734375,329.74267578125,331.44561767578125,328.7026062011719,331.1484375,13590313,RELIANCE_NS
2017-07-07,325.2423095703125,340.851806640625,342.3604431152344,329.1597900390625,329.84552001953125,35845310,RELIANCE_NS
2017-07-10,325.6131896972656,341.2403869628906,343.08050537109375,340.3832092285156,341.75469970703125,3504540,RELIANCE_NS
2017-07-11,325.9403991699219,341.5832824707031,343.8805236816406,339.9031982421875,343.1033630371094,20995547,RELIANCE_NS
2017-07-12,329.59375,345.41204833984375,348.58935546875,342.3033142089844,342.73760986328125,17104482,RELIANCE_NS
2017-07-13,334.63226318359375,347.92645263671875,348.58935546875,344.2805480957031,344.8748779296875,23010262,RELIANCE_NS
2017-07-14,337.19342041015625,350.5894470214844,351.103759765625,346.4292297363281,347.4464416503906,20530867,RELIANCE_NS
2017-07-17,341.15069580078125,354.7039489746094,356.4983215332031,351.33233642578125,351.33233642578125,18749450,RELIANCE_NS
2017-07-18,334.1485290527344,347.423583984375,354.7153625488281,345.3891906738281,353.57244873046875,19640167,RELIANCE_NS
2017-07-19,337.0175476074219,350.4065856933594,351.5609436035156,345.7549133300781,345.7549133300781,11790198,RELIANCE_NS
2017-07-20,336.1272277832031,349.4808349609375,354.3039245605469,348.29217529296875,351.9609375,13626050,RELIANCE_NS
2017-07-21,348.4607238769531,362.3043518066406,363.8358459472656,353.14959716796875,354.3039245605469,97142371,RELIANCE_NS
2017-07-24,355.1111755371094,369.218994140625,371.4248046875,362.3043518066406,365.73309326171875,43429394,RELIANCE_NS
2017-07-25,352.2310791015625,366.22454833984375,371.4362487792969,365.1844787597656,371.37908935546875,20063064,RELIANCE_NS
2017-07-26,356.7599792480469,370.933349609375,372.5677185058594,365.9845275878906,366.6931457519531,21954323,RELIANCE_NS
2017-07-27,350.6152038574219,364.5444641113281,372.9334411621094,363.0700988769531,372.1334228515625,18409364,RELIANCE_NS
2017-07-28,350.53826904296875,364.4644470214844,367.0931701660156,360.7042541503906,363.73297119140625,14331863,RELIANCE_NS
2017-07-31,355.1001281738281,369.2075500488281,370.03045654296875,364.8187561035156,366.1788330078125,16567422,RELIANCE_NS
2017-08-01,352.5498962402344,366.5559997558594,370.933349609375,363.7901306152344,370.933349609375,12311920,RELIANCE_NS
2017-08-02,358.17803955078125,372.40771484375,373.89349365234375,367.5845947265625,368.0189208984375,20786240,RELIANCE_NS
2017-08-03,362.7728271484375,377.1850891113281,380.5681457519531,369.63043212890625,371.87054443359375,19707381,RELIANCE_NS
2017-08-04,356.6280822753906,370.79620361328125,380.1338195800781,369.1846923828125,380.1338195800781,18579866,RELIANCE_NS
2017-08-07,355.3529968261719,369.4704284667969,372.956298828125,368.601806640625,372.956298828125,9537088,RELIANCE_NS
2017-08-08,352.31903076171875,366.31597900390625,370.5447692871094,362.7157897949219,369.84759521484375,10961296,RELIANCE_NS
2017-08-09,351.4945983886719,365.4587707519531,370.30474853515625,362.3043518066406,366.0759582519531,10436651,RELIANCE_NS
2017-08-10,348.3177795410156,362.15576171875,367.253173828125,360.6928405761719,364.1444396972656,10188164,RELIANCE_NS
2017-08-11,339.9415588378906,353.4467468261719,361.1614074707031,350.4179992675781,354.5210876464844,16996281,RELIANCE_NS
2017-08-14,345.8334655761719,359.57275390625,362.1900329589844,356.8183288574219,356.8183288574219,13440617,RELIANCE_NS
2017-08-16,344.3055419921875,357.984130859375,360.2471008300781,354.3496398925781,359.332763671875,13576650,RELIANCE_NS
2017-08-17,344.5254211425781,358.21270751953125,365.1959228515625,356.8526306152344,358.6470031738281,15828719,RELIANCE_NS
2017-08-18,346.3501892089844,360.10992431640625,360.6585388183594,355.0239562988281,357.50408935546875,7935890,RELIANCE_NS
2017-08-21,343.93182373046875,357.59552001953125,362.11004638671875,356.64691162109375,360.4756774902344,7573558,RELIANCE_NS
2017-08-22,342.9754638671875,356.6011962890625,361.1385498046875,355.6868591308594,359.332763671875,9533641,RELIANCE_NS
2017-08-23,347.8121337890625,361.6300048828125,362.65863037109375,355.0239562988281,357.6983947753906,8320052,RELIANCE_NS
2017-08-24,344.7342224121094,358.4298400878906,364.1558532714844,357.6183776855469,363.447265625,12654347,RELIANCE_NS
2017-08-28,344.40447998046875,358.08697509765625,361.6071472167969,356.8640441894531,360.94427490234375,12316426,RELIANCE_NS
2017-08-29,336.84173583984375,350.2237243652344,358.30413818359375,349.7322692871094,357.01263427734375,15164812,RELIANCE_NS
2017-08-30,343.8658447265625,357.5269470214844,358.6012878417969,352.3038330078125,353.743896484375,10334911,RELIANCE_NS
2017-08-31,350.54925537109375,364.47589111328125,365.15020751953125,359.7899169921875,360.01849365234375,25104625,RELIANCE_NS
2017-09-01,353.9789123535156,368.0417785644531,369.5275573730469,365.5045166015625,365.69879150390625,15431918,RELIANCE_NS
2017-09-04,354.6933898925781,368.78466796875,373.9963684082031,364.7844543457031,369.276123046875,21560532,RELIANCE_NS
2017-09-05,358.9255065917969,373.1849060058594,373.69921875,370.5447692871094,372.590576171875,25216776,RELIANCE_NS
2017-09-06,361.739501953125,376.1107482910156,377.73370361328125,370.9447937011719,371.7676696777344,48745984,RELIANCE_NS
2017-09-07,359.71697998046875,374.0077819824219,380.59100341796875,372.590576171875,376.2479248046875,16205339,RELIANCE_NS
2017-09-08,359.1893310546875,373.4591979980469,376.3622131347656,371.2648010253906,374.87640380859375,13248413,RELIANCE_NS
2017-09-11,359.62896728515625,373.9163513183594,378.00799560546875,373.2991943359375,375.4707336425781,12690592,RELIANCE_NS
2017-09-12,362.2012634277344,376.5907897949219,377.1622314453125,373.5049133300781,376.13360595703125,6500191,RELIANCE_NS
2017-09-13,373.30364990234375,388.1342468261719,393.1173400878906,375.7907409667969,376.705078125,29377106,RELIANCE_NS
2017-09-14,371.0391845703125,385.7798156738281,393.84881591796875,384.93408203125,391.24298095703125,11867640,RELIANCE_NS
2017-09-15,370.1377868652344,384.8426513671875,389.8943176269531,381.61962890625,384.93408203125,28595395,RELIANCE_NS
2017-09-18,371.78668212890625,386.5570068359375,389.0714416503906,385.43695068359375,388.5914001464844,5061995,RELIANCE_NS
2017-09-19,368.73077392578125,383.37969970703125,388.01995849609375,382.64825439453125,387.9971008300781,7718697,RELIANCE_NS
2017-09-20,372.490234375,387.2884826660156,398.8776550292969,386.3512878417969,391.380126953125,24942703,RELIANCE_NS
2017-09-21,369.9399719238281,384.63690185546875,389.36859130859375,382.30535888671875,387.21990966796875,12950541,RELIANCE_NS
2017-09-22,359.40911865234375,373.6877746582031,383.9740295410156,371.7676696777344,383.9740295410156,12294087,RELIANCE_NS
2017-09-25,361.2339172363281,375.58502197265625,378.5108947753906,368.1103515625,372.590576171875,14229631,RELIANCE_NS
2017-09-26,360.5963439941406,374.922119140625,378.09942626953125,371.3105163574219,375.6535949707031,10564143,RELIANCE_NS
2017-09-27,351.3847351074219,365.344482421875,377.4822692871094,363.67584228515625,377.4365539550781,18448855,RELIANCE_NS
2017-09-28,345.800537109375,359.5384826660156,367.0588684082031,356.6811828613281,365.5730895996094,29547622,RELIANCE_NS
2017-09-29,343.3602294921875,357.001220703125,362.7157897949219,356.1783142089844,361.9614562988281,16666208,RELIANCE_NS
2017-10-03,351.03289794921875,364.978759765625,367.4931640625,359.03558349609375,363.447265625,18345748,RELIANCE_NS
2017-10-04,360.0467834472656,374.3506774902344,377.1393737792969,363.7215576171875,365.3673400878906,18907611,RELIANCE_NS
2017-10-05,362.37713623046875,376.7736511230469,378.7394714355469,374.2592468261719,377.1622314453125,10631751,RELIANCE_NS
2017-10-06,368.04925537109375,382.6711120605469,383.72259521484375,376.0650329589844,376.705078125,12997688,RELIANCE_NS
2017-10-09,365.2351989746094,379.7452392578125,383.9283142089844,378.53375244140625,383.56256103515625,8850408,RELIANCE_NS
2017-10-10,370.75341796875,385.482666015625,387.3570556640625,379.9052429199219,379.9052429199219,14732024,RELIANCE_NS
2017-10-11,369.41229248046875,384.08831787109375,392.4316101074219,382.1910705566406,386.4427185058594,15420644,RELIANCE_NS
2017-10-12,383.7464599609375,398.991943359375,400.8434753417969,384.97979736328125,384.97979736328125,18642942,RELIANCE_NS
2017-10-13,385.37335205078125,400.6834411621094,407.19805908203125,399.2662353515625,401.98638916015625,21509701,RELIANCE_NS
2017-10-16,385.5272216796875,400.8434753417969,407.7923889160156,393.75738525390625,401.8492431640625,32009221,RELIANCE_NS
2017-10-17,384.4499816894531,399.7234191894531,404.13507080078125,396.45465087890625,401.3920593261719,13898844,RELIANCE_NS
2017-10-18,402.1038513183594,418.0786437988281,419.63299560546875,400.02056884765625,401.1177673339844,36671941,RELIANCE_NS
2017-10-19,400.0812683105469,415.9756774902344,421.461669921875,412.82122802734375,418.6729431152344,8014767,RELIANCE_NS
2017-10-23,413.20623779296875,429.6220703125,431.88507080078125,415.60992431640625,417.34716796875,27455320,RELIANCE_NS
2017-10-24,410.78790283203125,427.107666015625,433.2565612792969,424.3418273925781,433.2565612792969,13857773,RELIANCE_NS
2017-10-25,413.272216796875,429.690673828125,432.43365478515625,424.9361267089844,429.7821044921875,10011782,RELIANCE_NS
2017-10-26,416.5699768066406,433.1194152832031,437.8739318847656,425.62188720703125,429.73638916015625,16840049,RELIANCE_NS
2017-10-27,408.8532409667969,425.09613037109375,437.3710632324219,423.1988830566406,434.30804443359375,11498547,RELIANCE_NS
2017-10-30,414.4154357910156,430.8793029785156,432.2736511230469,425.43902587890625,426.9933776855469,7823263,RELIANCE_NS
2017-10-31,413.6899108886719,430.1249694824219,432.3650817871094,426.17047119140625,431.9993591308594,9504986,RELIANCE_NS
2017-11-01,418.8343200683594,435.47381591796875,437.8739318847656,432.3650817871094,433.2794189453125,17571371,RELIANCE_NS
2017-11-02,416.2181701660156,432.753662109375,437.2796325683594,431.6793212890625,435.5881042480469,10277678,RELIANCE_NS
2017-11-03,415.6465148925781,432.15936279296875,437.0281677246094,429.8049621582031,437.0281677246094,4798537,RELIANCE_NS
2017-11-06,410.0184631347656,426.3076171875,430.8793029785156,424.7075500488281,430.8793029785156,9757496,RELIANCE_NS
2017-11-07,398.67425537109375,414.5127258300781,427.4505310058594,412.8440856933594,426.69622802734375,20447574,RELIANCE_NS
2017-11-08,390.36395263671875,405.8722839355469,414.1927185058594,404.1807861328125,412.5926513671875,17752793,RELIANCE_NS
2017-11-09,395.9481201171875,411.6783142089844,415.9756774902344,407.81524658203125,409.0495910644531,15007224,RELIANCE_NS
2017-11-10,388.6271057128906,404.0664978027344,411.884033203125,401.940673828125,411.884033203125,13923102,RELIANCE_NS
2017-11-13,384.8457336425781,400.1348571777344,407.7466735839844,399.3348083496094,404.59222412109375,9088619,RELIANCE_NS
2017-11-14,389.8802490234375,405.3694152832031,409.16387939453125,399.1062316894531,400.02056884765625,12481463,RELIANCE_NS
2017-11-15,388.56121826171875,403.9979248046875,407.15234375,401.36920166015625,404.3636474609375,15272059,RELIANCE_NS
2017-11-16,397.4210510253906,413.2098083496094,414.1927185058594,404.82080078125,404.82080078125,15160866,RELIANCE_NS
2017-11-17,400.96063232421875,416.8900146484375,422.8331604003906,415.33563232421875,420.113037109375,12219276,RELIANCE_NS
2017-11-20,404.89593505859375,420.98162841796875,422.58172607421875,413.7355651855469,414.2841491699219,9231195,RELIANCE_NS
2017-11-21,410.0404052734375,426.3304748535156,429.57635498046875,423.1074523925781,423.7017822265625,13082246,RELIANCE_NS
2017-11-22,409.2489318847656,425.5075988769531,429.11920166015625,422.1702575683594,428.5705871582031,11058315,RELIANCE_NS
2017-11-23,416.3940734863281,432.9365539550781,434.2623291015625,423.6332092285156,425.62188720703125,16031638,RELIANCE_NS
2017-11-24,418.19683837890625,434.8109130859375,438.651123046875,433.1194152832031,434.30804443359375,13987125,RELIANCE_NS
2017-11-27,418.3067321777344,434.9252014160156,437.7367858886719,431.5650329589844,433.05084228515625,10237135,RELIANCE_NS
2017-11-28,414.78912353515625,431.26788330078125,434.9252014160156,428.8677673339844,434.2394714355469,10153618,RELIANCE_NS
2017-11-29,415.9543762207031,432.4793701171875,434.30804443359375,430.19354248046875,430.5821228027344,8038351,RELIANCE_NS
2017-11-30,405.2037048339844,421.3016662597656,430.3992614746094,420.3644714355469,430.3992614746094,20637767,RELIANCE_NS
2017-12-01,400.169189453125,416.0671081542969,425.7361755371094,414.96990966796875,422.62744140625,11114967,RELIANCE_NS
2017-12-04,396.4317321777344,412.1811828613281,417.75860595703125,410.23822021484375,417.6214599609375,10103208,RELIANCE_NS
2017-12-05,401.7520751953125,417.712890625,420.9359130859375,409.36962890625,411.92974853515625,18306627,RELIANCE_NS
2017-12-06,407.4461975097656,423.6332092285156,425.3018493652344,415.4727783203125,416.0213928222656,24078081,RELIANCE_NS
2017-12-07,409.6007080078125,425.8733215332031,427.90771484375,421.96453857421875,425.18756103515625,12095301,RELIANCE_NS
2017-12-08,404.96185302734375,421.0502014160156,428.3420104980469,420.15875244140625,426.9248046875,12224184,RELIANCE_NS
2017-12-11,402.8293151855469,418.83294677734375,423.3360595703125,417.6443176269531,421.7131042480469,10792248,RELIANCE_NS
2017-12-12,402.5875549316406,418.5815124511719,424.7075500488281,415.1070556640625,418.74151611328125,15782031,RELIANCE_NS
2017-12-13,402.1698303222656,418.147216796875,422.85601806640625,416.3414001464844,419.17584228515625,9147866,RELIANCE_NS
2017-12-14,405.1817932128906,421.27880859375,422.8331604003906,415.4499206542969,420.1358947753906,10983157,RELIANCE_NS
2017-12-15,404.41229248046875,420.478759765625,426.51336669921875,419.54156494140625,425.62188720703125,24408414,RELIANCE_NS
2017-12-18,404.96185302734375,421.0502014160156,426.3761901855469,394.37457275390625,416.9128723144531,18581421,RELIANCE_NS
2017-12-19,407.1383972167969,423.3132019042969,423.793212890625,420.5930480957031,422.2388610839844,8891691,RELIANCE_NS
2017-12-20,403.7087097167969,419.7472839355469,423.97607421875,419.2215576171875,423.29034423828125,10443493,RELIANCE_NS
2017-12-21,401.4223327636719,417.3700256347656,422.39886474609375,416.0213928222656,419.8844299316406,9071450,RELIANCE_NS
2017-12-22,404.6980285644531,420.7759094238281,421.69024658203125,415.70135498046875,418.147216796875,10658428,RELIANCE_NS
2017-12-26,408.83123779296875,425.0732727050781,429.2334899902344,419.7472839355469,422.810302734375,11596338,RELIANCE_NS
2017-12-27,406.171142578125,422.30743408203125,428.59344482421875,420.1358947753906,426.5362243652344,9520350,RELIANCE_NS
2017-12-28,406.36895751953125,422.5131530761719,427.1762390136719,420.1816101074219,422.9931640625,15511891,RELIANCE_NS
2017-12-29,404.9838562011719,421.07305908203125,426.2161865234375,419.90728759765625,423.56463623046875,11089700,RELIANCE_NS
2018-01-01,400.01531982421875,415.9071044921875,421.827392578125,414.87847900390625,421.827392578125,9453202,RELIANCE_NS
2018-01-02,400.630859375,416.547119140625,420.3873291015625,414.3755798339844,417.39288330078125,9499419,RELIANCE_NS
2018-01-03,402.23577880859375,418.2157897949219,423.3360595703125,417.4157409667969,422.8788757324219,13507800,RELIANCE_NS
2018-01-04,404.65411376953125,420.7301940917969,421.41595458984375,418.6272277832031,419.7472839355469,9008932,RELIANCE_NS
2018-01-05,405.95123291015625,422.0788269042969,423.74749755859375,420.70733642578125,421.41595458984375,7441284,RELIANCE_NS
2018-01-08,408.2816162109375,424.5018310546875,425.62188720703125,422.1931457519531,423.38177490234375,8827020,RELIANCE_NS
2018-01-09,413.73388671875,430.1706848144531,431.5193176269531,422.4217224121094,424.3189392089844,14294571,RELIANCE_NS
2018-01-10,414.3494567871094,430.81072998046875,433.1194152832031,427.67913818359375,431.1078796386719,11727682,RELIANCE_NS
2018-01-11,412.32684326171875,428.707763671875,430.9478759765625,427.4505310058594,430.55926513671875,7849171,RELIANCE_NS
2018-01-12,417.2734680175781,433.8508605957031,435.5881042480469,428.93634033203125,431.1078796386719,15071161,RELIANCE_NS
2018-01-15,417.33941650390625,433.91943359375,438.1939392089844,432.1136474609375,434.30804443359375,11120925,RELIANCE_NS
2018-01-16,405.81927490234375,421.9416809082031,433.2565612792969,420.5930480957031,433.2565612792969,10825151,RELIANCE_NS
2018-01-17,406.5008239746094,422.6502990722656,424.7075500488281,414.6498718261719,423.3360595703125,13204016,RELIANCE_NS
2018-01-18,404.39031982421875,420.4559020996094,424.9818420410156,418.3529357910156,424.7075500488281,9381821,RELIANCE_NS
2018-01-19,409.4907531738281,425.759033203125,427.1762390136719,421.5531005859375,421.96453857421875,9973533,RELIANCE_NS
2018-01-22,427.1666564941406,444.1371154785156,445.41717529296875,429.73638916015625,433.3937072753906,45700733,RELIANCE_NS
2018-01-23,432.3330993652344,449.5088195800781,453.02899169921875,445.7372131347656,445.7372131347656,22526810,RELIANCE_NS
2018-01-24,424.9022216796875,441.78271484375,448.82305908203125,440.0911865234375,448.82305908203125,14289485,RELIANCE_NS
2018-01-25,424.70440673828125,441.5769958496094,444.3656921386719,437.1195983886719,442.4913024902344,13669901,RELIANCE_NS
2018-01-29,424.0887451171875,440.93695068359375,446.7886657714844,438.5596923828125,441.7141418457031,9897064,RELIANCE_NS
2018-01-30,417.8890075683594,434.49090576171875,441.5312805175781,433.8508605957031,441.5312805175781,9182956,RELIANCE_NS
2018-01-31,422.6817321777344,439.4740295410156,440.93695068359375,430.4449768066406,434.30804443359375,12551686,RELIANCE_NS
2018-02-01,415.0090026855469,431.4964599609375,444.6399841308594,428.1820068359375,440.3655090332031,16524809,RELIANCE_NS
2018-02-02,397.64093017578125,413.4383850097656,431.54217529296875,411.9068908691406,427.4505310058594,28965593,RELIANCE_NS
2018-02-05,396.673583984375,412.4326171875,417.164306640625,403.1293029785156,408.70672607421875,19191099,RELIANCE_NS
2018-02-06,392.2546691894531,407.8381042480469,410.535400390625,398.19189453125,400.9349060058594,24062503,RELIANCE_NS
2018-02-07,393.2659606933594,408.88958740234375,413.9184265136719,406.8780517578125,412.6155090332031,15532284,RELIANCE_NS
2018-02-08,397.7288818359375,413.5298156738281,416.31854248046875,407.952392578125,410.48968505859375,13825894,RELIANCE_NS
2018-02-09,394.7829284667969,410.4668273925781,412.3640441894531,405.04937744140625,406.4208984375,11580639,RELIANCE_NS
2018-02-12,402.5435791015625,418.5357971191406,419.7701416015625,412.38690185546875,412.82122802734375,11877059,RELIANCE_NS
2018-02-14,410.52410888671875,426.8333740234375,430.8793029785156,421.0502014160156,421.96453857421875,22247829,RELIANCE_NS
2018-02-15,411.4034729003906,427.7477111816406,432.3650817871094,424.3189392089844,428.66204833984375,13363743,RELIANCE_NS
2018-02-16,405.0937805175781,421.1873779296875,430.9250183105469,419.72442626953125,429.5534973144531,9628162,RELIANCE_NS
2018-02-19,407.6000671386719,423.793212890625,426.07904052734375,417.6443176269531,421.0502014160156,8941900,RELIANCE_NS
2018-02-20,405.0058288574219,421.0959167480469,424.958984375,420.0444641113281,424.7075500488281,8458450,RELIANCE_NS
2018-02-21,408.6333923339844,424.8675537109375,426.3076171875,421.5759582519531,425.1647033691406,11917390,RELIANCE_NS
2018-02-22,406.4348449707031,422.58172607421875,425.62188720703125,420.5930480957031,421.50738525390625,11196908,RELIANCE_NS
2018-02-23,410.78790283203125,427.107666015625,428.8220520019531,421.8502502441406,423.0617370605469,10610664,RELIANCE_NS
2018-02-26,412.74456787109375,429.1420593261719,431.97650146484375,428.1820068359375,429.2792053222656,8435611,RELIANCE_NS
2018-02-27,417.9329528808594,434.53662109375,436.9595947265625,428.9820556640625,429.2792053222656,14021366,RELIANCE_NS
2018-02-28,419.7137451171875,436.3881530761719,437.5539245605469,431.1993103027344,432.4565124511719,56650480,RELIANCE_NS
2018-03-01,417.0096130371094,433.5765686035156,438.833984375,432.4565124511719,434.1937561035156,8956590,RELIANCE_NS
2018-03-05,406.32501220703125,422.4674377441406,434.3766174316406,421.32452392578125,431.1078796386719,12325694,RELIANCE_NS
2018-03-06,400.49896240234375,416.40997314453125,427.9991455078125,413.7812805175781,424.7075500488281,16019726,RELIANCE_NS
2018-03-07,391.2213439941406,406.7637634277344,415.6784973144531,405.986572265625,415.6784973144531,15853546,RELIANCE_NS
2018-03-08,400.7628173828125,416.68426513671875,418.0786437988281,408.38671875,410.3753662109375,13283967,RELIANCE_NS
2018-03-09,401.4883117675781,417.4385986328125,420.2958984375,416.50140380859375,418.2615051269531,10638527,RELIANCE_NS
2018-03-12,409.05108642578125,425.3018493652344,426.5819396972656,419.4729919433594,420.5930480957031,8315150,RELIANCE_NS
2018-03-13,409.7326354980469,426.0104675292969,427.90771484375,421.2102355957031,426.0333251953125,11148731,RELIANCE_NS
2018-03-14,408.5014343261719,424.73040771484375,426.1018981933594,420.2273254394531,424.6161193847656,14724464,RELIANCE_NS
2018-03-15,400.9166564941406,416.8442687988281,424.91326904296875,416.0213928222656,422.8788757324219,12711836,RELIANCE_NS
2018-03-16,395.7502136230469,411.47259521484375,415.8842468261719,405.072265625,415.564208984375,30814962,RELIANCE_NS
2018-03-19,393.7495422363281,409.3924865722656,414.6041564941406,407.7923889160156,411.9068908691406,12630833,RELIANCE_NS
2018-03-20,391.2432861328125,406.78662109375,413.27838134765625,405.5294189453125,408.38671875,15192983,RELIANCE_NS
2018-03-21,394.36517333984375,410.0325012207031,412.5240478515625,408.38671875,409.0953063964844,14715126,RELIANCE_NS
2018-03-22,399.311767578125,415.1756286621094,416.9128723144531,409.50677490234375,409.6210632324219,22129723,RELIANCE_NS
2018-03-23,393.04608154296875,408.6610107421875,411.44970703125,406.46661376953125,407.15234375,23469999,RELIANCE_NS
2018-03-26,396.2118835449219,411.9526062011719,413.41552734375,408.0209655761719,408.6838684082031,13227705,RELIANCE_NS
2018-03-27,395.6402587890625,411.3582763671875,416.3642578125,410.0782165527344,414.7413330078125,15179544,RELIANCE_NS
2018-03-28,388.1214904785156,403.5407409667969,409.552490234375,402.306396484375,409.5296325683594,19160609,RELIANCE_NS
2018-04-02,392.6283264160156,408.2266845703125,411.884033203125,405.2779846191406,408.2495422363281,12494499,RELIANCE_NS
2018-04-03,395.5303649902344,411.2439880371094,412.2268981933594,404.7065124511719,407.3352355957031,13922126,RELIANCE_NS
2018-04-04,393.4857482910156,409.1181640625,416.8442687988281,407.81524658203125,413.598388671875,14214534,RELIANCE_NS
2018-04-05,399.3337707519531,415.198486328125,416.0213928222656,413.0498046875,413.7812805175781,8527915,RELIANCE_NS
2018-04-06,400.5649108886719,416.4785461425781,419.90728759765625,413.7355651855469,415.1070556640625,9664888,RELIANCE_NS
2018-04-09,402.7633972167969,418.7643737792969,420.1358947753906,417.1871643066406,417.1871643066406,7813897,RELIANCE_NS
2018-04-10,403.2251281738281,419.2444152832031,422.3760070800781,417.91864013671875,419.861572265625,8455132,RELIANCE_NS
2018-04-11,409.2929382324219,425.5533142089844,426.4219055175781,418.7872314453125,421.41595458984375,13140816,RELIANCE_NS
2018-04-12,408.34759521484375,424.5704040527344,428.2048645019531,422.5131530761719,425.09613037109375,10822592,RELIANCE_NS
2018-04-13,412.8105163574219,429.21063232421875,430.5135498046875,424.5704040527344,426.3990478515625,12616816,RELIANCE_NS
2018-04-16,412.0190124511719,428.3877258300781,429.73638916015625,424.4789733886719,427.1990966796875,8934275,RELIANCE_NS
2018-04-17,415.18487548828125,431.6793212890625,433.0279846191406,427.90771484375,429.73638916015625,9599816,RELIANCE_NS
2018-04-18,412.4367370605469,428.8220520019531,433.4851379394531,427.473388671875,432.1365051269531,7360987,RELIANCE_NS
2018-04-19,414.32745361328125,430.7878723144531,432.022216796875,427.4505310058594,429.3249206542969,9802587,RELIANCE_NS
2018-04-20,407.99578857421875,424.20465087890625,430.5821228027344,421.14166259765625,428.8220520019531,7326696,RELIANCE_NS
2018-04-23,411.557373046875,427.90771484375,431.72503662109375,424.4789733886719,425.1647033691406,7674482,RELIANCE_NS
2018-04-24,426.5290832519531,443.4742126464844,446.0572204589844,427.4505310058594,427.8162841796875,19921115,RELIANCE_NS
2018-04-25,426.7269592285156,443.6799621582031,448.8459167480469,440.5026550292969,445.1200256347656,14079382,RELIANCE_NS
2018-04-26,428.8594970703125,445.897216796875,451.68035888671875,439.9083251953125,444.8228759765625,34096999,RELIANCE_NS
2018-04-27,438.0711364746094,455.474853515625,462.1951904296875,450.5374450683594,452.5032653808594,25518647,RELIANCE_NS
2018-04-30,423.5611572265625,440.38836669921875,453.7833251953125,438.87969970703125,448.9373779296875,19406069,RELIANCE_NS
2018-05-02,427.6943054199219,444.68572998046875,447.65728759765625,441.1883850097656,442.0798645019531,13381914,RELIANCE_NS
2018-05-03,422.81365966796875,439.6111755371094,447.06298828125,438.5368347167969,447.06298828125,8634812,RELIANCE_NS
2018-05-04,419.4499816894531,436.1138610839844,441.02838134765625,434.30804443359375,440.1826171875,8302649,RELIANCE_NS
2018-05-07,426.9468078613281,443.9085388183594,444.9371643066406,437.2110595703125,438.3539733886719,7683268,RELIANCE_NS
2018-05-08,425.23193359375,442.1255798339844,448.9373779296875,441.2569580078125,446.880126953125,10792648,RELIANCE_NS
2018-05-09,429.4530944824219,446.5143737792969,449.98883056640625,439.9083251953125,441.5769958496094,9831044,RELIANCE_NS
2018-05-10,431.4097595214844,448.54876708984375,450.1260070800781,445.3943176269531,448.0230407714844,8781584,RELIANCE_NS
2018-05-11,434.97125244140625,452.2518310546875,453.1889953613281,446.9944152832031,448.594482421875,8774740,RELIANCE_NS
2018-05-14,433.8060607910156,451.0403137207031,453.4861755371094,446.5143737792969,453.4861755371094,5642499,RELIANCE_NS
2018-05-15,430.4423828125,447.5429992675781,457.1663513183594,446.49151611328125,449.4173889160156,10501479,RELIANCE_NS
2018-05-16,420.41729736328125,437.1195983886719,445.280029296875,435.4281005859375,445.280029296875,18840763,RELIANCE_NS
2018-05-17,415.66851806640625,432.1822204589844,438.87969970703125,430.422119140625,438.5825500488281,10353948,RELIANCE_NS
2018-05-18,410.61199951171875,426.9248046875,435.9081115722656,426.07904052734375,432.2965087890625,11440117,RELIANCE_NS
2018-05-21,409.5128173828125,425.7818908691406,427.77056884765625,421.5531005859375,425.5075988769531,14491208,RELIANCE_NS
2018-05-22,407.49017333984375,423.6789245605469,426.9933776855469,422.8788757324219,426.60479736328125,11310073,RELIANCE_NS
2018-05-23,401.1145324707031,417.0500183105469,423.3360595703125,415.6327819824219,423.3360595703125,9991028,RELIANCE_NS
2018-05-24,402.6974182128906,418.69580078125,421.0502014160156,416.0899658203125,417.85003662109375,11632489,RELIANCE_NS
2018-05-25,404.87396240234375,420.9587707519531,422.14739990234375,418.0557861328125,418.7643737792969,17782410,RELIANCE_NS
2018-05-28,404.6980285644531,420.7759094238281,423.793212890625,419.72442626953125,422.8331604003906,11369679,RELIANCE_NS
2018-05-29,403.40093994140625,419.4272766113281,424.2503662109375,418.0329284667969,421.27880859375,17878384,RELIANCE_NS
2018-05-30,402.807373046875,418.8100891113281,422.05596923828125,414.4670104980469,418.2386474609375,13105124,RELIANCE_NS
2018-05-31,405.1158447265625,421.2102355957031,421.64453125,418.10150146484375,421.0502014160156,37080158,RELIANCE_NS
2018-06-01,409.1610107421875,425.4161682128906,427.7934265136719,419.8844299316406,420.5930480957031,19174278,RELIANCE_NS
2018-06-04,413.6899108886719,430.1249694824219,431.5650329589844,425.4161682128906,426.7190856933594,12250151,RELIANCE_NS
2018-06-05,416.67987060546875,433.23370361328125,436.5938720703125,430.19354248046875,431.0164489746094,17436812,RELIANCE_NS
2018-06-06,419.6478271484375,436.319580078125,437.051025390625,430.9478759765625,432.9365539550781,9164022,RELIANCE_NS
2018-06-07,427.1006774902344,444.06854248046875,446.1943664550781,436.3424377441406,436.54815673828125,14999572,RELIANCE_NS
2018-06-08,432.8167724609375,450.01171875,451.0174560546875,439.15399169921875,441.78271484375,14289325,RELIANCE_NS
2018-06-11,432.0693054199219,449.2345275878906,457.14349365234375,447.5887145996094,451.2689208984375,15018718,RELIANCE_NS
2018-06-12,438.44488525390625,455.8634338378906,457.1663513183594,448.1601867675781,449.577392578125,16285583,RELIANCE_NS
2018-06-13,440.7972717285156,458.30926513671875,459.8636474609375,452.3661193847656,457.1663513183594,12962502,RELIANCE_NS
2018-06-14,443.19366455078125,460.80084228515625,462.5609130859375,451.40606689453125,456.0005798339844,11997529,RELIANCE_NS
2018-06-15,445.9417419433594,463.6581115722656,467.9097595214844,456.823486328125,459.90936279296875,24705890,RELIANCE_NS
2018-06-18,446.53533935546875,464.2752990722656,466.5154113769531,460.36651611328125,461.1894226074219,12363932,RELIANCE_NS
2018-06-19,437.9612731933594,455.3605651855469,463.93243408203125,454.2633361816406,463.5209655761719,13881382,RELIANCE_NS
2018-06-20,448.1622314453125,465.966796875,467.6354675292969,454.81195068359375,455.3376770019531,15735681,RELIANCE_NS
2018-06-21,453.7464294433594,471.7728271484375,473.6243591308594,466.90399169921875,467.88690185546875,22988909,RELIANCE_NS
2018-06-22,445.19427490234375,462.8809509277344,470.515625,461.0294189453125,470.1498718261719,35370008,RELIANCE_NS
2018-06-25,441.65472412109375,459.20074462890625,464.7095947265625,458.21783447265625,462.3780517578125,11369371,RELIANCE_NS
2018-06-26,430.4423828125,447.5429992675781,459.90936279296875,445.85150146484375,459.90936279296875,17649122,RELIANCE_NS
2018-06-27,427.5212097167969,441.55413818359375,450.4917297363281,440.1140441894531,447.3372802734375,19595831,RELIANCE_NS
2018-06-28,418.2701110839844,431.9993591308594,442.765625,429.87353515625,439.7940368652344,18770484,RELIANCE_NS
2018-06-29,430.4425964355469,444.5714111328125,445.9657897949219,433.8508605957031,433.8965759277344,17425606,RELIANCE_NS
2018-07-02,425.19732666015625,439.15399169921875,444.52569580078125,437.5082092285156,444.52569580078125,14570004,RELIANCE_NS
2018-07-03,429.93359375,444.0456848144531,447.3144226074219,439.0397033691406,441.16552734375,11084063,RELIANCE_NS
2018-07-04,438.2551574707031,452.6404113769531,453.509033203125,443.9085388183594,444.2742614746094,10938521,RELIANCE_NS
2018-07-05,426.92364501953125,440.93695068359375,461.0065612792969,438.23968505859375,455.79486083984375,40946479,RELIANCE_NS
2018-07-06,432.7000732421875,446.9029846191406,449.39453125,440.93695068359375,441.0512390136719,20039239,RELIANCE_NS
2018-07-09,441.3536376953125,455.840576171875,457.1663513183594,449.62310791015625,451.2689208984375,11309207,RELIANCE_NS
2018-07-10,454.0130920410156,468.91552734375,470.1955871582031,457.1663513183594,458.4235534667969,22846197,RELIANCE_NS
2018-07-11,459.8116149902344,474.9044189453125,475.8644714355469,465.3267822265625,468.59552001953125,18953870,RELIANCE_NS
2018-07-12,479.0884704589844,494.8139953613281,502.4258117675781,476.6416320800781,477.4416809082031,52736376,RELIANCE_NS
2018-07-13,486.8125305175781,502.79156494140625,506.99749755859375,493.7396545410156,493.96826171875,39301408,RELIANCE_NS
2018-07-16,476.3662414550781,492.00244140625,506.9517822265625,490.5623474121094,502.79156494140625,14427529,RELIANCE_NS
2018-07-17,483.5148620605469,499.38568115234375,501.0314636230469,488.9851379394531,492.9624938964844,14150770,RELIANCE_NS
2018-07-18,483.6033630371094,499.47711181640625,504.9859619140625,492.50531005859375,502.1515197753906,10241565,RELIANCE_NS
2018-07-19,489.0478210449219,505.1002502441406,509.740478515625,496.6426696777344,499.8199768066406,11885426,RELIANCE_NS
2018-07-20,499.5826416015625,515.9808349609375,520.48388671875,508.3232727050781,509.009033203125,17538801,RELIANCE_NS
2018-07-23,495.88653564453125,512.1634521484375,516.5065307617188,508.87188720703125,516.5065307617188,12779803,RELIANCE_NS
2018-07-24,491.7479248046875,507.88897705078125,515.1121826171875,506.2660217285156,512.940673828125,9775749,RELIANCE_NS
2018-07-25,493.6069641113281,509.8090515136719,513.3978271484375,504.8031005859375,507.45465087890625,13014255,RELIANCE_NS
2018-07-26,491.6150817871094,507.7518005371094,512.7120971679688,506.4488830566406,507.5003662109375,14053674,RELIANCE_NS
2018-07-27,500.11376953125,516.5294189453125,519.9810180664062,508.43756103515625,511.7977294921875,14610585,RELIANCE_NS
2018-07-30,509.6527099609375,526.38134765625,529.07861328125,515.6836547851562,516.5979614257812,30344461,RELIANCE_NS
2018-07-31,524.9678955078125,542.1992797851562,544.2108154296875,524.4384155273438,526.198486328125,30350826,RELIANCE_NS
2018-08-01,527.778564453125,545.102294921875,549.9254150390625,541.9249877929688,544.2108154296875,21227054,RELIANCE_NS
2018-08-02,517.1553344726562,534.1303100585938,544.7137451171875,533.0331420898438,544.7137451171875,13668930,RELIANCE_NS
2018-08-03,520.9620361328125,538.0619506835938,541.056396484375,534.6788940429688,537.1704711914062,14536058,RELIANCE_NS
2018-08-06,527.88916015625,545.2166137695312,546.7709350585938,537.3305053710938,537.9476318359375,8785462,RELIANCE_NS
2018-08-07,524.1710815429688,541.3764038085938,549.2396850585938,538.0847778320312,546.26806640625,8879612,RELIANCE_NS
2018-08-08,538.9994506835938,556.6914672851562,558.8858642578125,541.7421264648438,541.7421264648438,17307566,RELIANCE_NS
2018-08-09,539.1101684570312,556.8057861328125,563.091796875,554.0856323242188,558.4287109375,14976885,RELIANCE_NS
2018-08-10,533.0238037109375,550.5197143554688,555.4571533203125,549.651123046875,553.6284790039062,7833494,RELIANCE_NS
2018-08-13,525.7203979492188,542.9765014648438,548.5767822265625,540.690673828125,547.4795532226562,10211072,RELIANCE_NS
2018-08-14,535.8567504882812,553.4456176757812,556.462890625,541.422119140625,544.0279541015625,11592139,RELIANCE_NS
2018-08-16,531.5187377929688,548.96533203125,555.914306640625,546.5423583984375,550.08544921875,13086024,RELIANCE_NS
2018-08-17,532.8246459960938,550.3140258789062,555.6400146484375,548.6224975585938,552.714111328125,8379864,RELIANCE_NS
2018-08-20,546.61279296875,564.5547485351562,565.42333984375,552.096923828125,552.2112426757812,16639535,RELIANCE_NS
2018-08-21,552.0571899414062,570.1778564453125,572.1436767578125,560.943115234375,565.6290893554688,15923396,RELIANCE_NS
2018-08-23,561.9059448242188,580.349853515625,582.429931640625,566.1548461914062,569.7664184570312,17429373,RELIANCE_NS
2018-08-24,565.4691162109375,584.030029296875,585.1500854492188,576.052490234375,578.4297485351562,14550512,RELIANCE_NS
2018-08-27,571.6660766601562,590.4303588867188,592.4190063476562,584.6015014648438,584.8986206054688,12188510,RELIANCE_NS
2018-08-28,583.838623046875,603.00244140625,604.8311157226562,592.0304565429688,592.4876098632812,19018790,RELIANCE_NS
2018-08-29,572.8611450195312,591.6646728515625,607.5740966796875,589.8360595703125,601.76806640625,24230135,RELIANCE_NS
2018-08-30,564.1190795898438,582.6356811523438,593.0133666992188,580.8070068359375,591.390380859375,21545859,RELIANCE_NS
2018-08-31,549.6005859375,567.640625,580.6012573242188,565.3319091796875,580.6012573242188,33479841,RELIANCE_NS
2018-09-03,544.0675659179688,561.926025390625,575.069580078125,560.5087890625,569.172119140625,26686176,RELIANCE_NS
2018-09-04,549.7333374023438,567.7777709960938,573.65234375,561.8574829101562,564.6690063476562,19333815,RELIANCE_NS
2018-09-05,543.115966796875,560.943115234375,572.66943359375,552.4855346679688,568.0291748046875,22584608,RELIANCE_NS
2018-09-06,558.3426513671875,576.6696166992188,578.6354370117188,560.1887817382812,562.3831787109375,24487897,RELIANCE_NS
2018-09-07,565.9560546875,584.5328979492188,585.7901000976562,573.5151977539062,578.2697143554688,23389269,RELIANCE_NS
2018-09-10,555.8859252929688,574.1323852539062,583.8014526367188,571.503662109375,582.8870849609375,15440786,RELIANCE_NS
2018-09-11,547.8521728515625,565.8347778320312,579.8698120117188,564.257568359375,575.5724487304688,23787332,RELIANCE_NS
2018-09-12,554.4032592773438,572.6008911132812,575.435302734375,561.7888793945312,572.2808227539062,17642490,RELIANCE_NS
2018-09-14,554.6909790039062,572.8980102539062,583.161376953125,570.3836059570312,575.7553100585938,17233514,RELIANCE_NS
2018-09-17,542.6290283203125,560.4402465820312,571.8008422851562,558.4744262695312,571.8008422851562,14773803,RELIANCE_NS
2018-09-18,538.7559814453125,556.4400024414062,566.6119995117188,555.1599731445312,560.4859619140625,16660044,RELIANCE_NS
2018-09-19,535.9231567382812,553.51416015625,559.5715942382812,549.0568237304688,559.5715942382812,24642640,RELIANCE_NS
2018-09-21,538.9108276367188,556.6000366210938,565.6976318359375,541.056396484375,557.2857666015625,41713856,RELIANCE_NS
2018-09-24,545.3514404296875,563.2518310546875,566.840576171875,550.6568603515625,555.2056884765625,22098277,RELIANCE_NS
2018-09-25,544.7094116210938,562.5889282226562,569.172119140625,546.3137817382812,564.8290405273438,21250513,RELIANCE_NS
2018-09-26,553.9161987304688,572.0979614257812,573.2637329101562,561.01171875,566.4291381835938,13992341,RELIANCE_NS
2018-09-27,554.9564819335938,573.1723022460938,577.401123046875,565.7433471679688,573.7437744140625,23642923,RELIANCE_NS
2018-09-28,556.8154907226562,575.0924072265625,581.3784790039062,570.2235717773438,575.98388671875,24220992,RELIANCE_NS
2018-10-01,545.1963500976562,563.091796875,574.9781494140625,550.4282836914062,574.9781494140625,16039441,RELIANCE_NS
2018-10-03,533.422119140625,550.93115234375,566.7034301757812,548.6224975585938,562.0860595703125,16135428,RELIANCE_NS
2018-10-04,496.74969482421875,513.054931640625,544.2108154296875,505.6259765625,543.7993774414062,50774608,RELIANCE_NS
2018-10-05,464.2601318359375,479.4989318847656,509.87762451171875,474.60723876953125,502.6544189453125,47998260,RELIANCE_NS
2018-10-08,491.061767578125,507.18035888671875,510.6548156738281,468.8469543457031,480.0246887207031,53983473,RELIANCE_NS
2018-10-09,482.49676513671875,498.3341979980469,513.5349731445312,494.28826904296875,512.7806396484375,24042005,RELIANCE_NS
2018-10-10,487.8305358886719,503.8430480957031,510.12908935546875,495.7054748535156,500.0942687988281,20784941,RELIANCE_NS
2018-10-11,481.5008544921875,497.3055725097656,509.6261901855469,476.82452392578125,486.4250183105469,28926389,RELIANCE_NS
2018-10-12,498.65301513671875,515.020751953125,516.1408081054688,503.7516174316406,505.1459655761719,19814528,RELIANCE_NS
2018-10-15,504.4958190917969,521.0553588867188,524.3240966796875,511.1805725097656,516.55224609375,19406012,RELIANCE_NS
2018-10-16,515.1412353515625,532.0502319335938,533.6959838867188,521.1696166992188,523.9126586914062,16358598,RELIANCE_NS
2018-10-17,509.6083068847656,526.3356323242188,539.1591186523438,521.1696166992188,538.9991455078125,27967162,RELIANCE_NS
2018-10-19,487.4764709472656,503.477294921875,507.9118347167969,489.28228759765625,502.88299560546875,55606079,RELIANCE_NS
2018-10-22,470.3684997558594,485.8078308105469,509.6490478515625,483.3848571777344,507.45465087890625,28798142,RELIANCE_NS
2018-10-23,466.84954833984375,482.1733703613281,486.7450256347656,477.1216735839844,481.2818908691406,23128845,RELIANCE_NS
2018-10-24,462.8879089355469,478.08172607421875,491.8881530761719,471.5213928222656,491.4081115722656,29869514,RELIANCE_NS
2018-10-25,456.2705078125,471.2470703125,475.75018310546875,464.66387939453125,473.6243591308594,30833933,RELIANCE_NS
2018-10-26,462.5116882324219,477.693115234375,483.224853515625,467.2240295410156,472.2071228027344,20085933,RELIANCE_NS
2018-10-29,481.5008544921875,497.3055725097656,500.0714111328125,478.1960144042969,478.1960144042969,16781215,RELIANCE_NS
2018-10-30,467.86767578125,483.224853515625,496.25408935546875,480.9847106933594,496.25408935546875,19263668,RELIANCE_NS
2018-10-31,469.74884033203125,485.16778564453125,487.270751953125,478.6531677246094,484.13916015625,35999348,RELIANCE_NS
2018-11-01,467.53564453125,482.8819580078125,488.20794677734375,480.0246887207031,488.20794677734375,20552752,RELIANCE_NS
2018-11-02,475.79083251953125,491.4081115722656,494.19683837890625,486.0364074707031,487.7965087890625,36739798,RELIANCE_NS
2018-11-05,482.607421875,498.448486328125,499.5456848144531,486.8821716308594,490.7452392578125,16585905,RELIANCE_NS
2018-11-06,488.7158508300781,504.75738525390625,508.3689880371094,499.04278564453125,500.1399841308594,18886485,RELIANCE_NS
2018-11-07,491.6372375488281,507.774658203125,509.740478515625,505.9460144042969,509.740478515625,2808599,RELIANCE_NS
2018-11-09,484.00177001953125,499.8885498046875,509.19189453125,496.0255126953125,505.74029541015625,23712291,RELIANCE_NS
2018-11-12,478.0482482910156,493.7396545410156,502.3343811035156,491.24810791015625,501.8315124511719,12690610,RELIANCE_NS
2018-11-13,486.6575927734375,502.6315612792969,504.2544860839844,489.19085693359375,490.9966735839844,14899604,RELIANCE_NS
2018-11-14,485.9936218261719,501.94580078125,508.6661376953125,496.25408935546875,505.1916809082031,17034346,RELIANCE_NS
2018-11-15,485.5067138671875,501.44293212890625,504.2544860839844,496.71124267578125,501.4886474609375,14943663,RELIANCE_NS
2018-11-16,499.029296875,515.4093627929688,516.5751342773438,501.5572204589844,501.94580078125,24131016,RELIANCE_NS
2018-11-19,509.0328369140625,525.7413330078125,526.5184936523438,517.05517578125,517.9237670898438,15987574,RELIANCE_NS
2018-11-20,503.45562744140625,519.9810180664062,528.4385986328125,516.5979614257812,523.4555053710938,12511640,RELIANCE_NS
2018-11-21,492.6110534667969,508.7804260253906,523.68408203125,506.10601806640625,520.0267333984375,16422494,RELIANCE_NS
2018-11-22,488.1625671386719,504.1859130859375,514.47216796875,502.9287109375,509.51190185546875,12670591,RELIANCE_NS
2018-11-26,491.2167053222656,507.3403625488281,510.8833923339844,501.6943664550781,506.99749755859375,13969873,RELIANCE_NS
2018-11-27,499.3833923339844,515.7750854492188,516.5979614257812,505.3745422363281,506.4945983886719,14896607,RELIANCE_NS
2018-11-28,510.2058410644531,526.9528198242188,529.2843627929688,514.906494140625,517.718017578125,17507771,RELIANCE_NS
2018-11-29,517.2216796875,534.1989135742188,539.4105834960938,530.31298828125,530.7701416015625,27640198,RELIANCE_NS
2018-11-30,516.8012084960938,533.7645874023438,542.1992797851562,531.3644409179688,535.9360961914062,23443212,RELIANCE_NS
2018-12-03,511.887939453125,528.6900634765625,537.124755859375,525.0555419921875,537.124755859375,12182825,RELIANCE_NS
2018-12-04,510.0508728027344,526.7927856445312,529.3986206054688,522.1754150390625,529.3986206054688,11358720,RELIANCE_NS
2018-12-05,511.3125305175781,528.095703125,529.764404296875,520.849609375,522.884033203125,12729759,RELIANCE_NS
2018-12-06,497.3694152832031,513.6950073242188,525.2841186523438,511.2262878417969,525.2841186523438,12831451,RELIANCE_NS
2018-12-07,501.86212158203125,518.335205078125,519.7752685546875,506.7003173828125,516.3465576171875,15779984,RELIANCE_NS
2018-12-10,482.5853271484375,498.4256286621094,509.42047119140625,495.1568908691406,507.45465087890625,20521072,RELIANCE_NS
2018-12-11,485.8165588378906,501.762939453125,503.8430480957031,482.3105163574219,487.3393249511719,29518062,RELIANCE_NS
2018-12-12,491.5487060546875,507.6832275390625,509.05474853515625,497.28271484375,502.4258117675781,27572962,RELIANCE_NS
2018-12-13,490.0216369628906,506.10601806640625,515.6836547851562,500.6200256347656,515.6836547851562,20337275,RELIANCE_NS
2018-12-14,492.30120849609375,508.4604187011719,509.69476318359375,499.13421630859375,504.3002014160156,15795834,RELIANCE_NS
2018-12-17,500.1358337402344,516.55224609375,517.969482421875,508.1404113769531,510.1748046875,11077711,RELIANCE_NS
2018-12-18,503.0130920410156,519.5238647460938,520.7124633789062,512.2548828125,513.5349731445312,12841994,RELIANCE_NS
2018-12-19,503.1900939941406,519.7067260742188,524.5069580078125,518.0609130859375,521.8554077148438,16118419,RELIANCE_NS
2018-12-20,499.4941101074219,515.889404296875,517.7409057617188,510.2662353515625,512.4834594726562,12609700,RELIANCE_NS
2018-12-21,486.989501953125,502.97442626953125,517.16943359375,501.0543212890625,514.3121337890625,18115814,RELIANCE_NS
2018-12-24,482.098388671875,497.9227294921875,504.3459167480469,496.7341003417969,503.29443359375,9065704,RELIANCE_NS
2018-12-26,486.170654296875,502.128662109375,502.88299560546875,487.1793212890625,496.3912353515625,15771193,RELIANCE_NS
2018-12-27,495.84228515625,512.1177368164062,515.2265014648438,504.711669921875,506.1745910644531,27294221,RELIANCE_NS
2018-12-28,498.21038818359375,514.5635986328125,518.9981079101562,512.5748901367188,514.5407104492188,16768547,RELIANCE_NS
2018-12-31,496.3070373535156,512.5977783203125,518.3580932617188,510.2890930175781,517.0322875976562,15799099,RELIANCE_NS
2019-01-01,496.1964111328125,512.4834594726562,515.3636474609375,507.5003662109375,514.4264526367188,9746670,RELIANCE_NS
2019-01-02,489.7339172363281,505.8088684082031,515.2265014648438,503.34014892578125,509.51190185546875,15628818,RELIANCE_NS
2019-01-03,483.69189453125,499.56854248046875,509.5576171875,498.3570556640625,506.3117370605469,16288287,RELIANCE_NS
2019-01-04,486.3034362792969,502.26580810546875,504.9173889160156,494.2425537109375,501.6943664550781,18516544,RELIANCE_NS
2019-01-07,489.00347900390625,505.0545349121094,511.3177185058594,503.34014892578125,506.0831604003906,12060290,RELIANCE_NS
2019-01-08,488.9592590332031,505.0088195800781,507.4317932128906,501.0543212890625,505.21453857421875,12304389,RELIANCE_NS
2019-01-09,491.6593322753906,507.7975158691406,510.6548156738281,502.2886657714844,508.3689880371094,12614237,RELIANCE_NS
2019-01-10,490.22076416015625,506.3117370605469,507.9118347167969,504.2544860839844,506.426025390625,8925160,RELIANCE_NS
2019-01-11,486.0378723144531,501.99151611328125,509.19189453125,497.6712951660156,506.3574523925781,14139060,RELIANCE_NS
2019-01-14,485.4845886230469,501.4200744628906,503.111572265625,496.66552734375,500.59716796875,8994060,RELIANCE_NS
2019-01-15,500.0252380371094,516.43798828125,517.5123291015625,505.1688232421875,505.1688232421875,22011407,RELIANCE_NS
2019-01-16,502.7917785644531,519.2952880859375,523.4555053710938,516.7579956054688,518.8837890625,13961606,RELIANCE_NS
2019-01-17,502.14996337890625,518.6323852539062,524.78125,516.5979614257812,523.2040405273438,16379077,RELIANCE_NS
2019-01-18,524.237548828125,541.4449462890625,543.9822387695312,518.9981079101562,525.1926879882812,56181172,RELIANCE_NS
2019-01-21,547.8521728515625,565.8347778320312,566.8634033203125,543.4107666015625,545.8566284179688,48206814,RELIANCE_NS
2019-01-22,546.7234497070312,564.6690063476562,570.0635986328125,557.56005859375,563.6175537109375,36207430,RELIANCE_NS
2019-01-23,542.8060913085938,560.6231079101562,568.806396484375,558.6572875976562,563.8232421875,19313542,RELIANCE_NS
2019-01-24,552.1679077148438,570.2921752929688,572.9208984375,557.7886962890625,560.02880859375,28775487,RELIANCE_NS
2019-01-25,551.526123046875,569.6292724609375,578.1782836914062,564.7833251953125,571.6636962890625,18703992,RELIANCE_NS
2019-01-28,544.2447509765625,562.10888671875,574.1781005859375,558.8401489257812,571.6865234375,18744303,RELIANCE_NS
2019-01-29,535.8788452148438,553.4684448242188,563.0689697265625,549.216796875,562.7717895507812,20405845,RELIANCE_NS
2019-01-30,529.2614135742188,546.6337890625,560.02880859375,544.5308227539062,555.4571533203125,17164298,RELIANCE_NS
2019-01-31,543.182373046875,561.01171875,562.177490234375,549.0568237304688,549.5139770507812,22279301,RELIANCE_NS
2019-02-01,553.2744140625,571.43505859375,573.7437744140625,560.9660034179688,564.143310546875,20187323,RELIANCE_NS
2019-02-04,571.4004516601562,590.1560668945312,592.9219360351562,567.823486328125,570.08642578125,25528059,RELIANCE_NS
2019-02-05,571.6881713867188,590.4531860351562,596.3278198242188,584.5328979492188,590.658935546875,20479210,RELIANCE_NS
2019-02-06,579.9654541015625,599.002197265625,602.38525390625,591.6875610351562,592.6018676757812,20586783,RELIANCE_NS
2019-02-07,571.1791381835938,589.927490234375,604.0081787109375,587.961669921875,599.002197265625,20150710,RELIANCE_NS
2019-02-08,565.5576171875,584.1214599609375,594.5448608398438,581.6298828125,587.3673095703125,14230054,RELIANCE_NS
2019-02-11,554.7351684570312,572.9437255859375,583.3442993164062,571.9151000976562,583.298583984375,16457901,RELIANCE_NS
2019-02-12,556.1294555664062,574.3837890625,581.6755981445312,572.1436767578125,572.1436767578125,13998153,RELIANCE_NS
2019-02-14,541.8765869140625,559.6630249023438,567.3434448242188,556.82861328125,567.3434448242188,14496604,RELIANCE_NS
2019-02-15,550.8399658203125,568.920654296875,571.4122314453125,554.9999389648438,562.2003173828125,20994460,RELIANCE_NS
2019-02-18,540.061767578125,557.7886962890625,572.6008911132812,555.4571533203125,571.4579467773438,21106139,RELIANCE_NS
2019-02-19,538.2911987304688,555.9600219726562,566.7491455078125,553.7199096679688,556.82861328125,13658461,RELIANCE_NS
2019-02-20,546.3693237304688,564.3032836914062,566.8862915039062,557.2857666015625,559.5030517578125,13776558,RELIANCE_NS
2019-02-21,551.9243774414062,570.0407104492188,575.0238647460938,562.0174560546875,565.0576171875,23142949,RELIANCE_NS
2019-02-22,545.4840698242188,563.3889770507812,569.3092651367188,560.4859619140625,568.9892578125,19152470,RELIANCE_NS
2019-02-25,545.4619140625,563.3660888671875,568.2578125,558.0401000976562,565.0576171875,17176522,RELIANCE_NS
2019-02-26,540.1281127929688,557.8572387695312,564.509033203125,551.3426513671875,552.9426879882812,22160532,RELIANCE_NS
2019-02-27,541.5665893554688,559.343017578125,569.1264038085938,552.714111328125,561.4231567382812,24308835,RELIANCE_NS
2019-02-28,544.90869140625,562.7946166992188,566.8176879882812,560.7373657226562,564.0289916992188,24688859,RELIANCE_NS
2019-03-01,542.6954345703125,560.5087890625,567.9606323242188,558.7716064453125,565.5147705078125,17329606,RELIANCE_NS
2019-03-05,547.8300170898438,565.8119506835938,566.7948608398438,557.1029052734375,559.2973022460938,15577500,RELIANCE_NS
2019-03-06,559.84765625,578.2239990234375,582.0184936523438,564.6461791992188,566.7948608398438,26332276,RELIANCE_NS
2019-03-07,562.2600708007812,580.715576171875,585.0814819335938,575.183837890625,577.8582763671875,17738092,RELIANCE_NS
2019-03-08,560.86572265625,579.2755126953125,582.6356811523438,576.9439697265625,578.7954711914062,13211934,RELIANCE_NS
2019-03-11,577.243408203125,596.190673828125,599.80224609375,579.6869506835938,580.6241455078125,21258869,RELIANCE_NS
2019-03-12,589.3051147460938,608.6484375,609.8599243164062,600.8308715820312,602.0423583984375,24561597,RELIANCE_NS
2019-03-13,596.3652954101562,615.9402465820312,621.7462158203125,607.1626586914062,611.2314453125,24577591,RELIANCE_NS
2019-03-14,593.820068359375,613.3115234375,622.6605834960938,610.8199462890625,617.060302734375,22753310,RELIANCE_NS
2019-03-15,585.0115966796875,604.2139282226562,621.1976318359375,599.4365234375,614.8887329101562,34764353,RELIANCE_NS
2019-03-18,597.58251953125,617.1974487304688,620.80908203125,607.5740966796875,608.4884033203125,22104063,RELIANCE_NS
2019-03-19,609.3123779296875,629.3123779296875,630.8895874023438,614.0201416015625,621.7462158203125,21448030,RELIANCE_NS
2019-03-20,608.8255004882812,628.8094482421875,634.546875,623.5748901367188,629.8837890625,21639437,RELIANCE_NS
2019-03-22,593.9085693359375,613.4029541015625,631.301025390625,611.0942993164062,627.4608154296875,25078643,RELIANCE_NS
2019-03-25,586.2509765625,605.4939575195312,611.162841796875,601.950927734375,608.3055419921875,17394088,RELIANCE_NS
2019-03-26,605.1959228515625,625.0607299804688,627.0493774414062,608.03125,608.1683959960938,20734876,RELIANCE_NS
2019-03-27,597.2283935546875,616.8317260742188,629.952392578125,614.5458984375,629.952392578125,22079870,RELIANCE_NS
2019-03-28,601.9866333007812,621.7462158203125,626.2265014648438,613.8829956054688,617.2888793945312,22930248,RELIANCE_NS
2019-04-01,616.0847778320312,636.3070068359375,643.1416015625,622.9120483398438,626.3179321289062,22088854,RELIANCE_NS
2019-04-02,615.133056640625,635.3240966796875,641.4501342773438,630.935302734375,639.1185913085938,17526740,RELIANCE_NS
2019-04-03,608.7149047851562,628.6951904296875,641.4044189453125,627.2322387695312,636.7184448242188,17169813,RELIANCE_NS
2019-04-04,598.910400390625,618.5689697265625,632.5811157226562,615.9173583984375,630.4324340820312,18320845,RELIANCE_NS
2019-04-05,599.28662109375,618.95751953125,623.5291748046875,613.9744262695312,622.1805419921875,14717266,RELIANCE_NS
2019-04-08,588.3756103515625,607.6883544921875,620.6033325195312,605.151123046875,619.9176025390625,19081843,RELIANCE_NS
2019-04-09,590.67724609375,610.065673828125,612.9229125976562,603.916748046875,607.5283813476562,20774977,RELIANCE_NS
2019-04-10,589.3272705078125,608.6712646484375,616.26025390625,606.43115234375,611.6657104492188,16651949,RELIANCE_NS
2019-04-11,596.1439819335938,615.711669921875,618.5460815429688,607.5740966796875,609.3798828125,12558520,RELIANCE_NS
2019-04-12,594.5061645507812,614.0201416015625,620.3290405273438,611.0714111328125,617.174560546875,12948769,RELIANCE_NS
2019-04-15,593.2003784179688,612.6715087890625,616.694580078125,610.3170776367188,614.8887329101562,9285737,RELIANCE_NS
2019-04-16,594.7938232421875,614.3173217773438,621.7462158203125,612.6029052734375,614.8887329101562,17360317,RELIANCE_NS
2019-04-18,613.4732055664062,633.6097412109375,635.346923828125,624.0321044921875,628.603759765625,39286534,RELIANCE_NS
2019-04-22,595.5021362304688,615.0487670898438,624.9464111328125,613.1972045898438,621.7462158203125,23607922,RELIANCE_NS
2019-04-23,603.6908569335938,623.50634765625,627.6893920898438,615.345947265625,616.26025390625,19807450,RELIANCE_NS
2019-04-24,615.0444946289062,635.232666015625,637.6556396484375,624.603515625,626.455078125,16101112,RELIANCE_NS
2019-04-25,607.4754638671875,627.4151000976562,645.7017822265625,622.9348754882812,635.0498046875,30469914,RELIANCE_NS
2019-04-26,616.505126953125,636.7412719726562,638.181396484375,626.637939453125,628.603759765625,15069884,RELIANCE_NS
2019-04-30,616.505126953125,636.7412719726562,638.3870849609375,624.85498046875,638.3870849609375,22348580,RELIANCE_NS
2019-05-02,621.9276123046875,642.3416137695312,646.3875122070312,631.849609375,636.3755493164062,18992003,RELIANCE_NS
2019-05-03,623.6095581054688,644.0787963867188,648.0333251953125,641.244384765625,643.6673583984375,14240262,RELIANCE_NS
2019-05-06,613.0084228515625,633.1296997070312,641.31298828125,630.0209350585938,639.1185913085938,15832114,RELIANCE_NS
2019-05-07,594.6832885742188,614.2030029296875,637.7470703125,612.6943359375,637.6556396484375,19417647,RELIANCE_NS
2019-05-08,575.18505859375,594.0648193359375,612.6029052734375,590.7503662109375,612.6029052734375,31958919,RELIANCE_NS
2019-05-09,556.1516723632812,574.4066772460938,589.1959838867188,572.2579956054688,589.1959838867188,42670173,RELIANCE_NS
2019-05-10,553.8057861328125,571.9837036132812,584.1214599609375,569.172119140625,578.3154296875,24557430,RELIANCE_NS
2019-05-13,545.3514404296875,563.2518310546875,576.3953247070312,561.1716918945312,570.4979248046875,17603659,RELIANCE_NS
2019-05-14,557.9221801757812,576.2353515625,580.3041381835938,563.0003662109375,565.2861938476562,28438234,RELIANCE_NS
2019-05-15,556.3507080078125,574.6123657226562,584.2586059570312,571.7322387695312,581.9727783203125,24419559,RELIANCE_NS
2019-05-16,560.0911254882812,578.4754638671875,581.4699096679688,575.1610107421875,576.0067749023438,14451308,RELIANCE_NS
2019-05-17,560.9984741210938,579.4126586914062,583.778564453125,572.3722534179688,579.2297973632812,17276949,RELIANCE_NS
2019-05-20,586.8927612304688,606.1568603515625,611.5514526367188,595.9163208007812,600.5337524414062,26979100,RELIANCE_NS
2019-05-21,593.0454711914062,612.511474609375,624.9464111328125,608.0541381835938,609.0370483398438,30343560,RELIANCE_NS
2019-05-22,593.31103515625,612.7857666015625,621.6090698242188,610.36279296875,615.1859130859375,24689918,RELIANCE_NS
2019-05-23,590.4339599609375,609.814208984375,636.3755493164062,605.7454223632812,627.2322387695312,38766006,RELIANCE_NS
2019-05-24,591.7396850585938,611.162841796875,618.9118041992188,601.8594970703125,616.26025390625,22269265,RELIANCE_NS
2019-05-27,580.1426391601562,599.18505859375,611.4600219726562,597.5164184570312,611.2771606445312,16076686,RELIANCE_NS
2019-05-28,585.9410400390625,605.1739501953125,610.2256469726562,600.41943359375,603.3681640625,42594251,RELIANCE_NS
2019-05-29,581.204833984375,600.2822875976562,609.5399169921875,596.2135009765625,603.916748046875,15558515,RELIANCE_NS
2019-05-30,588.596923828125,607.9169921875,613.5172729492188,601.7452392578125,601.7452392578125,23494381,RELIANCE_NS
2019-05-31,588.7740478515625,608.099853515625,613.4715576171875,603.551025390625,611.6428833007812,25724066,RELIANCE_NS
2019-06-03,602.0753173828125,621.8377075195312,625.0607299804688,604.0081787109375,610.3170776367188,18556942,RELIANCE_NS
2019-06-04,598.2906494140625,617.9288940429688,628.2608642578125,616.3059692382812,620.5804443359375,15442761,RELIANCE_NS
2019-06-06,587.53466796875,606.8197631835938,622.6148681640625,603.9624633789062,622.6148681640625,16764835,RELIANCE_NS
2019-06-07,582.0238037109375,601.1280517578125,606.7740478515625,596.8764038085938,606.1797485351562,14722419,RELIANCE_NS
2019-06-10,583.9049682617188,603.0709838867188,606.6597290039062,598.9336547851562,603.8710327148438,11768468,RELIANCE_NS
2019-06-11,588.331298828125,607.6426391601562,610.0885009765625,602.5452880859375,604.3053588867188,11492074,RELIANCE_NS
2019-06-12,589.6593627929688,609.01416015625,611.8714599609375,605.7454223632812,610.179931640625,10297599,RELIANCE_NS
2019-06-13,587.4902954101562,606.7740478515625,610.179931640625,598.270751953125,608.03125,15686169,RELIANCE_NS
2019-06-14,583.1967163085938,602.3395385742188,605.7454223632812,598.6136474609375,604.3281860351562,14942768,RELIANCE_NS
2019-06-17,567.5938110351562,586.2244262695312,603.4595947265625,584.4871826171875,603.4595947265625,14908257,RELIANCE_NS
2019-06-18,567.0183715820312,585.630126953125,588.8074340820312,580.1898193359375,584.6700439453125,16797371,RELIANCE_NS
2019-06-19,565.4027709960938,583.96142578125,595.2305908203125,577.21826171875,588.327392578125,14492763,RELIANCE_NS
2019-06-20,573.9899291992188,592.8304443359375,594.3162841796875,584.2586059570312,585.1729125976562,10748848,RELIANCE_NS
2019-06-21,566.3544921875,584.9443359375,592.4876098632812,583.1385498046875,592.4647216796875,23236832,RELIANCE_NS
2019-06-24,558.7852783203125,577.1268310546875,583.5499877929688,574.703857421875,581.5841674804688,11267228,RELIANCE_NS
2019-06-25,573.5916137695312,592.4190063476562,593.4019165039062,573.40087890625,575.5267333984375,14966899,RELIANCE_NS
2019-06-26,572.8390502929688,591.641845703125,596.4192504882812,588.075927734375,590.2017822265625,11593027,RELIANCE_NS
2019-06-27,563.9862670898438,582.49853515625,592.8990478515625,581.0584106445312,591.1846923828125,24905533,RELIANCE_NS
2019-06-28,554.6687622070312,572.8751831054688,586.4758911132812,570.8407592773438,583.84716796875,18942165,RELIANCE_NS
2019-07-01,561.6403198242188,580.0755615234375,581.812744140625,569.8350219726562,575.1381225585938,13478857,RELIANCE_NS
2019-07-02,565.9118041992188,584.4871826171875,585.630126953125,577.5382690429688,582.4071044921875,10146746,RELIANCE_NS
2019-07-03,567.7044677734375,586.3386840820312,588.14453125,582.9099731445312,586.4987182617188,8806492,RELIANCE_NS
2019-07-04,568.3463745117188,587.0015869140625,590.2017822265625,585.1729125976562,585.81298828125,9351405,RELIANCE_NS
2019-07-05,559.2058715820312,577.5610961914062,589.9732055664062,576.0296020507812,587.5044555664062,10926753,RELIANCE_NS
2019-07-08,554.2039794921875,572.3951416015625,579.732666015625,570.6350708007812,575.1152954101562,14009219,RELIANCE_NS
2019-07-09,566.6199951171875,585.2186279296875,586.7730102539062,569.4006958007812,570.9779052734375,17535754,RELIANCE_NS
2019-07-10,566.0667724609375,584.647216796875,589.4474487304688,580.0069580078125,585.19580078125,12018196,RELIANCE_NS
2019-07-11,567.2618408203125,585.8815307617188,589.6531982421875,584.8529052734375,588.3731079101562,8608376,RELIANCE_NS
2019-07-12,566.797119140625,585.4015502929688,594.3162841796875,584.2814331054688,586.54443359375,15692436,RELIANCE_NS
2019-07-15,564.8495483398438,583.3900146484375,589.5159912109375,580.7612915039062,587.458740234375,10659498,RELIANCE_NS
2019-07-16,572.3300170898438,591.1160888671875,591.9847412109375,583.8242797851562,585.1500854492188,10070773,RELIANCE_NS
2019-07-17,567.3945922851562,586.0186767578125,592.9447631835938,585.1729125976562,591.7103881835938,9482233,RELIANCE_NS
2019-07-18,558.5418701171875,576.8753662109375,588.0988159179688,575.1152954101562,586.0872802734375,11942908,RELIANCE_NS
2019-07-19,552.85400390625,571.0007934570312,581.9498901367188,568.12060546875,579.7783813476562,16336536,RELIANCE_NS
2019-07-22,566.797119140625,585.4015502929688,587.2301635742188,561.0802612304688,571.9151000976562,29092589,RELIANCE_NS
2019-07-23,563.7207641601562,582.2242431640625,591.5275268554688,576.2124633789062,587.458740234375,20316348,RELIANCE_NS
2019-07-24,557.3245849609375,575.6181640625,584.6243286132812,573.0808715820312,582.2013549804688,15189179,RELIANCE_NS
2019-07-25,545.1078491210938,563.0003662109375,580.1669921875,560.943115234375,577.8582763671875,21805071,RELIANCE_NS
2019-07-26,537.2731323242188,554.9085083007812,568.0291748046875,553.1712646484375,563.0003662109375,20387504,RELIANCE_NS
2019-07-29,536.0115966796875,553.6055908203125,558.6572875976562,550.93115234375,556.3257446289062,17626045,RELIANCE_NS
2019-07-30,522.7103881835938,539.8677368164062,557.7429809570312,537.6047973632812,554.9771118164062,20853117,RELIANCE_NS
2019-07-31,516.2256469726562,533.1702880859375,541.7421264648438,531.41015625,537.5133666992188,21229950,RELIANCE_NS
2019-08-01,522.4226684570312,539.5706176757812,543.205078125,525.9013061523438,531.8673095703125,22628222,RELIANCE_NS
2019-08-02,527.38427734375,541.4449462890625,547.799560546875,531.2730102539062,537.490478515625,23766807,RELIANCE_NS
2019-08-05,509.12713623046875,522.701171875,533.5131225585938,515.6836547851562,533.5131225585938,30399133,RELIANCE_NS
2019-08-06,502.42547607421875,515.82080078125,525.5584716796875,512.940673828125,518.76953125,29067994,RELIANCE_NS
2019-08-07,494.0093994140625,507.18035888671875,520.5067749023438,504.3002014160156,514.9979248046875,25349369,RELIANCE_NS
2019-08-08,513.1348266601562,526.815673828125,529.3986206054688,500.73431396484375,506.7003173828125,31198568,RELIANCE_NS
2019-08-09,517.4765014648438,531.2730102539062,537.3990478515625,526.7927856445312,531.1587524414062,21970009,RELIANCE_NS
2019-08-13,567.6387939453125,582.7728271484375,595.5963134765625,560.4859619140625,563.7546997070312,104827144,RELIANCE_NS
2019-08-14,573.6503295898438,588.944580078125,596.3506469726562,585.3329467773438,596.1449584960938,31688983,RELIANCE_NS
2019-08-16,569.0860595703125,584.2586059570312,590.5675048828125,581.9727783203125,590.293212890625,21977767,RELIANCE_NS
2019-08-19,575.5873413085938,590.9332275390625,592.8533325195312,585.1729125976562,585.6529541015625,16317602,RELIANCE_NS
2019-08-20,568.1732177734375,583.3214111328125,590.9332275390625,581.7899169921875,589.6531982421875,14969299,RELIANCE_NS
2019-08-21,565.9467163085938,581.0355834960938,584.5557861328125,579.001220703125,583.1842651367188,10677848,RELIANCE_NS
2019-08-22,555.1705932617188,569.97216796875,581.0584106445312,566.3834228515625,581.0355834960938,14031953,RELIANCE_NS
2019-08-23,568.1287231445312,583.2756958007812,587.0015869140625,560.7145385742188,566.4291381835938,21307915,RELIANCE_NS
2019-08-26,564.0988159179688,579.1383666992188,591.5732421875,575.5724487304688,591.5732421875,19202504,RELIANCE_NS
2019-08-27,567.683349609375,582.8185424804688,587.458740234375,576.5781860351562,587.458740234375,28401906,RELIANCE_NS
2019-08-28,562.5402221679688,577.5382690429688,585.630126953125,574.2238159179688,582.315673828125,11605488,RELIANCE_NS
2019-08-29,552.9441528320312,567.6863403320312,576.1439208984375,564.7376098632812,574.4066772460938,18890222,RELIANCE_NS
2019-08-30,555.97216796875,570.7950439453125,573.469482421875,558.2001342773438,569.4006958007812,24735240,RELIANCE_NS
2019-09-03,537.2030029296875,551.5255126953125,568.2578125,548.599609375,567.9149169921875,18730619,RELIANCE_NS
2019-09-04,534.8651733398438,549.1253662109375,550.999755859375,542.22216796875,548.85107421875,32949395,RELIANCE_NS
2019-09-05,533.7296142578125,547.9595947265625,554.6342163085938,545.53662109375,551.7083740234375,22995486,RELIANCE_NS
2019-09-06,544.3721313476562,558.8858642578125,561.8574829101562,546.4281005859375,549.9711303710938,23186819,RELIANCE_NS
2019-09-09,544.2385864257812,558.7487182617188,563.6860961914062,554.6113891601562,558.0401000976562,11747929,RELIANCE_NS
2019-09-11,549.671142578125,564.326171875,566.8862915039062,558.8858642578125,558.8858642578125,12127900,RELIANCE_NS
2019-09-12,538.9618530273438,553.331298828125,567.0919799804688,551.2055053710938,564.6004638671875,11880005,RELIANCE_NS
2019-09-13,545.7526245117188,560.3031005859375,561.6288452148438,551.7540893554688,554.0856323242188,12947715,RELIANCE_NS
2019-09-16,539.1400756835938,553.51416015625,557.3314819335938,542.2449951171875,543.57080078125,20547730,RELIANCE_NS
2019-09-17,533.2175903320312,547.433837890625,553.6284790039062,545.6280517578125,553.6284790039062,15640772,RELIANCE_NS
2019-09-18,536.8912963867188,551.2055053710938,556.0514526367188,547.319580078125,550.8626098632812,14933909,RELIANCE_NS
2019-09-19,525.024169921875,539.02197265625,553.0341186523438,536.0961303710938,552.1883544921875,13766222,RELIANCE_NS
2019-09-20,558.5546875,573.4465942382812,580.5555419921875,536.8504638671875,543.0907592773438,48165560,RELIANCE_NS
2019-09-23,551.8086547851562,566.5205688476562,585.630126953125,564.6004638671875,582.49853515625,21610844,RELIANCE_NS
2019-09-24,569.3977661132812,584.57861328125,593.7676391601562,568.1434936523438,568.5321044921875,34958974,RELIANCE_NS
2019-09-25,569.7761840820312,584.9672241210938,592.0304565429688,580.0755615234375,587.0015869140625,18192270,RELIANCE_NS
2019-09-26,577.45751953125,592.8533325195312,593.7676391601562,586.7730102539062,590.658935546875,18350457,RELIANCE_NS
2019-09-27,582.9124145507812,598.45361328125,601.1737670898438,587.0015869140625,590.8875122070312,19058663,RELIANCE_NS
2019-09-30,593.2432861328125,609.0598754882812,610.6599731445312,596.853515625,598.887939453125,25263770,RELIANCE_NS
2019-10-01,581.064453125,596.556396484375,613.5172729492188,591.2532348632812,611.2314453125,17920384,RELIANCE_NS
2019-10-03,583.802978515625,599.3679809570312,601.03662109375,585.7672729492188,587.9159545898438,13524851,RELIANCE_NS
2019-10-04,582.4893798828125,598.019287109375,607.3912353515625,596.0763549804688,603.4138793945312,14992253,RELIANCE_NS
2019-10-07,583.3800048828125,598.9336547851562,603.8253173828125,595.0934448242188,598.019287109375,10061584,RELIANCE_NS
2019-10-09,589.9035034179688,605.631103515625,608.0084228515625,590.8875122070312,598.2936401367188,17588647,RELIANCE_NS
2019-10-10,606.82470703125,623.0034790039062,625.8607177734375,603.916748046875,605.7454223632812,35006390,RELIANCE_NS
2019-10-11,602.3051147460938,618.3632202148438,624.306396484375,611.0256958007812,623.437744140625,16597126,RELIANCE_NS
2019-10-14,604.7095947265625,620.8319091796875,624.0092163085938,617.5631713867188,624.0092163085938,13394275,RELIANCE_NS
2019-10-15,607.4482421875,623.6434936523438,626.3179321289062,619.140380859375,622.88916015625,9672791,RELIANCE_NS
2019-10-16,611.0995483398438,627.3922729492188,630.7295532226562,623.437744140625,626.272216796875,19403660,RELIANCE_NS
2019-10-17,621.8534545898438,638.4328002929688,639.5757446289062,627.2322387695312,628.603759765625,16038940,RELIANCE_NS
2019-10-18,630.6924438476562,647.507568359375,652.787841796875,639.4385986328125,641.861572265625,28121951,RELIANCE_NS
2019-10-22,629.712890625,646.5018310546875,656.8794555664062,641.5643920898438,651.4620361328125,27786502,RELIANCE_NS
2019-10-23,620.0277099609375,636.5584106445312,651.8963623046875,632.3296508789062,647.4847412109375,18446160,RELIANCE_NS
2019-10-24,639.642822265625,656.6965942382812,658.9595947265625,633.884033203125,640.4900512695312,22642488,RELIANCE_NS
2019-10-25,637.3051147460938,654.2965087890625,658.982421875,645.176025390625,658.8224487304688,13539957,RELIANCE_NS
2019-10-27,638.6632690429688,655.6908569335938,660.6054077148438,653.7478637695312,658.7767333984375,3014841,RELIANCE_NS
2019-10-29,653.26904296875,670.6859130859375,676.606201171875,659.2796020507812,660.833984375,25768505,RELIANCE_NS
2019-10-30,658.6347045898438,676.1947631835938,678.6863403320312,667.6000366210938,676.606201171875,16341366,RELIANCE_NS
2019-10-31,652.0665893554688,669.4515380859375,681.0178833007812,668.2400512695312,678.4348754882812,19463741,RELIANCE_NS
2019-11-01,648.7492065429688,666.045654296875,668.2857666015625,658.7767333984375,665.1770629882812,13904301,RELIANCE_NS
2019-11-04,649.0831298828125,666.3885498046875,672.49169921875,660.651123046875,670.16015625,14063434,RELIANCE_NS
2019-11-05,644.4743041992188,661.6568603515625,671.5545043945312,658.7767333984375,668.880126953125,12685356,RELIANCE_NS
2019-11-06,638.95263671875,655.9879760742188,661.2682495117188,653.0621337890625,659.5538940429688,14625505,RELIANCE_NS
2019-11-07,649.5062255859375,666.8228759765625,668.8343505859375,654.753662109375,656.0337524414062,14084039,RELIANCE_NS
2019-11-08,643.6728515625,660.833984375,667.3028564453125,658.9138793945312,662.43408203125,12019353,RELIANCE_NS
2019-11-11,635.7911376953125,652.7421264648438,660.2625122070312,650.3419799804688,657.9080810546875,11357841,RELIANCE_NS
2019-11-13,655.606689453125,673.0859985351562,674.7318115234375,653.7478637695312,653.7478637695312,25225749,RELIANCE_NS
2019-11-14,651.354248046875,668.7200927734375,677.337646484375,665.5427856445312,674.7775268554688,14258133,RELIANCE_NS
2019-11-15,654.9609985351562,672.4231567382812,679.7149658203125,668.9029541015625,670.0458984375,15691605,RELIANCE_NS
2019-11-18,649.7733154296875,667.09716796875,679.3491821289062,665.3599243164062,673.2460327148438,14076051,RELIANCE_NS
2019-11-19,672.282958984375,690.2069091796875,692.5613403320312,669.7487182617188,670.6630249023438,30176255,RELIANCE_NS
2019-11-20,689.15966796875,707.5335083007812,718.848388671875,705.4991455078125,710.9165649414062,43538120,RELIANCE_NS
2019-11-21,684.6843872070312,702.93896484375,711.350830078125,698.8016357421875,706.322021484375,14897371,RELIANCE_NS
2019-11-22,688.6475219726562,707.0077514648438,717.5225830078125,702.93896484375,704.9962158203125,22352865,RELIANCE_NS
2019-11-25,695.3492431640625,713.8881225585938,715.3739013671875,709.0650024414062,709.1336059570312,15146156,RELIANCE_NS
2019-11-26,694.7703247070312,713.2938232421875,720.6541748046875,711.350830078125,716.882568359375,35330983,RELIANCE_NS
2019-11-27,699.045166015625,717.6826171875,720.265625,711.3965454101562,713.1566772460938,9642739,RELIANCE_NS
2019-11-28,703.698486328125,722.4600219726562,724.2200927734375,714.9853515625,718.962646484375,13747479,RELIANCE_NS
2019-11-29,690.7182006835938,709.1336059570312,723.2142944335938,707.6249389648438,723.2142944335938,18559594,RELIANCE_NS
2019-12-02,706.459228515625,725.29443359375,738.0722045898438,720.9513549804688,731.4661865234375,31225364,RELIANCE_NS
2019-12-03,703.0750122070312,721.8199462890625,728.72314453125,718.9398193359375,728.1517333984375,12990426,RELIANCE_NS
2019-12-04,691.4083251953125,709.8422241210938,721.179931640625,701.1788940429688,719.1226806640625,20987607,RELIANCE_NS
2019-12-05,690.5845947265625,708.9964599609375,722.2085571289062,705.8648681640625,719.579833984375,19942460,RELIANCE_NS
2019-12-06,692.3880615234375,710.8479614257812,716.8368530273438,704.5390625,709.9793701171875,13085234,RELIANCE_NS
2019-12-09,700.269775390625,718.9398193359375,721.1342163085938,707.0077514648438,711.41943359375,12642677,RELIANCE_NS
2019-12-10,695.52734375,714.0709838867188,719.39697265625,710.5050659179688,718.6883544921875,10173333,RELIANCE_NS
2019-12-11,695.7277221679688,714.2767333984375,719.8084106445312,708.8821411132812,711.16796875,12364641,RELIANCE_NS
2019-12-12,698.3104858398438,716.9282836914062,719.5112915039062,711.6480102539062,717.865478515625,10326606,RELIANCE_NS
2019-12-13,704.8562622070312,723.6486206054688,726.89453125,718.848388671875,722.3228149414062,12668303,RELIANCE_NS
2019-12-16,697.5980224609375,716.1968383789062,728.6774291992188,715.168212890625,727.808837890625,11892718,RELIANCE_NS
2019-12-17,695.8613891601562,714.4138793945312,721.8656616210938,711.1451416015625,716.265380859375,20324601,RELIANCE_NS
2019-12-18,701.7169189453125,720.4255981445312,722.3228149414062,714.0938720703125,714.551025390625,14742077,RELIANCE_NS
2019-12-19,716.9014282226562,736.0149536132812,738.2779541015625,718.5740966796875,719.4426879882812,20507816,RELIANCE_NS
2019-12-20,712.070068359375,731.0547485351562,739.4894409179688,729.6832275390625,738.3236694335938,21271510,RELIANCE_NS
2019-12-23,699.7354125976562,718.3912353515625,721.2027587890625,712.1737670898438,713.2252197265625,25107772,RELIANCE_NS
2019-12-24,688.6253051757812,706.9849243164062,718.6883544921875,705.1790771484375,717.248291015625,18048449,RELIANCE_NS
2019-12-26,674.7988891601562,692.7899169921875,709.9564819335938,690.3897705078125,704.79052734375,29761019,RELIANCE_NS
2019-12-27,686.799560546875,705.1105346679688,706.87060546875,695.4871826171875,698.093017578125,17677571,RELIANCE_NS
2019-12-30,687.6233520507812,705.956298828125,707.5335083007812,698.5730590820312,706.75634765625,17123749,RELIANCE_NS
2019-12-31,674.19775390625,692.1727294921875,705.7277221679688,689.4297485351562,704.9505004882812,22203005,RELIANCE_NS
2020-01-01,672.2161865234375,690.1383056640625,698.1387329101562,688.2639770507812,693.978515625,14004468,RELIANCE_NS
2020-01-02,683.6602783203125,701.8875122070312,704.4705200195312,691.2355346679688,691.2355346679688,17710316,RELIANCE_NS
2020-01-03,684.4840698242188,702.7332763671875,704.79052734375,696.2643432617188,700.8359985351562,20984698,RELIANCE_NS
2020-01-06,668.6093139648438,686.435302734375,698.5044555664062,684.835205078125,694.8928833007812,24519177,RELIANCE_NS
2020-01-07,678.8956909179688,696.995849609375,701.5217895507812,691.9212646484375,694.4356689453125,16683622,RELIANCE_NS
2020-01-08,673.7969970703125,691.7612915039062,701.4989013671875,690.3212280273438,692.6070556640625,16047902,RELIANCE_NS
2020-01-09,689.3154907226562,707.6935424804688,708.6078491210938,700.0360107421875,703.3961791992188,14982742,RELIANCE_NS
2020-01-10,689.15966796875,707.5335083007812,712.2423095703125,703.8761596679688,709.4764404296875,12478359,RELIANCE_NS
2020-01-13,687.4007568359375,705.7277221679688,712.585205078125,703.3047485351562,706.3449096679688,18282382,RELIANCE_NS
2020-01-14,681.0331420898438,699.1902465820312,708.6078491210938,695.7386474609375,704.0361938476562,15816535,RELIANCE_NS
2020-01-15,678.5616455078125,696.6529541015625,703.990478515625,694.0928344726562,702.1389770507812,15817859,RELIANCE_NS
2020-01-16,684.8179931640625,703.0761108398438,705.5676879882812,698.5501708984375,699.0073852539062,12847975,RELIANCE_NS
2020-01-17,704.0101928710938,722.780029296875,724.5858154296875,710.07080078125,710.2079467773438,29463471,RELIANCE_NS
2020-01-20,682.3467407226562,700.5388793945312,735.5806884765625,697.8187255859375,735.5806884765625,32545850,RELIANCE_NS
2020-01-21,683.036865234375,701.2474975585938,706.7106323242188,695.8071899414062,698.8245239257812,18922720,RELIANCE_NS
2020-01-22,682.7919311523438,700.9960327148438,707.1220703125,699.9674072265625,705.8648681640625,10322817,RELIANCE_NS
2020-01-23,679.8975830078125,698.0244750976562,704.9276733398438,695.212890625,702.4360961914062,11247739,RELIANCE_NS
2020-01-24,677.5374755859375,695.6015014648438,702.3675537109375,694.22998046875,698.093017578125,14628445,RELIANCE_NS
2020-01-27,670.8580932617188,688.7439575195312,696.92724609375,688.0353393554688,692.5613403320312,13387750,RELIANCE_NS
2020-01-28,655.3617553710938,672.8345947265625,690.3212280273438,669.1087036132812,689.68115234375,24532236,RELIANCE_NS
2020-01-29,658.9686889648438,676.5376586914062,683.1893920898438,669.3143920898438,673.8860473632812,24746565,RELIANCE_NS
2020-01-30,642.8936767578125,660.033935546875,676.4690551757812,658.319580078125,676.1490478515625,22402689,RELIANCE_NS
2020-01-31,628.599609375,645.35888671875,664.3770141601562,643.3245239257812,664.2626953125,34750310,RELIANCE_NS
2020-02-03,616.9551391601562,633.4039916992188,640.0100708007812,623.140625,626.272216796875,30712290,RELIANCE_NS
2020-02-04,635.167724609375,652.1021118164062,654.8908081054688,639.0271606445312,640.0328979492188,25383901,RELIANCE_NS
2020-02-05,645.0086669921875,662.2054443359375,664.1712646484375,653.8850708007812,655.9879760742188,18472100,RELIANCE_NS
2020-02-06,649.1499633789062,666.4570922851562,670.6630249023438,658.3652954101562,664.765625,15538577,RELIANCE_NS
2020-02-07,638.3961181640625,655.4165649414062,663.965576171875,652.970703125,663.348388671875,12209212,RELIANCE_NS
2020-02-10,639.2643432617188,656.3080444335938,660.833984375,644.810302734375,652.8335571289062,15142476,RELIANCE_NS
2020-02-11,646.9012451171875,664.1484375,670.2973022460938,660.6282348632812,661.7025756835938,13999816,RELIANCE_NS
2020-02-12,654.7161865234375,672.1716918945312,674.2518310546875,665.1770629882812,665.7028198242188,13533565,RELIANCE_NS
2020-02-13,656.4304809570312,673.9317626953125,675.5775756835938,668.6514892578125,675.5775756835938,13565659,RELIANCE_NS
2020-02-14,662.4197387695312,680.0806884765625,686.4124145507812,664.3084106445312,675.3489990234375,21227841,RELIANCE_NS
2020-02-17,658.2561645507812,675.80615234375,688.5610961914062,674.0003662109375,680.720703125,13149130,RELIANCE_NS
2020-02-18,653.4246826171875,670.8458862304688,674.7318115234375,666.2742309570312,674.7318115234375,11127161,RELIANCE_NS
2020-02-19,669.633544921875,687.4867553710938,688.6982421875,674.3660888671875,676.3090209960938,14084409,RELIANCE_NS
2020-02-20,661.6849975585938,679.3263549804688,689.4068603515625,678.3434448242188,684.3780517578125,16892268,RELIANCE_NS
2020-02-24,643.4279174804688,660.58251953125,675.2346801757812,658.1138305664062,671.9202270507812,21370214,RELIANCE_NS
2020-02-25,630.71484375,647.5304565429688,663.53125,644.6045532226562,663.53125,27745062,RELIANCE_NS
2020-02-26,619.8495483398438,636.3755493164062,645.6788940429688,634.249755859375,644.6045532226562,29362748,RELIANCE_NS
2020-02-27,617.2891235351562,633.7468872070312,637.198486328125,625.8607177734375,634.546875,25054993,RELIANCE_NS
2020-02-28,591.6401977539062,607.4140625,620.374755859375,605.7454223632812,619.4146728515625,39315769,RELIANCE_NS
2020-03-02,586.0740966796875,601.6995239257812,625.8607177734375,594.8191528320312,619.506103515625,29500495,RELIANCE_NS
2020-03-03,597.96337890625,613.9058227539062,618.95751953125,604.3739013671875,607.8941040039062,27398798,RELIANCE_NS
2020-03-04,596.5606689453125,612.4657592773438,618.9118041992188,597.9278564453125,618.0889282226562,22105261,RELIANCE_NS
2020-03-05,583.84765625,599.4136962890625,620.80908203125,597.0592651367188,618.1803588867188,30510390,RELIANCE_NS
2020-03-06,565.9689331054688,581.0584106445312,588.8988647460938,567.38916015625,580.6012573242188,33734039,RELIANCE_NS
2020-03-09,496.12457275390625,509.3518981933594,567.3434448242188,500.59716796875,566.9091186523438,88187018,RELIANCE_NS
2020-03-11,513.6691284179688,527.3642578125,538.7476806640625,506.5403137207031,506.5403137207031,59578576,RELIANCE_NS
2020-03-12,473.3477783203125,485.96783447265625,503.34014892578125,479.43035888671875,496.0255126953125,55970485,RELIANCE_NS
2020-03-13,492.1837158203125,505.30596923828125,521.1696166992188,430.8335876464844,456.25201416015625,73297403,RELIANCE_NS
2020-03-16,452.285400390625,464.3438720703125,493.6025085449219,459.4521789550781,484.8477783203125,38482258,RELIANCE_NS
2020-03-17,448.8565979003906,460.8236999511719,484.5963439941406,458.6293029785156,478.7674560546875,45445979,RELIANCE_NS
2020-03-18,431.26751708984375,442.765625,473.5786437988281,439.3368835449219,468.732666015625,44730415,RELIANCE_NS
2020-03-19,408.64654541015625,419.54156494140625,442.0798645019531,407.8838195800781,420.6387634277344,61404010,RELIANCE_NS
2020-03-20,453.2872619628906,465.37249755859375,473.1214599609375,425.1647033691406,429.5077819824219,63360475,RELIANCE_NS
2020-03-23,393.6623229980469,404.1579284667969,434.30804443359375,400.3177185058594,418.8558044433594,40670949,RELIANCE_NS
2020-03-24,420.090576171875,431.2907409667969,443.45135498046875,409.5296325683594,425.1647033691406,45734887,RELIANCE_NS
2020-03-25,481.9197082519531,494.7682800292969,526.4498901367188,440.3655090332031,440.616943359375,73130298,RELIANCE_NS
2020-03-26,474.772705078125,487.4307556152344,510.6091003417969,476.52734375,500.962890625,45744488,RELIANCE_NS
2020-03-27,474.50555419921875,487.1564636230469,506.2203063964844,478.2874450683594,500.59716796875,41657940,RELIANCE_NS
2020-03-30,458.8534240722656,471.0870666503906,491.3623962402344,466.3096923828125,475.7273254394531,30229866,RELIANCE_NS
2020-03-31,495.94647216796875,509.1690368652344,516.5065307617188,479.1103515625,490.97381591796875,44292810,RELIANCE_NS
2020-04-01,481.1181335449219,493.9454040527344,514.1292724609375,477.8302917480469,513.054931640625,41597459,RELIANCE_NS
2020-04-03,479.7822265625,492.5738830566406,518.6323852539062,482.9048156738281,518.6323852539062,41367807,RELIANCE_NS
2020-04-07,537.0693969726562,551.3883666992188,554.9999389648438,502.88299560546875,503.8430480957031,54373624,RELIANCE_NS
2020-04-08,530.8575439453125,545.0108642578125,561.8574829101562,530.31298828125,539.456298828125,49880330,RELIANCE_NS
2020-04-09,543.2366943359375,557.7200927734375,563.5946655273438,545.3994750976562,554.9999389648438,33032857,RELIANCE_NS
2020-04-13,529.521728515625,543.639404296875,555.4571533203125,539.456298828125,550.4054565429688,23673784,RELIANCE_NS
2020-04-15,512.0216064453125,525.6727294921875,565.0576171875,522.5411376953125,547.2509765625,35321842,RELIANCE_NS
2020-04-16,520.1259765625,533.9931640625,542.8621826171875,523.4555053710938,525.6727294921875,37455706,RELIANCE_NS
2020-04-17,545.0401000976562,559.5715942382812,562.3146362304688,545.2394409179688,555.914306640625,33269335,RELIANCE_NS
2020-04-20,553.8569946289062,568.62353515625,574.6580810546875,549.5139770507812,560.4859619140625,36030932,RELIANCE_NS
2020-04-21,550.9848022460938,565.6748046875,572.3722534179688,532.1416625976562,553.1712646484375,61371628,RELIANCE_NS
2020-04-22,607.2031860351562,623.3920288085938,633.1296997070312,594.3162841796875,603.4595947265625,142683366,RELIANCE_NS
2020-04-23,610.453857421875,626.7293701171875,633.5640258789062,618.6832275390625,625.1064453125,65464502,RELIANCE_NS
2020-04-24,630.9819946289062,647.8047485351562,683.4408569335938,615.89453125,617.2431640625,134986308,RELIANCE_NS
2020-04-27,636.659423828125,653.6336059570312,674.3203735351562,650.5477294921875,655.5765380859375,58482901,RELIANCE_NS
2020-04-28,635.947021484375,652.9021606445312,665.3827514648438,636.4441528320312,662.8912353515625,78453401,RELIANCE_NS
2020-04-29,635.4126586914062,652.353515625,664.5598754882812,649.1762084960938,660.5596923828125,37494672,RELIANCE_NS
2020-04-30,652.8014526367188,670.2058715820312,683.4408569335938,657.4281005859375,664.697021484375,71345899,RELIANCE_NS
2020-05-04,639.0863647460938,656.1251831054688,669.7487182617188,648.0104370117188,658.319580078125,53456868,RELIANCE_NS
2020-05-05,650.4190063476562,667.760009765625,676.1490478515625,661.6111450195312,664.582763671875,44903763,RELIANCE_NS
2020-05-06,650.463623046875,667.8057861328125,678.8692016601562,660.833984375,669.2915649414062,40489094,RELIANCE_NS
2020-05-07,671.0362548828125,688.9268188476562,691.9898681640625,660.6054077148438,665.1770629882812,50026966,RELIANCE_NS
2020-05-08,695.4605712890625,714.00244140625,722.277099609375,702.7103881835938,706.322021484375,84262770,RELIANCE_NS
2020-05-11,702.1399536132812,720.8599243164062,738.3236694335938,718.8026733398438,722.3228149414062,67085063,RELIANCE_NS
2020-05-12,658.7015380859375,676.2633056640625,716.9968872070312,669.7487182617188,715.3739013671875,100683202,RELIANCE_NS
2020-05-13,672.6770629882812,690.6114501953125,704.7102661132812,671.020751953125,704.7102661132812,66430125,RELIANCE_NS
2020-05-14,645.4813232421875,662.690673828125,690.726806640625,659.9678344726562,677.9432373046875,49266771,RELIANCE_NS
2020-05-15,656.0224609375,673.5128784179688,676.8818359375,653.0684204101562,666.40576171875,62152260,RELIANCE_NS
2020-05-18,647.6389770507812,664.9058837890625,683.9427490234375,659.0217895507812,678.40478515625,62796089,RELIANCE_NS
2020-05-19,633.3218994140625,650.2070922851562,674.5743408203125,647.5996704101562,672.4052734375,42315854,RELIANCE_NS
2020-05-20,644.4700317382812,661.65234375,667.7210693359375,642.8692626953125,650.7147827148438,55320985,RELIANCE_NS
2020-05-21,647.86376953125,665.1366577148438,674.4589233398438,657.6372680664062,662.2522583007812,39167981,RELIANCE_NS
2020-05-22,643.5034790039062,660.6600952148438,672.8667602539062,658.3295288085938,670.0054931640625,37828973,RELIANCE_NS
2020-05-26,640.1322021484375,657.1988525390625,669.0363159179688,653.6221923828125,668.3209838867188,33216635,RELIANCE_NS
2020-05-27,649.7967529296875,667.12109375,671.020751953125,651.6377563476562,660.40625,35667956,RELIANCE_NS
2020-05-28,661.7987060546875,679.443115234375,682.9043579101562,668.7132568359375,671.4822387695312,40126278,RELIANCE_NS
2020-05-29,658.2700805664062,675.8203735351562,679.3277587890625,670.3977661132812,677.4817504882812,40022527,RELIANCE_NS
2020-06-01,683.4204711914062,701.6412963867188,709.9483032226562,681.1506958007812,683.019775390625,39943702,RELIANCE_NS
2020-06-02,690.3204345703125,708.7252807617188,710.7097778320312,701.8489379882812,704.248779296875,22153960,RELIANCE_NS
2020-06-03,692.9951171875,711.4712524414062,719.9397583007812,707.6407470703125,713.0172729492188,25381289,RELIANCE_NS
2020-06-04,710.1441650390625,729.0774536132812,733.5540161132812,711.1712646484375,712.5557250976562,34202350,RELIANCE_NS
2020-06-05,710.9981689453125,729.9542846679688,746.7067260742188,726.2622680664062,736.0922241210938,33076685,RELIANCE_NS
2020-06-08,705.5140991210938,724.323974609375,746.891357421875,722.2472534179688,746.891357421875,31414953,RELIANCE_NS
2020-06-09,690.9722900390625,709.3944702148438,730.5542602539062,707.479248046875,720.0781860351562,25857161,RELIANCE_NS
2020-06-10,706.705322265625,725.5469970703125,728.9620971679688,710.7328491210938,712.140380859375,22132647,RELIANCE_NS
2020-06-11,691.219482421875,709.6483154296875,723.608642578125,706.5562744140625,722.708740234375,20385805,RELIANCE_NS
2020-06-12,714.189697265625,733.23095703125,735.1692504882812,690.865234375,692.249755859375,38548899,RELIANCE_NS
2020-06-15,725.7647094726562,745.1145629882812,750.837158203125,720.4473876953125,722.2472534179688,53107403,RELIANCE_NS
2020-06-16,727.1807250976562,746.5682983398438,760.8055419921875,731.6156616210938,758.2442626953125,51187003,RELIANCE_NS
2020-06-17,726.1243286132812,745.4837646484375,754.7598876953125,739.368896484375,742.2070922851562,41782053,RELIANCE_NS
2020-06-18,744.3521728515625,764.1975708007812,768.397216796875,740.984130859375,741.6302490234375,40471557,RELIANCE_NS
2020-06-19,790.8770141601562,811.9628295898438,825.5308837890625,767.0127563476562,770.7047119140625,105804173,RELIANCE_NS
2020-06-22,784.9209594726562,805.8479614257812,832.6380004882812,800.7022094726562,818.423828125,60198705,RELIANCE_NS
2020-06-23,773.5706787109375,794.195068359375,813.9703369140625,791.9798583984375,807.6246948242188,37962078,RELIANCE_NS
2020-06-24,776.6947631835938,797.4024658203125,818.1007690429688,789.9492797851562,801.1175537109375,51586221,RELIANCE_NS
2020-06-25,772.2221069335938,792.810546875,807.1632080078125,790.572265625,797.0101928710938,39679374,RELIANCE_NS
2020-06-26,782.8980712890625,803.7711791992188,808.5477294921875,792.3952026367188,797.8409423828125,30921913,RELIANCE_NS
2020-06-29,774.5820922851562,795.2334594726562,802.8943481445312,791.72607421875,797.4948120117188,25621946,RELIANCE_NS
2020-06-30,766.0188598632812,786.44189453125,803.47119140625,782.4960327148438,801.625244140625,30276420,RELIANCE_NS
2020-07-01,781.0775756835938,801.902099609375,807.1632080078125,788.2647705078125,793.7797241210938,28464103,RELIANCE_NS
2020-07-02,794.524169921875,812.4012451171875,815.7471313476562,800.7252807617188,804.3942260742188,28789533,RELIANCE_NS
2020-07-03,806.9586181640625,825.1155395507812,827.46923828125,815.9317016601562,821.3773803710938,29434266,RELIANCE_NS
2020-07-06,835.7996215820312,854.6054077148438,857.4666748046875,827.0538330078125,833.0072021484375,47016185,RELIANCE_NS
2020-07-07,823.00390625,841.5218505859375,860.397216796875,833.607177734375,858.3897094726562,35189589,RELIANCE_NS
2020-07-08,811.517333984375,829.7767333984375,846.8291015625,826.084716796875,841.7987670898438,26204095,RELIANCE_NS
2020-07-09,823.3650512695312,841.8910522460938,846.8521728515625,824.3540649414062,834.8532104492188,36418942,RELIANCE_NS
2020-07-10,847.6473999023438,866.7197875976562,869.7426147460938,841.8910522460938,843.8524780273438,43759967,RELIANCE_NS
2020-07-13,873.3515625,893.002197265625,898.8632202148438,876.8496704101562,878.3956909179688,69608392,RELIANCE_NS
2020-07-14,865.2272338867188,884.6951904296875,896.09423828125,870.9886474609375,892.5407104492188,67331128,RELIANCE_NS
2020-07-15,832.279052734375,851.0056762695312,913.2158813476562,829.7767333984375,894.3635864257812,139669773,RELIANCE_NS
2020-07-16,832.00830078125,850.7288208007812,862.543212890625,836.4453735351562,852.3901977539062,60961724,RELIANCE_NS
2020-07-17,862.8351440429688,882.249267578125,886.0797119140625,848.2366943359375,851.4672241210938,49726765,RELIANCE_NS
2020-07-20,866.5361328125,886.0335083007812,891.61767578125,876.6881713867188,885.0643920898438,36592938,RELIANCE_NS
2020-07-21,889.8480834960938,909.8699951171875,912.3851928710938,893.6944580078125,894.8482055664062,42173371,RELIANCE_NS
2020-07-22,904.4942016601562,924.845703125,927.6146850585938,904.8627319335938,915.1541748046875,59771457,RELIANCE_NS
2020-07-23,928.7765502929688,949.6743774414062,959.7811889648438,919.0076904296875,924.8225708007812,58333751,RELIANCE_NS
2020-07-24,968.6528930664062,990.4478759765625,998.22412109375,949.6743774414062,949.7666625976562,120597372,RELIANCE_NS
2020-07-27,973.1887817382812,995.0859375,1014.745849609375,982.0255126953125,1005.515869140625,80304827,RELIANCE_NS
2020-07-28,982.8927001953125,1005.0081787109375,1012.5306396484375,992.5245971679688,995.0859375,55114422,RELIANCE_NS
2020-07-29,946.3113403320312,967.6036376953125,1007.36181640625,955.5123291015625,1005.1005249023438,72663399,RELIANCE_NS
2020-07-30,951.8176879882812,973.2339477539062,987.47119140625,956.2276611328125,968.6881713867188,72857444,RELIANCE_NS
2020-07-31,932.9740600585938,953.96630859375,982.5331420898438,947.3668823242188,975.8414306640625,74958061,RELIANCE_NS
2020-08-03,906.7509155273438,927.1531982421875,949.30517578125,924.4302978515625,946.6746215820312,46715383,RELIANCE_NS
2020-08-04,970.6612548828125,992.5015258789062,1000.0701293945312,923.1150512695312,932.506591796875,92041055,RELIANCE_NS
2020-08-05,959.7613525390625,981.3563232421875,1013.45361328125,977.5950927734375,1000.9931640625,74549993,RELIANCE_NS
2020-08-06,963.214111328125,984.8867797851562,1000.3931884765625,972.7493286132812,995.4551391601562,49322975,RELIANCE_NS
2020-08-07,968.7882080078125,990.5863037109375,995.8243408203125,978.4719848632812,982.90234375,32984416,RELIANCE_NS
2020-08-10,956.782470703125,978.3104248046875,999.1471557617188,972.8878173828125,996.42431640625,26958997,RELIANCE_NS
2020-08-11,963.0786743164062,984.7483520507812,996.8396606445312,969.3111572265625,985.2098388671875,46828306,RELIANCE_NS
2020-08-12,960.2803955078125,981.8870239257812,989.9171752929688,972.287841796875,978.8411254882812,30264617,RELIANCE_NS
2020-08-13,957.7755126953125,979.3257446289062,987.1019897460938,973.7646484375,982.0716552734375,24830322,RELIANCE_NS
2020-08-14,954.0518188476562,975.5183715820312,995.4551391601562,964.1885375976562,979.5564575195312,33224635,RELIANCE_NS
2020-08-17,943.9192504882812,965.15771484375,971.4571533203125,955.350830078125,971.4571533203125,30979066,RELIANCE_NS
2020-08-18,956.19580078125,977.7105102539062,984.9791259765625,961.0042114257812,962.2271728515625,30547672,RELIANCE_NS
2020-08-19,962.0632934570312,983.7099609375,994.0706787109375,979.002685546875,988.0711669921875,34087543,RELIANCE_NS
2020-08-20,946.4918212890625,967.7882080078125,980.1795043945312,963.6116333007812,978.379638671875,22537845,RELIANCE_NS
2020-08-21,939.6314697265625,960.7734375,979.3026733398438,958.53515625,977.4566650390625,25280895,RELIANCE_NS
2020-08-24,945.9050903320312,967.1882934570312,971.2263793945312,955.535400390625,965.1807861328125,32717218,RELIANCE_NS
2020-08-25,939.7442016601562,960.8887939453125,974.3646240234375,958.9966430664062,971.9186401367188,19388008,RELIANCE_NS
2020-08-26,964.658447265625,986.3635864257812,991.278564453125,944.690185546875,962.2271728515625,59870421,RELIANCE_NS
2020-08-27,952.6074829101562,974.0415649414062,992.2246704101562,970.6495361328125,991.3016357421875,28085062,RELIANCE_NS
2020-08-28,955.1124877929688,976.6029052734375,984.3330078125,972.0340576171875,978.379638671875,27166900,RELIANCE_NS
2020-08-31,939.1123657226562,960.2427368164062,1003.3006591796875,950.8511962890625,1003.3006591796875,62076132,RELIANCE_NS
2020-09-01,942.068603515625,963.2655639648438,979.4872436523438,951.7972412109375,969.149658203125,38616258,RELIANCE_NS
2020-09-02,960.5512084960938,982.1639404296875,986.6866455078125,962.2271728515625,965.4576416015625,26949439,RELIANCE_NS
2020-09-03,953.2846069335938,974.7338256835938,987.0327758789062,970.5341796875,982.0716552734375,18586429,RELIANCE_NS
2020-09-04,937.5551147460938,958.6505126953125,967.7420654296875,956.3199462890625,961.5579833984375,28475945,RELIANCE_NS
2020-09-07,939.992431640625,961.1426391601562,971.8032836914062,943.4210205078125,961.7656860351562,21926473,RELIANCE_NS
2020-09-08,951.02783203125,972.4263305664062,978.8411254882812,960.150390625,965.4576416015625,27397082,RELIANCE_NS
2020-09-09,975.5132446289062,997.462646484375,1000.4393310546875,960.5888061523438,962.2271728515625,55310877,RELIANCE_NS
2020-09-10,1044.4110107421875,1067.91064453125,1082.194091796875,1003.9236450195312,1007.5003051757812,140304404,RELIANCE_NS
2020-09-11,1047.00634765625,1070.564208984375,1078.9173583984375,1055.496337890625,1066.9876708984375,59470807,RELIANCE_NS
2020-09-14,1039.2430419921875,1062.62646484375,1089.1396484375,1053.142578125,1072.9871826171875,44063445,RELIANCE_NS
2020-09-15,1046.60009765625,1070.14892578125,1073.333251953125,1055.9808349609375,1066.964599609375,27178393,RELIANCE_NS
2020-09-16,1049.172607421875,1072.7794189453125,1093.45458984375,1066.3184814453125,1070.6795654296875,33952295,RELIANCE_NS
2020-09-17,1037.528076171875,1060.872802734375,1077.002197265625,1057.6883544921875,1070.6795654296875,25828669,RELIANCE_NS
2020-09-18,1040.6649169921875,1064.0802001953125,1070.42578125,1050.62744140625,1068.0260009765625,33074915,RELIANCE_NS
2020-09-21,1018.1654052734375,1041.074462890625,1078.0635986328125,1037.151611328125,1061.4495849609375,33627381,RELIANCE_NS
2020-09-22,997.9902954101562,1020.4453735351562,1050.8350830078125,1016.0149536132812,1050.8350830078125,34792254,RELIANCE_NS
2020-09-23,1006.859130859375,1029.5137939453125,1050.7197265625,1017.74560546875,1042.9896240234375,42988708,RELIANCE_NS
2020-09-24,984.4724731445312,1006.6234741210938,1027.298583984375,1004.2467041015625,1018.9454956054688,29826318,RELIANCE_NS
2020-09-25,993.7250366210938,1016.0841674804688,1021.2068481445312,1000.2086181640625,1010.22314453125,28374935,RELIANCE_NS
2020-09-28,1000.2921142578125,1022.7990112304688,1032.836669921875,1018.55322265625,1027.7601318359375,19666849,RELIANCE_NS
2020-09-29,1013.2908325195312,1036.0902099609375,1044.8355712890625,1022.7990112304688,1026.837158203125,25842539,RELIANCE_NS
2020-09-30,1008.4614868164062,1031.1522216796875,1046.2200927734375,1026.837158203125,1042.9896240234375,24465159,RELIANCE_NS
2020-10-01,1004.3541870117188,1026.9525146484375,1044.7432861328125,1021.7606201171875,1044.7432861328125,20783227,RELIANCE_NS
2020-10-05,998.464111328125,1020.929931640625,1037.9822998046875,1018.0686645507812,1035.6055908203125,18922799,RELIANCE_NS
2020-10-06,997.629150390625,1020.076171875,1030.9444580078125,1016.0610961914062,1026.9525146484375,18412175,RELIANCE_NS
2020-10-07,1018.9100341796875,1041.8359375,1065.6031494140625,1024.5296630859375,1031.4521484375,53170865,RELIANCE_NS
2020-10-08,1010.6728515625,1033.4134521484375,1046.681640625,1025.498779296875,1042.528076171875,21077808,RELIANCE_NS
2020-10-09,1008.05517578125,1030.73681640625,1039.7591552734375,1023.1912841796875,1031.4521484375,18545499,RELIANCE_NS
2020-10-12,1009.6800537109375,1032.398193359375,1041.0281982421875,1027.4140625,1031.4521484375,14226473,RELIANCE_NS
2020-10-13,1029.38134765625,1052.542724609375,1054.873291015625,1027.2293701171875,1029.4215087890625,23112012,RELIANCE_NS
2020-10-14,1032.450439453125,1055.680908203125,1063.295654296875,1046.912353515625,1051.7120361328125,26742011,RELIANCE_NS
2020-10-15,995.8914794921875,1018.2993774414062,1056.8345947265625,1012.9921264648438,1056.8345947265625,20036197,RELIANCE_NS
2020-10-16,982.0352172851562,1004.13134765625,1030.29833984375,1002.6776123046875,1022.22216796875,21583600,RELIANCE_NS
2020-10-19,982.2157592773438,1004.31591796875,1028.544677734375,994.6013793945312,1010.7077026367188,31200385,RELIANCE_NS
2020-10-20,973.053466796875,994.947509765625,1012.0691528320312,993.2630004882812,1005.608154296875,18482288,RELIANCE_NS
2020-10-21,958.9263916015625,980.5025634765625,1011.607666015625,968.1112670898438,1000.5316772460938,34082321,RELIANCE_NS
2020-10-22,950.9600830078125,972.3570556640625,984.1483764648438,964.9961547851562,981.7947387695312,30802210,RELIANCE_NS
2020-10-23,953.7133178710938,975.1722412109375,985.3021240234375,967.48828125,971.9186401367188,23422125,RELIANCE_NS
2020-10-26,915.822998046875,936.4293212890625,970.049560546875,931.5374145507812,970.049560546875,37324416,RELIANCE_NS
2020-10-27,918.2601928710938,938.9214477539062,950.6204223632812,925.3071899414062,939.1060180664062,36478896,RELIANCE_NS
2020-10-28,907.8567504882812,928.2838745117188,949.6282348632812,926.414794921875,942.2903442382812,29924017,RELIANCE_NS
2020-10-29,914.8300170898438,935.4140014648438,942.3826904296875,918.84619140625,921.6151733398438,30655304,RELIANCE_NS
2020-10-30,927.287109375,948.1514282226562,953.0433349609375,933.0603637695312,938.4598999023438,34021563,RELIANCE_NS
2020-11-02,847.3765869140625,866.44287109375,935.4601440429688,857.9974365234375,935.4601440429688,99366895,RELIANCE_NS
2020-11-03,835.1677856445312,853.9592895507812,881.003173828125,846.8983764648438,872.2346801757812,88691623,RELIANCE_NS
2020-11-04,863.5121459960938,882.9414672851562,890.2332153320312,847.7752075195312,847.7752075195312,80180117,RELIANCE_NS
2020-11-05,882.3783569335938,902.232177734375,904.9780883789062,891.61767578125,902.2091064453125,37205373,RELIANCE_NS
2020-11-06,915.8455810546875,936.452392578125,941.4596557617188,912.9158935546875,918.3847045898438,66674086,RELIANCE_NS
2020-11-09,925.5719604492188,946.397705078125,954.8431396484375,939.6136474609375,951.6588134765625,35838510,RELIANCE_NS
2020-11-10,940.8500366210938,962.0194702148438,964.53466796875,942.0134887695312,958.53515625,36934242,RELIANCE_NS
2020-11-11,901.425048828125,921.7074584960938,966.8421630859375,912.892822265625,964.0731811523438,56724780,RELIANCE_NS
2020-11-12,893.6619262695312,913.7696533203125,926.8993530273438,906.84716796875,914.231201171875,40046527,RELIANCE_NS
2020-11-13,901.0640258789062,921.3382568359375,939.9136352539062,914.5773315429688,914.6926879882812,45388670,RELIANCE_NS
2020-11-14,903.7269287109375,924.0610961914062,930.0606079101562,920.8536987304688,929.8760375976562,5226220,RELIANCE_NS
2020-11-17,899.6422729492188,919.884521484375,962.2271728515625,916.0771484375,962.2271728515625,46542562,RELIANCE_NS
2020-11-18,896.9116821289062,917.0924682617188,925.9994506835938,904.5858154296875,919.884521484375,30402290,RELIANCE_NS
2020-11-19,890.5701904296875,910.6083984375,927.8223266601562,908.323974609375,917.0924682617188,27796343,RELIANCE_NS
2020-11-20,857.3287353515625,876.6189575195312,915.5233764648438,874.5421752929688,911.462158203125,57471248,RELIANCE_NS
2020-11-23,880.4375610351562,900.2477416992188,909.1546630859375,888.9640502929688,900.3861694335938,45327567,RELIANCE_NS
2020-11-24,886.4630737304688,906.4087524414062,911.0006713867188,891.61767578125,906.3856811523438,30936268,RELIANCE_NS
2020-11-25,879.128662109375,898.9093627929688,919.74609375,896.3250122070312,913.7696533203125,32637879,RELIANCE_NS
2020-11-26,881.295166015625,901.1245727539062,906.84716796875,890.7177734375,901.332275390625,25838637,RELIANCE_NS
2020-11-27,871.0044555664062,890.6023559570312,902.7398071289062,886.7257690429688,895.5404052734375,47336811,RELIANCE_NS
2020-12-01,882.3331909179688,902.18603515625,907.424072265625,890.7177734375,895.47119140625,19750687,RELIANCE_NS
2020-12-02,883.800048828125,903.6859130859375,905.4627075195312,893.002197265625,903.847412109375,22188887,RELIANCE_NS
2020-12-03,886.4630737304688,906.4087524414062,914.27734375,903.9166259765625,910.0776977539062,27785372,RELIANCE_NS
2020-12-04,878.6547241210938,898.4248046875,908.6931762695312,895.3096923828125,908.6931762695312,18464552,RELIANCE_NS
2020-12-07,883.8226928710938,903.708984375,906.84716796875,895.5866088867188,895.5866088867188,18242188,RELIANCE_NS
2020-12-08,899.867919921875,920.1152954101562,929.5760498046875,899.9246826171875,905.0704345703125,43403061,RELIANCE_NS
2020-12-09,914.8526000976562,935.4370727539062,938.598388671875,922.653564453125,927.5916137695312,29175254,RELIANCE_NS
2020-12-10,905.8482055664062,926.2301635742188,936.1524047851562,923.461181640625,932.9680786132812,16065507,RELIANCE_NS
2020-12-11,905.3067016601562,925.6763916015625,940.5366821289062,911.1160278320312,928.9991455078125,26944202,RELIANCE_NS
2020-12-14,898.7621459960938,918.984619140625,929.9221801757812,916.7001953125,926.6685791015625,17312747,RELIANCE_NS
2020-12-15,891.1118774414062,911.1622314453125,918.2462158203125,905.0473022460938,918.2462158203125,18551265,RELIANCE_NS
2020-12-16,892.1047973632812,912.177490234375,920.6691284179688,907.1702270507812,917.461669921875,18561011,RELIANCE_NS
2020-12-17,896.1895141601562,916.3540649414062,925.3071899414062,912.4544067382812,915.846435546875,20252358,RELIANCE_NS
2020-12-18,898.8749389648438,919.0999755859375,925.2610473632812,906.84716796875,913.8158569335938,18466344,RELIANCE_NS
2020-12-21,875.4728393554688,895.1712036132812,933.1526489257812,856.1975708007812,927.6146850585938,44135540,RELIANCE_NS
2020-12-22,874.1187744140625,893.7867431640625,904.0320434570312,871.5193481445312,899.4631958007812,28140001,RELIANCE_NS
2020-12-23,877.3458862304688,897.0864868164062,900.5938720703125,886.379638671875,890.6947021484375,19501410,RELIANCE_NS
2020-12-24,900.0485229492188,920.2999267578125,922.4458618164062,898.0325317382812,898.5401611328125,20776988,RELIANCE_NS
2020-12-28,904.1783447265625,924.5226440429688,931.3067016601562,920.8306274414062,926.0917358398438,17221499,RELIANCE_NS
2020-12-29,898.197998046875,918.4077758789062,928.6761474609375,914.9464721679688,927.1531982421875,18611939,RELIANCE_NS
2020-12-30,900.6578369140625,920.9229125976562,926.3224487304688,911.7160034179688,920.8075561523438,22043630,RELIANCE_NS
2020-12-31,896.0541381835938,916.2156372070312,928.4915161132812,913.1235961914062,919.9999389648438,18781189,RELIANCE_NS
2021-01-01,897.0470581054688,917.23095703125,921.6151733398438,914.6926879882812,917.461669921875,10015175,RELIANCE_NS
2021-01-04,898.55908203125,918.7769775390625,922.4920043945312,908.231689453125,920.7383422851562,24513534,RELIANCE_NS
2021-01-05,887.3883056640625,907.3548583984375,915.4310913085938,902.6936645507812,908.6931762695312,24123091,RELIANCE_NS
2021-01-06,863.9860229492188,883.4260864257812,907.3086547851562,879.2264404296875,907.2625122070312,46401468,RELIANCE_NS
2021-01-07,862.5869140625,881.9954223632812,897.6171875,879.2264404296875,886.3104248046875,32325918,RELIANCE_NS
2021-01-08,872.7647094726562,892.4022216796875,894.5712890625,882.433837890625,885.1566772460938,27540187,RELIANCE_NS
2021-01-11,856.3131713867188,875.58056640625,894.755859375,873.388427734375,894.755859375,33307825,RELIANCE_NS
2021-01-12,883.3036499023438,903.1782836914062,904.5396728515625,876.8035278320312,878.2341918945312,41161546,RELIANCE_NS
2021-01-13,875.0665893554688,894.755859375,911.4390869140625,885.3643798828125,906.177978515625,26619458,RELIANCE_NS
2021-01-14,884.9059448242188,904.8165893554688,907.7240600585938,894.8712768554688,897.6171875,21553242,RELIANCE_NS
2021-01-15,874.4572143554688,894.1328735351562,910.9083862304688,886.102783203125,904.8165893554688,20593268,RELIANCE_NS
2021-01-18,895.44482421875,915.5925903320312,921.6151733398438,887.625732421875,899.5093383789062,35100458,RELIANCE_NS
2021-01-19,910.0909423828125,930.5682983398438,937.30615234375,920.5306396484375,920.5306396484375,32006615,RELIANCE_NS
2021-01-20,927.3773803710938,948.2437133789062,949.7666625976562,923.645751953125,932.8757934570312,30924537,RELIANCE_NS
2021-01-21,947.5524291992188,968.8727416992188,978.379638671875,957.6121826171875,960.8426513671875,39087742,RELIANCE_NS
2021-01-22,925.0755615234375,945.8900756835938,976.2337036132812,939.2213745117188,974.2261352539062,30532660,RELIANCE_NS
2021-01-25,876.0595092773438,895.7711791992188,939.1290893554688,891.61767578125,939.1290893554688,54207104,RELIANCE_NS
2021-01-27,855.2976684570312,874.5421752929688,888.38720703125,871.3117065429688,888.38720703125,42370131,RELIANCE_NS
2021-01-28,846.9703979492188,866.0275268554688,887.6026611328125,863.0046997070312,867.6889038085938,34067814,RELIANCE_NS
2021-01-29,831.3538818359375,850.0596313476562,882.8953247070312,844.544677734375,874.2191162109375,43712383,RELIANCE_NS
2021-02-01,855.43310546875,874.6806640625,879.1571655273438,852.8516845703125,858.11279296875,34180952,RELIANCE_NS
2021-02-02,869.1990966796875,888.7564086914062,895.3096923828125,856.0591430664062,883.4260864257812,41470034,RELIANCE_NS
2021-02-03,871.38818359375,890.9946899414062,900.84765625,876.8496704101562,889.91015625,30301696,RELIANCE_NS
2021-02-04,868.5221557617188,888.0641479492188,895.3096923828125,879.1571655273438,887.9256591796875,25626981,RELIANCE_NS
2021-02-05,868.2738037109375,887.810302734375,897.4556884765625,886.0797119140625,890.7177734375,20248046,RELIANCE_NS
2021-02-08,880.7760620117188,900.5938720703125,908.6931762695312,890.2562866210938,892.1022338867188,21183400,RELIANCE_NS
2021-02-09,882.8973999023438,902.7628784179688,918.2000732421875,900.9861450195312,905.4396362304688,19604141,RELIANCE_NS
2021-02-10,891.0892333984375,911.1390991210938,915.9617919921875,889.4486083984375,901.6553344726562,21234156,RELIANCE_NS
2021-02-11,927.8287353515625,948.7052001953125,952.6279907226562,910.1930541992188,913.7696533203125,42539278,RELIANCE_NS
2021-02-12,921.4647216796875,942.1980590820312,958.9966430664062,930.1067504882812,948.6129150390625,30497029,RELIANCE_NS
2021-02-15,917.4026489257812,938.0445556640625,951.2896118164062,934.5371704101562,945.1747436523438,15791099,RELIANCE_NS
2021-02-16,929.5438232421875,950.4589233398438,959.6427612304688,939.1521606445312,941.3442993164062,21421660,RELIANCE_NS
2021-02-17,940.263427734375,961.4195556640625,967.2805786132812,946.3515625,950.6896362304688,23742994,RELIANCE_NS
2021-02-18,933.244873046875,954.2432250976562,973.0262451171875,950.2742919921875,962.2271728515625,18646877,RELIANCE_NS
2021-02-19,938.9317626953125,960.05810546875,971.43408203125,947.5975952148438,949.30517578125,23403483,RELIANCE_NS
2021-02-22,906.3447265625,926.73779296875,964.488525390625,920.6691284179688,959.919677734375,23804335,RELIANCE_NS
2021-02-23,913.2728271484375,933.8218383789062,947.4130249023438,929.2760620117188,945.1516723632812,25644108,RELIANCE_NS
2021-02-24,930.2208862304688,951.1511840820312,953.112548828125,935.06787109375,936.8446655273438,10807663,RELIANCE_NS
2021-02-25,967.84033203125,989.6171875,993.1476440429688,956.6891479492188,958.0736694335938,34855693,RELIANCE_NS
2021-02-26,941.4141845703125,962.5963745117188,984.7944946289062,955.627685546875,976.9951782226562,37481215,RELIANCE_NS
2021-03-01,948.5906372070312,969.9342041015625,974.6876831054688,951.8433837890625,973.85693359375,17680764,RELIANCE_NS
2021-03-02,950.5313720703125,971.9186401367188,982.99462890625,964.1193237304688,979.3026733398438,17150760,RELIANCE_NS
2021-03-03,993.9055786132812,1016.268798828125,1024.4835205078125,972.4724731445312,978.8642578125,31924461,RELIANCE_NS
2021-03-04,982.0577392578125,1004.1544189453125,1010.6615600585938,995.7781982421875,1006.0696411132812,21435754,RELIANCE_NS
2021-03-05,983.3440551757812,1005.4696655273438,1020.8145751953125,993.6322021484375,994.99365234375,25511666,RELIANCE_NS
2021-03-08,988.9407958984375,1011.1923217773438,1030.021484375,1000.5316772460938,1000.7623901367188,19506841,RELIANCE_NS
2021-03-09,988.9181518554688,1011.169189453125,1021.6683349609375,990.6555786132812,1015.2996215820312,15154484,RELIANCE_NS
2021-03-10,984.8109130859375,1006.9695434570312,1022.268310546875,1001.5700073242188,1018.5301513671875,11519358,RELIANCE_NS
2021-03-12,964.7939453125,986.5020751953125,1018.2532348632812,980.1795043945312,1012.9921264648438,16864952,RELIANCE_NS
2021-03-15,951.84033203125,973.2570190429688,991.7169799804688,960.150390625,987.6327514648438,16698099,RELIANCE_NS
2021-03-16,948.0941162109375,969.4265747070312,981.148681640625,967.0729370117188,975.6106567382812,13873801,RELIANCE_NS
2021-03-17,927.6708374023438,948.543701171875,970.5341796875,939.1983032226562,968.249755859375,19210236,RELIANCE_NS
2021-03-18,906.7960815429688,927.1993408203125,962.1348876953125,923.461181640625,956.6430053710938,20647480,RELIANCE_NS
2021-03-19,939.6990356445312,960.8426513671875,967.2344360351562,915.0618896484375,918.84619140625,41787429,RELIANCE_NS
2021-03-22,930.8527221679688,951.7972412109375,957.150634765625,938.3214721679688,955.7661743164062,18572478,RELIANCE_NS
2021-03-23,942.1815185546875,963.3809204101562,973.626220703125,948.8436889648438,951.589599609375,17421165,RELIANCE_NS
2021-03-24,924.0374145507812,944.82861328125,959.8042602539062,941.644287109375,959.8042602539062,16822814,RELIANCE_NS
2021-03-25,898.8298950195312,919.0538330078125,947.920654296875,916.0771484375,947.920654296875,22001648,RELIANCE_NS
2021-03-26,900.2741088867188,920.5306396484375,929.3222045898438,910.8622436523438,928.5376586914062,20180202,RELIANCE_NS
2021-03-30,915.9132080078125,936.5216064453125,945.5670166015625,919.0999755859375,926.691650390625,20441701,RELIANCE_NS
2021-03-31,904.0880126953125,924.4302978515625,946.0285034179688,922.5381469726562,931.3067016601562,16250796,RELIANCE_NS
2021-04-01,912.55078125,933.0834350585938,936.8446655273438,924.453369140625,931.3067016601562,11723312,RELIANCE_NS
2021-04-05,899.348876953125,919.5845947265625,934.5371704101562,905.5088500976562,934.5140991210938,14875099,RELIANCE_NS
2021-04-06,895.602783203125,915.754150390625,925.2841186523438,908.6931762695312,924.845703125,14009194,RELIANCE_NS
2021-04-07,903.9752197265625,924.31494140625,944.64404296875,919.9076538085938,922.9996948242188,24266353,RELIANCE_NS
2021-04-08,905.103515625,925.4686889648438,933.1526489257812,919.7691650390625,928.076171875,15369188,RELIANCE_NS
2021-04-09,894.5872802734375,914.7157592773438,925.93017578125,913.7696533203125,922.2843627929688,14037885,RELIANCE_NS
2021-04-12,862.5869140625,881.9954223632812,905.185791015625,876.965087890625,904.0781860351562,20901482,RELIANCE_NS
2021-04-13,871.9071655273438,891.525390625,895.5866088867188,885.0874633789062,887.9256591796875,19411189,RELIANCE_NS
2021-04-15,877.5488891601562,897.2941284179688,905.0011596679688,882.8491821289062,888.9871215820312,19723716,RELIANCE_NS
2021-04-16,872.0425415039062,891.663818359375,899.8785400390625,889.0563354492188,893.7406005859375,15656948,RELIANCE_NS
2021-04-19,858.3217163085938,877.6342163085938,884.4182739257812,872.2346801757812,878.6956787109375,18478808,RELIANCE_NS
2021-04-20,858.0734252929688,877.3804321289062,885.6181640625,872.4423828125,881.6954345703125,17203668,RELIANCE_NS
2021-04-22,860.4430541992188,879.8032836914062,883.5183715820312,866.0967407226562,873.2730712890625,14490954,RELIANCE_NS
2021-04-23,859.5178833007812,878.8572387695312,885.572021484375,874.7037353515625,879.6187133789062,11828857,RELIANCE_NS
2021-04-26,874.6378173828125,894.3174438476562,905.4627075195312,882.1569213867188,886.0797119140625,20846778,RELIANCE_NS
2021-04-27,897.5661010742188,917.7616577148438,921.7074584960938,894.5020751953125,895.3096923828125,19992524,RELIANCE_NS
2021-04-28,901.47021484375,921.7536010742188,926.691650390625,913.8389282226562,922.0074462890625,17122437,RELIANCE_NS
2021-04-29,913.543701171875,934.0987548828125,943.5364379882812,926.36865234375,933.5679931640625,17412606,RELIANCE_NS
2021-04-30,900.2064208984375,920.46142578125,939.6136474609375,917.2540283203125,926.9224243164062,19828769,RELIANCE_NS
2021-05-03,884.2062377929688,904.1012573242188,913.3081665039062,896.7403564453125,907.3086547851562,23640186,RELIANCE_NS
2021-05-04,865.0466918945312,884.5105590820312,908.139404296875,881.9262084960938,899.9246826171875,21849830,RELIANCE_NS
2021-05-05,866.62646484375,886.1258544921875,894.617431640625,880.5647583007812,887.625732421875,12393609,RELIANCE_NS
2021-05-06,871.5460815429688,891.1561889648438,893.002197265625,879.8955688476562,886.9334716796875,14624666,RELIANCE_NS
2021-05-07,871.8846435546875,891.5023193359375,902.5321655273438,888.8486938476562,894.2713012695312,12288548,RELIANCE_NS
2021-05-10,869.3795776367188,888.9409790039062,898.4478759765625,886.5181274414062,894.8482055664062,13941237,RELIANCE_NS
2021-05-11,872.5165405273438,892.1484375,894.6405029296875,881.4646606445312,883.772216796875,13478264,RELIANCE_NS
2021-05-12,863.4895629882812,882.9183959960938,892.0330200195312,880.0802001953125,890.7408447265625,13177961,RELIANCE_NS
2021-05-14,874.3895874023438,894.0636596679688,896.232666015625,879.6187133789062,889.7947387695312,13291616,RELIANCE_NS
2021-05-17,884.7930297851562,904.7012329101562,906.1318359375,890.8792724609375,894.0636596679688,11873078,RELIANCE_NS
2021-05-18,897.2501220703125,917.4385986328125,924.1995849609375,910.3084106445312,914.231201171875,12064918,RELIANCE_NS
2021-05-19,901.357421875,921.6382446289062,930.5913696289062,910.0776977539062,913.7696533203125,16317002,RELIANCE_NS
2021-05-20,896.0992431640625,916.2617797851562,928.030029296875,914.231201171875,922.030517578125,11422532,RELIANCE_NS
2021-05-21,903.8397216796875,924.176513671875,927.4300537109375,916.5386962890625,919.3076782226562,10785605,RELIANCE_NS
2021-05-24,896.2119750976562,916.3771362304688,927.5223999023438,914.6926879882812,926.691650390625,8551760,RELIANCE_NS
2021-05-25,886.0568237304688,905.993408203125,921.6151733398438,904.5396728515625,921.3382568359375,14780102,RELIANCE_NS
2021-05-26,889.171142578125,909.177734375,913.5389404296875,906.9856567382812,911.462158203125,7480204,RELIANCE_NS
2021-05-27,891.9017944335938,911.9698486328125,919.7691650390625,905.5780639648438,909.2931518554688,26819294,RELIANCE_NS
2021-05-28,945.476318359375,966.7498779296875,971.4571533203125,918.3847045898438,918.3847045898438,56469931,RELIANCE_NS
2021-05-31,975.0393676757812,996.9780883789062,1011.4691772460938,962.250244140625,970.0726318359375,59124142,RELIANCE_NS
2021-06-01,978.9208984375,1000.947021484375,1016.22265625,990.609375,999.608642578125,28013832,RELIANCE_NS
2021-06-02,993.5218505859375,1015.8765258789062,1019.6838989257812,995.4551391601562,995.4551391601562,24630162,RELIANCE_NS
2021-06-03,997.3131713867188,1019.7531127929688,1038.3746337890625,1013.4998168945312,1024.9910888671875,23974257,RELIANCE_NS
2021-06-04,988.6699829101562,1010.9154052734375,1022.8912963867188,1008.031005859375,1022.1298217773438,14468646,RELIANCE_NS
2021-06-07,1005.3245239257812,1027.9447021484375,1034.6826171875,1008.3771362304688,1016.22265625,16336573,RELIANCE_NS
2021-06-08,999.54736328125,1022.0375366210938,1027.829345703125,1014.4458618164062,1027.5755615234375,9674735,RELIANCE_NS
2021-06-09,981.6741333007812,1003.7621459960938,1024.9910888671875,995.8935546875,1024.068115234375,11409161,RELIANCE_NS
2021-06-10,985.2847900390625,1007.4541625976562,1029.1446533203125,1004.93896484375,1012.2537231445312,14155653,RELIANCE_NS
2021-06-11,1002.3753051757812,1021.3683471679688,1028.2216796875,1006.1157836914062,1007.4080200195312,13762778,RELIANCE_NS
2021-06-14,1016.7553100585938,1036.02099609375,1042.1820068359375,1013.0151977539062,1022.22216796875,20332436,RELIANCE_NS
2021-06-15,1019.0654296875,1038.3746337890625,1049.865966796875,1033.8980712890625,1043.451171875,15174215,RELIANCE_NS
2021-06-16,1001.6732177734375,1020.6530151367188,1037.01318359375,1017.9993896484375,1036.02099609375,10797349,RELIANCE_NS
2021-06-17,1003.507568359375,1022.5220947265625,1031.4521484375,1006.0234985351562,1015.2996215820312,15745975,RELIANCE_NS
2021-06-18,1008.0367431640625,1027.1370849609375,1031.4521484375,1008.0771484375,1027.06787109375,29369026,RELIANCE_NS
2021-06-21,1013.2905883789062,1032.490478515625,1037.2208251953125,1015.368896484375,1016.9149169921875,12186448,RELIANCE_NS
2021-06-22,1008.0820922851562,1027.1832275390625,1043.451171875,1024.2296142578125,1040.2205810546875,12871913,RELIANCE_NS
2021-06-23,998.842529296875,1017.7686767578125,1038.6514892578125,1016.0841674804688,1038.3746337890625,16653951,RELIANCE_NS
2021-06-24,975.3587036132812,993.8399047851562,1022.0375366210938,987.6096801757812,1018.4609375,91461975,RELIANCE_NS
2021-06-25,953.1431274414062,971.2033081054688,993.8399047851562,960.4273071289062,993.8399047851562,55355022,RELIANCE_NS
2021-06-28,944.7868041992188,962.6886596679688,981.37939453125,960.3811645507812,979.3026733398438,20277042,RELIANCE_NS
2021-06-29,945.60205078125,963.5193481445312,973.3031616210938,961.8118286132812,964.3038940429688,27144063,RELIANCE_NS
2021-06-30,955.951171875,974.0646362304688,979.6026000976562,965.0192260742188,967.4190063476562,19762858,RELIANCE_NS
2021-07-01,950.1991577148438,968.20361328125,979.8333740234375,966.8421630859375,977.4566650390625,12534407,RELIANCE_NS
2021-07-02,964.284912109375,982.5562133789062,984.3330078125,965.8960571289062,967.76513671875,14086620,RELIANCE_NS
2021-07-05,973.8641357421875,992.3169555664062,993.8629760742188,983.6868896484375,985.9713134765625,11702287,RELIANCE_NS
2021-07-06,962.3599853515625,980.5948486328125,991.7169799804688,978.4719848632812,989.8941040039062,10070124,RELIANCE_NS
2021-07-07,955.679443359375,973.7877197265625,981.956298828125,968.2266845703125,981.956298828125,10454892,RELIANCE_NS
2021-07-08,947.7760620117188,965.7345581054688,976.9721069335938,960.3811645507812,976.9721069335938,11185460,RELIANCE_NS
2021-07-09,938.0835571289062,955.8584594726562,965.3192138671875,953.5048217773438,963.6116333007812,9037675,RELIANCE_NS
2021-07-12,943.9262084960938,961.8118286132812,969.8419189453125,957.3814086914062,959.8042602539062,8585292,RELIANCE_NS
2021-07-13,950.9917602539062,969.01123046875,970.5572509765625,963.6347045898438,969.149658203125,6717133,RELIANCE_NS
2021-07-14,944.7868041992188,962.6886596679688,972.3109130859375,960.4965209960938,969.3111572265625,8532544,RELIANCE_NS
2021-07-15,943.1336669921875,961.0042114257812,966.8421630859375,959.2274169921875,966.8421630859375,9448356,RELIANCE_NS
2021-07-16,956.7437744140625,974.8722534179688,975.956787109375,963.4270629882812,963.4962768554688,8828185,RELIANCE_NS
2021-07-19,950.6520385742188,968.6651000976562,980.2256469726562,965.5730590820312,969.149658203125,8354449,RELIANCE_NS
2021-07-20,948.3194580078125,966.288330078125,972.8416748046875,961.7656860351562,968.9188842773438,6741464,RELIANCE_NS
2021-07-22,960.5029907226562,978.7026977539062,980.1795043945312,968.2958984375,977.9181518554688,7972397,RELIANCE_NS
2021-07-23,953.7092895507812,971.7802124023438,985.04833984375,970.095703125,985.04833984375,9937030,RELIANCE_NS
2021-07-26,940.642578125,958.4659423828125,978.8411254882812,955.8123168945312,972.8416748046875,12389668,RELIANCE_NS
2021-07-27,930.7462768554688,948.3821411132812,961.627197265625,942.3826904296875,958.44287109375,10824523,RELIANCE_NS
2021-07-28,922.7522583007812,940.2366943359375,949.7666625976562,930.4990234375,949.7666625976562,12897848,RELIANCE_NS
2021-07-29,929.9536743164062,947.5745239257812,957.3352661132812,943.0287475585938,947.920654296875,13765738,RELIANCE_NS
2021-07-30,921.8238525390625,939.2906494140625,954.3585815429688,937.352294921875,949.7666625976562,11350608,RELIANCE_NS
2021-08-02,938.67236328125,956.4584350585938,959.6427612304688,941.9904174804688,948.0591430664062,10925104,RELIANCE_NS
2021-08-03,945.5792846679688,963.4962768554688,964.9961547851562,952.6279907226562,964.53466796875,11817299,RELIANCE_NS
2021-08-04,952.8261108398438,970.8803100585938,975.6106567382812,963.150146484375,966.5652465820312,13169800,RELIANCE_NS
2021-08-05,966.64013671875,984.9560546875,994.4398193359375,971.1110229492188,975.7490844726562,21252078,RELIANCE_NS
2021-08-06,946.1681518554688,964.0962524414062,990.8170776367188,959.3427734375,982.9715576171875,16620987,RELIANCE_NS
2021-08-09,940.7783813476562,958.6043701171875,964.4423828125,953.6893920898438,960.3811645507812,7494143,RELIANCE_NS
2021-08-10,945.7152099609375,963.6347045898438,975.149169921875,957.0352783203125,960.8426513671875,11919198,RELIANCE_NS
2021-08-11,958.963134765625,977.1336059570312,978.379638671875,961.48876953125,967.7420654296875,9184963,RELIANCE_NS
2021-08-12,955.8832397460938,973.9954223632812,981.240966796875,971.4571533203125,980.6409912109375,8137612,RELIANCE_NS
2021-08-13,971.8032836914062,990.2171020507812,992.1785278320312,973.2800903320312,977.1336059570312,12780901,RELIANCE_NS
2021-08-16,984.4169921875,1003.0698852539062,1016.6841430664062,982.140869140625,991.9246826171875,21935444,RELIANCE_NS
2021-08-17,980.2275390625,998.801025390625,1008.4694213867188,991.232421875,1000.9239501953125,12658169,RELIANCE_NS
2021-08-18,984.0321655273438,1002.6776123046875,1009.2078247070312,993.424560546875,1003.3006591796875,10075860,RELIANCE_NS
2021-08-20,972.98095703125,991.4170532226562,1002.3776245117188,986.2251586914062,988.994140625,9426282,RELIANCE_NS
2021-08-23,979.3670654296875,997.9241943359375,1003.3006591796875,984.0560913085938,1003.3006591796875,9854395,RELIANCE_NS
2021-08-24,989.036865234375,1007.7772216796875,1011.607666015625,994.8090209960938,999.1702270507812,11864472,RELIANCE_NS
2021-08-25,997.5970458984375,1016.49951171875,1024.5296630859375,1006.1157836914062,1008.561767578125,13380559,RELIANCE_NS
2021-08-26,1010.2107543945312,1029.352294921875,1036.02099609375,1017.6071166992188,1018.9916381835938,18589616,RELIANCE_NS
2021-08-27,1008.829345703125,1027.9447021484375,1035.02880859375,1022.7067260742188,1032.3751220703125,10480636,RELIANCE_NS
2021-08-30,1028.23681640625,1047.719970703125,1050.304443359375,1032.2828369140625,1038.3746337890625,14027062,RELIANCE_NS
2021-08-31,1022.7567138671875,1042.1358642578125,1053.9501953125,1034.7979736328125,1050.7889404296875,26485463,RELIANCE_NS
2021-09-01,1026.81005859375,1046.2662353515625,1058.1729736328125,1044.3741455078125,1048.9891357421875,11145486,RELIANCE_NS
2021-09-02,1039.1748046875,1058.865234375,1065.04931640625,1040.68212890625,1040.68212890625,9956770,RELIANCE_NS
2021-09-03,1081.79443359375,1102.2923583984375,1105.2921142578125,1062.6033935546875,1066.0645751953125,30664428,RELIANCE_NS
2021-09-06,1098.5977783203125,1119.4140625,1144.5196533203125,1113.1375732421875,1113.59912109375,33641710,RELIANCE_NS
2021-09-07,1105.52734375,1126.4749755859375,1134.3665771484375,1113.1375732421875,1121.444580078125,17349882,RELIANCE_NS
2021-09-08,1101.2020263671875,1122.067626953125,1132.5206298828125,1110.6685791015625,1131.59765625,14301651,RELIANCE_NS
2021-09-09,1098.5977783203125,1119.4140625,1125.0673828125,1115.02978515625,1120.4754638671875,8963249,RELIANCE_NS
2021-09-13,1074.1175537109375,1094.469970703125,1122.8291015625,1092.854736328125,1122.8291015625,16311160,RELIANCE_NS
2021-09-14,1072.713623046875,1093.039306640625,1104.83056640625,1091.9085693359375,1096.0621337890625,8908356,RELIANCE_NS
2021-09-15,1077.1746826171875,1097.5850830078125,1105.63818359375,1093.0623779296875,1093.0623779296875,9071075,RELIANCE_NS
2021-09-16,1099.7752685546875,1120.6138916015625,1124.5596923828125,1092.3701171875,1099.0849609375,13448882,RELIANCE_NS
2021-09-17,1082.722900390625,1103.2384033203125,1133.3743896484375,1096.3389892578125,1128.82861328125,34882133,RELIANCE_NS
2021-09-20,1084.4442138671875,1104.9921875,1116.068115234375,1093.754638671875,1094.7237548828125,11779819,RELIANCE_NS
2021-09-21,1089.1317138671875,1109.7686767578125,1115.260498046875,1100.215576171875,1109.9071044921875,9915736,RELIANCE_NS
2021-09-22,1100.81689453125,1121.6754150390625,1126.9825439453125,1106.7919921875,1111.2916259765625,10995912,RELIANCE_NS
2021-09-23,1127.720458984375,1149.0885009765625,1152.3651123046875,1128.597900390625,1129.4747314453125,15748397,RELIANCE_NS
2021-09-24,1124.459228515625,1145.765625,1156.2647705078125,1140.82763671875,1155.387939453125,15192163,RELIANCE_NS
2021-09-27,1143.3685302734375,1165.033203125,1167.5484619140625,1142.3505859375,1147.7501220703125,15373834,RELIANCE_NS
2021-09-28,1154.0574951171875,1175.9246826171875,1183.700927734375,1159.65673828125,1169.4405517578125,18035258,RELIANCE_NS
2021-09-29,1144.90869140625,1166.6024169921875,1186.0545654296875,1163.002685546875,1186.0545654296875,9719875,RELIANCE_NS
2021-09-30,1141.013427734375,1162.6334228515625,1169.717529296875,1153.9111328125,1165.287109375,13590654,RELIANCE_NS
2021-10-01,1143.0289306640625,1164.6871337890625,1172.1173095703125,1151.442138671875,1154.6495361328125,8958928,RELIANCE_NS
2021-10-04,1157.7261962890625,1179.662841796875,1188.2928466796875,1170.84814453125,1178.2091064453125,10918552,RELIANCE_NS
2021-10-05,1181.7532958984375,1204.1453857421875,1205.4376220703125,1175.6015625,1179.17822265625,13533634,RELIANCE_NS
2021-10-06,1159.402099609375,1181.370361328125,1209.1064453125,1177.332275390625,1209.1064453125,10258881,RELIANCE_NS
2021-10-07,1165.086181640625,1187.1622314453125,1199.32275390625,1184.9931640625,1197.592041015625,6336665,RELIANCE_NS
2021-10-08,1209.8570556640625,1232.781494140625,1238.8502197265625,1191.36181640625,1193.0924072265625,15772493,RELIANCE_NS
2021-10-11,1201.432861328125,1224.197509765625,1255.279541015625,1220.82861328125,1246.6956787109375,14768666,RELIANCE_NS
2021-10-12,1208.29443359375,1231.189208984375,1238.2041015625,1218.9364013671875,1220.6671142578125,6682011,RELIANCE_NS
2021-10-13,1220.591064453125,1243.718994140625,1255.048828125,1231.8814697265625,1236.3580322265625,9959762,RELIANCE_NS
2021-10-14,1223.0596923828125,1246.234130859375,1254.102783203125,1240.142333984375,1246.2110595703125,8623469,RELIANCE_NS
2021-10-18,1226.3206787109375,1249.5570068359375,1266.8170166015625,1228.6510009765625,1231.5584716796875,13594479,RELIANCE_NS
2021-10-19,1237.3038330078125,1260.748291015625,1269.74755859375,1249.7415771484375,1257.033203125,8833409,RELIANCE_NS
2021-10-20,1223.0596923828125,1246.234130859375,1265.7786865234375,1242.1268310546875,1265.7786865234375,12710570,RELIANCE_NS
2021-10-21,1187.7772216796875,1210.2833251953125,1258.9715576171875,1201.3763427734375,1258.6947021484375,20831669,RELIANCE_NS
2021-10-22,1189.99658203125,1212.544677734375,1229.8509521484375,1205.206787109375,1209.1295166015625,11027475,RELIANCE_NS
2021-10-25,1178.40185546875,1200.730224609375,1236.819580078125,1186.0545654296875,1236.819580078125,17198417,RELIANCE_NS
2021-10-26,1205.2371826171875,1228.0740966796875,1231.6968994140625,1201.353271484375,1207.791259765625,9750178,RELIANCE_NS
2021-10-27,1189.99658203125,1212.544677734375,1235.3427734375,1209.1064453125,1223.8975830078125,9896298,RELIANCE_NS
2021-10-28,1176.9525146484375,1199.25341796875,1217.4134521484375,1195.515380859375,1209.1295166015625,9886181,RELIANCE_NS
2021-10-29,1148.713134765625,1170.47900390625,1198.122802734375,1154.5341796875,1198.122802734375,14233025,RELIANCE_NS
2021-11-01,1149.4150390625,1171.1943359375,1179.5936279296875,1151.0267333984375,1170.47900390625,15481114,RELIANCE_NS
2021-11-02,1132.6571044921875,1154.1187744140625,1175.901611328125,1151.5574951171875,1174.51708984375,10569130,RELIANCE_NS
2021-11-03,1124.8668212890625,1146.1810302734375,1162.9796142578125,1135.7510986328125,1156.5416259765625,11989430,RELIANCE_NS
2021-11-04,1131.77392578125,1153.2188720703125,1156.010986328125,1149.1346435546875,1150.4959716796875,1705656,RELIANCE_NS
2021-11-08,1133.1781005859375,1154.6495361328125,1162.9796142578125,1133.628173828125,1162.70263671875,20337183,RELIANCE_NS
2021-11-09,1142.123046875,1163.76416015625,1167.0869140625,1147.773193359375,1156.05712890625,15682497,RELIANCE_NS
2021-11-10,1154.895263671875,1176.7784423828125,1180.5166015625,1155.43408203125,1161.4566650390625,10253470,RELIANCE_NS
2021-11-11,1157.00146484375,1178.9244384765625,1186.2852783203125,1170.1558837890625,1172.232666015625,10722478,RELIANCE_NS
2021-11-12,1174.4615478515625,1196.7152099609375,1199.32275390625,1180.0550537109375,1182.7779541015625,8712341,RELIANCE_NS
2021-11-15,1167.531982421875,1189.654296875,1200.9149169921875,1186.0545654296875,1199.8995361328125,4803269,RELIANCE_NS
2021-11-16,1140.4022216796875,1162.010498046875,1188.362060546875,1151.442138671875,1187.0006103515625,11337581,RELIANCE_NS
2021-11-17,1115.9898681640625,1137.1356201171875,1153.2650146484375,1135.7510986328125,1153.2650146484375,10202029,RELIANCE_NS
2021-11-18,1120.2017822265625,1141.427490234375,1148.673095703125,1130.6976318359375,1135.28955078125,8505625,RELIANCE_NS
2021-11-22,1070.584716796875,1090.8702392578125,1130.213134765625,1084.986083984375,1124.259765625,24124307,RELIANCE_NS
2021-11-23,1080.5941162109375,1101.0693359375,1108.176513671875,1065.6031494140625,1076.7021484375,25326999,RELIANCE_NS
2021-11-24,1064.9913330078125,1085.1707763671875,1112.16845703125,1081.5479736328125,1098.36962890625,16820296,RELIANCE_NS
2021-11-25,1129.1015625,1150.4959716796875,1154.672607421875,1087.8243408203125,1095.13916015625,42401936,RELIANCE_NS
2021-11-26,1092.7098388671875,1113.41455078125,1143.4119873046875,1108.2918701171875,1138.8892822265625,15763138,RELIANCE_NS
2021-11-29,1105.799072265625,1126.7518310546875,1153.7496337890625,1107.1842041015625,1125.644287109375,24325354,RELIANCE_NS
2021-11-30,1089.4486083984375,1110.0916748046875,1142.62744140625,1102.453857421875,1138.9815673828125,32172299,RELIANCE_NS
2021-12-01,1117.3485107421875,1138.5201416015625,1141.7506103515625,1119.1832275390625,1122.8291015625,10104610,RELIANCE_NS
2021-12-02,1124.5272216796875,1145.8348388671875,1151.995849609375,1136.0279541015625,1139.76611328125,12720411,RELIANCE_NS
2021-12-03,1090.7396240234375,1111.406982421875,1153.057373046875,1107.599609375,1153.01123046875,19222481,RELIANCE_NS
2021-12-06,1070.063720703125,1090.3394775390625,1119.1370849609375,1087.8243408203125,1114.983642578125,10332254,RELIANCE_NS
2021-12-07,1078.7825927734375,1099.223388671875,1109.445556640625,1089.1396484375,1096.5928955078125,11235122,RELIANCE_NS
2021-12-08,1095.2008056640625,1115.9527587890625,1122.2752685546875,1110.507080078125,1118.7218017578125,8744178,RELIANCE_NS
2021-12-09,1112.5703125,1133.6512451171875,1142.1658935546875,1119.1370849609375,1123.7520751953125,13213547,RELIANCE_NS
2021-12-10,1113.7025146484375,1134.8050537109375,1138.05859375,1121.6060791015625,1126.1749267578125,8364414,RELIANCE_NS
2021-12-13,1091.3736572265625,1112.0531005859375,1141.7967529296875,1109.445556640625,1141.5198974609375,12901733,RELIANCE_NS
2021-12-14,1078.012451171875,1098.4388427734375,1110.36865234375,1095.32373046875,1098.36962890625,12991523,RELIANCE_NS
2021-12-15,1074.864990234375,1095.2314453125,1109.9071044921875,1089.647216796875,1100.215576171875,9366969,RELIANCE_NS
2021-12-16,1088.769287109375,1109.3994140625,1114.7528076171875,1093.131591796875,1110.2301025390625,9761279,RELIANCE_NS
2021-12-17,1060.0316162109375,1080.1173095703125,1111.2916259765625,1070.6795654296875,1106.69970703125,21049821,RELIANCE_NS
2021-12-20,1031.45263671875,1050.9967041015625,1069.6873779296875,1037.0362548828125,1069.6873779296875,14325846,RELIANCE_NS
2021-12-21,1046.8065185546875,1066.6414794921875,1082.6785888671875,1057.8499755859375,1066.6876220703125,12836561,RELIANCE_NS
2021-12-22,1071.64892578125,1091.9547119140625,1094.6314697265625,1071.6026611328125,1072.94091796875,17658543,RELIANCE_NS
2021-12-23,1071.26416015625,1091.5625,1098.36962890625,1088.23974609375,1095.6005859375,9072401,RELIANCE_NS
2021-12-24,1074.683837890625,1095.046875,1103.9075927734375,1078.7789306640625,1093.754638671875,7886494,RELIANCE_NS
2021-12-27,1073.52880859375,1093.8699951171875,1097.4466552734375,1083.6478271484375,1089.85498046875,4017223,RELIANCE_NS
2021-12-28,1086.2784423828125,1106.8612060546875,1109.837890625,1095.1622314453125,1096.3389892578125,6374613,RELIANCE_NS
2021-12-29,1088.13525390625,1108.75341796875,1116.3681640625,1099.3387451171875,1103.4461669921875,15425312,RELIANCE_NS
2021-12-30,1068.478759765625,1088.7242431640625,1109.884033203125,1082.4940185546875,1107.599609375,29333171,RELIANCE_NS
2021-12-31,1072.5777587890625,1092.90087890625,1100.16943359375,1089.1396484375,1095.13916015625,9477290,RELIANCE_NS
2022-01-03,1088.7467041015625,1109.3763427734375,1111.2685546875,1090.7779541015625,1091.4471435546875,5421611,RELIANCE_NS
2022-01-04,1113.3175048828125,1134.4127197265625,1135.7510986328125,1109.445556640625,1114.9375,10847728,RELIANCE_NS
2022-01-05,1118.5260009765625,1139.719970703125,1143.1351318359375,1122.8060302734375,1136.212646484375,11643813,RELIANCE_NS
2022-01-06,1094.4761962890625,1115.21435546875,1132.5206298828125,1111.7530517578125,1131.2283935546875,14447422,RELIANCE_NS
2022-01-07,1103.3079833984375,1124.213623046875,1134.3896484375,1112.929931640625,1121.883056640625,13112115,RELIANCE_NS
2022-01-10,1104.2138671875,1125.1365966796875,1133.9051513671875,1115.0067138671875,1131.59765625,9246731,RELIANCE_NS
2022-01-11,1112.16259765625,1133.2359619140625,1142.18896484375,1123.7520751953125,1124.213623046875,16205164,RELIANCE_NS
2022-01-12,1141.851318359375,1163.4871826171875,1165.2640380859375,1137.5970458984375,1140.5045166015625,14800442,RELIANCE_NS
2022-01-13,1148.2828369140625,1170.04052734375,1172.671142578125,1157.626220703125,1163.5565185546875,11856712,RELIANCE_NS
2022-01-14,1149.95849609375,1171.748046875,1184.8084716796875,1165.6793212890625,1169.902099609375,19930176,RELIANCE_NS
2022-01-17,1155.959716796875,1177.8629150390625,1183.7470703125,1170.8250732421875,1171.28662109375,8036453,RELIANCE_NS
2022-01-18,1142.16845703125,1163.810302734375,1182.5240478515625,1161.0181884765625,1179.0167236328125,6215029,RELIANCE_NS
2022-01-19,1142.077880859375,1163.718017578125,1173.132568359375,1157.903076171875,1167.5946044921875,9755485,RELIANCE_NS
2022-01-20,1122.0814208984375,1143.3427734375,1158.341552734375,1132.9820556640625,1153.772705078125,16494486,RELIANCE_NS
2022-01-21,1122.2625732421875,1143.52734375,1154.7879638671875,1131.59765625,1131.59765625,13338594,RELIANCE_NS
2022-01-24,1076.9935302734375,1097.4005126953125,1155.9417724609375,1086.8782958984375,1142.2120361328125,21868937,RELIANCE_NS
2022-01-25,1074.887451171875,1095.2545166015625,1102.361572265625,1063.757080078125,1084.31689453125,24510205,RELIANCE_NS
2022-01-27,1058.9674072265625,1079.03271484375,1087.3397216796875,1066.5491943359375,1078.0635986328125,20020431,RELIANCE_NS
2022-01-28,1057.9482421875,1077.994384765625,1096.4774169921875,1074.5562744140625,1091.4471435546875,14667727,RELIANCE_NS
2022-01-31,1080.933837890625,1101.41552734375,1110.55322265625,1087.3858642578125,1089.23193359375,12143683,RELIANCE_NS
2022-02-01,1077.35595703125,1097.7696533203125,1117.1064453125,1083.186279296875,1111.2916259765625,13200509,RELIANCE_NS
2022-02-02,1079.552490234375,1100.0079345703125,1110.830078125,1096.1082763671875,1110.830078125,10017691,RELIANCE_NS
2022-02-03,1065.6025390625,1085.793701171875,1108.268798828125,1083.232421875,1103.9075927734375,9572839,RELIANCE_NS
2022-02-04,1055.8875732421875,1075.89453125,1083.809326171875,1071.187255859375,1080.37109375,11061241,RELIANCE_NS
2022-02-07,1049.4559326171875,1069.34130859375,1087.662841796875,1063.757080078125,1080.8326416015625,10714467,RELIANCE_NS
2022-02-08,1067.0972900390625,1087.316650390625,1089.1396484375,1066.0645751953125,1075.5946044921875,12060849,RELIANCE_NS
2022-02-09,1079.52978515625,1099.98486328125,1101.6923828125,1088.2166748046875,1094.2852783203125,11486225,RELIANCE_NS
2022-02-10,1078.42041015625,1098.854248046875,1105.6151123046875,1091.4932861328125,1105.6151123046875,12464491,RELIANCE_NS
2022-02-11,1076.3143310546875,1096.708251953125,1100.4464111328125,1081.8017578125,1095.2545166015625,15943370,RELIANCE_NS
2022-02-14,1059.171142578125,1079.240478515625,1086.80908203125,1067.4490966796875,1080.0250244140625,10719633,RELIANCE_NS
2022-02-15,1095.1328125,1115.883544921875,1118.6295166015625,1077.9251708984375,1085.078369140625,11212671,RELIANCE_NS
2022-02-16,1092.868408203125,1113.5760498046875,1122.8291015625,1105.7305908203125,1121.444580078125,10392840,RELIANCE_NS
2022-02-17,1106.7049560546875,1127.6748046875,1132.9359130859375,1112.214599609375,1116.875732421875,12853252,RELIANCE_NS
2022-02-18,1098.05419921875,1118.8602294921875,1133.628173828125,1116.8988037109375,1128.0902099609375,6775458,RELIANCE_NS
2022-02-21,1086.957763671875,1107.553466796875,1124.9058837890625,1100.4925537109375,1113.1375732421875,11107193,RELIANCE_NS
2022-02-22,1082.0208740234375,1102.5230712890625,1105.70751953125,1083.2093505859375,1085.8629150390625,13494914,RELIANCE_NS
2022-02-23,1075.2496337890625,1095.6236572265625,1110.6224365234375,1092.8316650390625,1108.1072998046875,7310110,RELIANCE_NS
2022-02-24,1021.66943359375,1041.0281982421875,1079.863525390625,1035.3287353515625,1063.757080078125,24846650,RELIANCE_NS
2022-02-25,1034.4420166015625,1054.0426025390625,1065.1185302734375,1050.489013671875,1052.2657470703125,14570089,RELIANCE_NS
2022-02-28,1068.6824951171875,1088.931884765625,1092.5316162109375,1035.1441650390625,1035.1441650390625,21297446,RELIANCE_NS
2022-03-02,1086.34619140625,1106.930419921875,1108.0611572265625,1074.9254150390625,1077.3482666015625,21471786,RELIANCE_NS
2022-03-03,1077.1746826171875,1097.5850830078125,1114.452880859375,1093.7777099609375,1107.599609375,10186748,RELIANCE_NS
2022-03-04,1053.283203125,1073.240966796875,1091.1240234375,1070.8411865234375,1085.9090576171875,10805667,RELIANCE_NS
2022-03-07,1014.3323974609375,1033.552001953125,1067.0338134765625,1025.45263671875,1051.61962890625,17983310,RELIANCE_NS
2022-03-08,1012.498046875,1031.682861328125,1036.5286865234375,1006.0696411132812,1020.6068725585938,21289374,RELIANCE_NS
2022-03-09,1066.214111328125,1086.416748046875,1092.3701171875,1031.059814453125,1031.9136962890625,20414228,RELIANCE_NS
2022-03-10,1083.4927978515625,1104.02294921875,1109.9071044921875,1089.1396484375,1107.599609375,17980493,RELIANCE_NS
2022-03-11,1086.617919921875,1107.207275390625,1112.6761474609375,1096.546630859375,1096.546630859375,12257423,RELIANCE_NS
2022-03-14,1095.54052734375,1116.298828125,1118.8602294921875,1095.6005859375,1101.553955078125,8340678,RELIANCE_NS
2022-03-15,1070.448974609375,1090.7318115234375,1120.49853515625,1080.3018798828125,1120.49853515625,15925769,RELIANCE_NS
2022-03-16,1088.520263671875,1109.1456298828125,1111.2454833984375,1097.03125,1099.2926025390625,11149828,RELIANCE_NS
2022-03-17,1124.0064697265625,1145.30419921875,1152.5496826171875,1114.5682373046875,1122.7137451171875,21422098,RELIANCE_NS
2022-03-21,1117.5296630859375,1138.7047119140625,1146.3656005859375,1125.59814453125,1127.9056396484375,11999466,RELIANCE_NS
2022-03-22,1146.4031982421875,1168.1253662109375,1169.8790283203125,1132.3360595703125,1135.335693359375,22557065,RELIANCE_NS
2022-03-23,1150.049072265625,1171.84033203125,1183.6778564453125,1164.3641357421875,1164.3641357421875,15462187,RELIANCE_NS
2022-03-24,1167.916748046875,1190.0465087890625,1192.5848388671875,1158.3646240234375,1158.3646240234375,13168266,RELIANCE_NS
2022-03-25,1175.7069091796875,1197.984375,1207.2835693359375,1189.2850341796875,1191.8233642578125,14222488,RELIANCE_NS
2022-03-28,1187.5281982421875,1210.029541015625,1213.629150390625,1193.6693115234375,1204.5145263671875,9891424,RELIANCE_NS
2022-03-29,1187.800048828125,1210.306396484375,1217.4365234375,1203.314697265625,1217.4365234375,8684065,RELIANCE_NS
2022-03-30,1210.626953125,1233.5660400390625,1240.5115966796875,1207.791259765625,1218.3134765625,15811550,RELIANCE_NS
2022-03-31,1193.325439453125,1215.9366455078125,1232.066162109375,1213.0985107421875,1229.8740234375,13223718,RELIANCE_NS
2022-04-01,1202.8819580078125,1225.67431640625,1229.96630859375,1210.0526123046875,1216.5135498046875,7922880,RELIANCE_NS
2022-04-04,1206.4375,1229.297119140625,1234.5120849609375,1219.12109375,1225.48974609375,7929162,RELIANCE_NS
2022-04-05,1189.385009765625,1211.921630859375,1232.158447265625,1209.45263671875,1223.482177734375,13149870,RELIANCE_NS
2022-04-06,1186.2147216796875,1208.691162109375,1215.8212890625,1193.9462890625,1193.9462890625,12257215,RELIANCE_NS
2022-04-07,1165.289794921875,1187.369873046875,1202.6685791015625,1184.6700439453125,1197.63818359375,15496499,RELIANCE_NS
2022-04-08,1184.6746826171875,1207.1220703125,1211.4371337890625,1181.4395751953125,1181.4395751953125,15152495,RELIANCE_NS
2022-04-11,1182.2064208984375,1204.60693359375,1217.6904296875,1192.0540771484375,1199.8995361328125,9254209,RELIANCE_NS
2022-04-12,1159.9454345703125,1181.9241943359375,1201.0994873046875,1179.316650390625,1193.9000244140625,13217742,RELIANCE_NS
2022-04-13,1155.68798828125,1177.5860595703125,1196.4844970703125,1174.747802734375,1188.13134765625,10354235,RELIANCE_NS
2022-04-18,1152.1551513671875,1173.986328125,1181.3472900390625,1163.810302734375,1168.9791259765625,9974224,RELIANCE_NS
2022-04-19,1196.065673828125,1218.728759765625,1231.2816162109375,1177.3092041015625,1180.5166015625,26141820,RELIANCE_NS
2022-04-20,1231.234619140625,1254.564208984375,1261.7406005859375,1222.5592041015625,1226.251220703125,25072240,RELIANCE_NS
2022-04-21,1260.06298828125,1283.938720703125,1287.123046875,1260.8175048828125,1269.5399169921875,21708633,RELIANCE_NS
2022-04-22,1249.510009765625,1273.185791015625,1293.12255859375,1266.4478759765625,1273.23193359375,15054154,RELIANCE_NS
2022-04-25,1220.6138916015625,1243.7420654296875,1273.0010986328125,1229.2740478515625,1265.6171875,17063215,RELIANCE_NS
2022-04-26,1257.1416015625,1280.9620361328125,1289.89208984375,1249.6031494140625,1250.66455078125,12227666,RELIANCE_NS
2022-04-27,1258.3646240234375,1282.2081298828125,1305.12158203125,1271.455078125,1271.8243408203125,19338945,RELIANCE_NS
2022-04-28,1277.160400390625,1301.3603515625,1315.736083984375,1285.78466796875,1296.79150390625,25614076,RELIANCE_NS
2022-04-29,1263.7542724609375,1287.699951171875,1318.11279296875,1281.7235107421875,1318.11279296875,18214862,RELIANCE_NS
2022-05-02,1259.3157958984375,1283.17724609375,1294.73779296875,1272.839599609375,1274.66259765625,9467006,RELIANCE_NS
2022-05-04,1220.0023193359375,1243.1190185546875,1287.5845947265625,1235.112060546875,1285.277099609375,19247660,RELIANCE_NS
2022-05-05,1196.1109619140625,1218.77490234375,1259.89453125,1214.6676025390625,1256.894775390625,17210669,RELIANCE_NS
2022-05-06,1186.9393310546875,1209.4295654296875,1227.1280517578125,1196.9228515625,1205.5299072265625,19649948,RELIANCE_NS
2022-05-09,1140.583251953125,1162.195068359375,1198.561279296875,1156.9801025390625,1188.3389892578125,18083752,RELIANCE_NS
2022-05-10,1120.813232421875,1142.050537109375,1166.0255126953125,1134.3665771484375,1151.442138671875,19511677,RELIANCE_NS
2022-05-11,1109.3319091796875,1130.3515625,1146.8040771484375,1117.7294921875,1141.1275634765625,16643899,RELIANCE_NS
2022-05-12,1086.7313232421875,1107.32275390625,1123.682861328125,1093.754638671875,1120.2908935546875,20490321,RELIANCE_NS
2022-05-13,1099.05078125,1119.87548828125,1143.5965576171875,1114.68359375,1119.5986328125,19308778,RELIANCE_NS
2022-05-16,1099.322509765625,1120.1524658203125,1144.9810791015625,1115.2835693359375,1123.498291015625,13437911,RELIANCE_NS
2022-05-17,1145.497314453125,1167.2022705078125,1172.1634521484375,1122.3675537109375,1123.7982177734375,16551828,RELIANCE_NS
2022-05-18,1149.6641845703125,1171.4481201171875,1186.0545654296875,1157.5570068359375,1172.048095703125,17276788,RELIANCE_NS
2022-05-19,1123.16845703125,1144.4503173828125,1159.518310546875,1138.0816650390625,1146.3656005859375,14699118,RELIANCE_NS
2022-05-20,1188.660400390625,1211.1832275390625,1220.39013671875,1154.672607421875,1159.518310546875,21793091,RELIANCE_NS
2022-05-23,1180.7117919921875,1203.083984375,1224.6129150390625,1196.6690673828125,1214.436767578125,15252755,RELIANCE_NS
2022-05-24,1184.7652587890625,1207.21435546875,1217.4365234375,1198.838134765625,1203.130126953125,13527818,RELIANCE_NS
2022-05-25,1183.0216064453125,1205.4376220703125,1226.066650390625,1200.591796875,1216.0521240234375,12714544,RELIANCE_NS
2022-05-26,1171.743896484375,1193.9462890625,1216.0059814453125,1175.901611328125,1211.16015625,17882023,RELIANCE_NS
2022-05-27,1166.308837890625,1188.408203125,1202.2762451171875,1172.2557373046875,1196.692138671875,16521973,RELIANCE_NS
2022-05-30,1206.935546875,1229.8048095703125,1234.050537109375,1197.222900390625,1206.822021484375,13853398,RELIANCE_NS
2022-05-31,1192.37451171875,1214.967529296875,1236.2657470703125,1207.1451416015625,1219.005615234375,70620653,RELIANCE_NS
2022-06-01,1192.75927734375,1215.35986328125,1225.3743896484375,1207.3758544921875,1215.72900390625,9776989,RELIANCE_NS
2022-06-02,1233.88427734375,1257.2640380859375,1261.0252685546875,1215.590576171875,1215.590576171875,22126569,RELIANCE_NS
2022-06-03,1258.8853759765625,1282.73876953125,1300.20654296875,1265.4324951171875,1266.3555908203125,23939791,RELIANCE_NS
2022-06-06,1253.4730224609375,1277.223876953125,1298.6605224609375,1269.9552001953125,1282.9696044921875,11093152,RELIANCE_NS
2022-06-07,1255.8282470703125,1279.6236572265625,1288.0921630859375,1270.0706787109375,1278.308349609375,12358255,RELIANCE_NS
2022-06-08,1233.7711181640625,1257.148681640625,1283.4310302734375,1253.572021484375,1279.6236572265625,12479250,RELIANCE_NS
2022-06-09,1267.6041259765625,1291.6226806640625,1293.583984375,1250.66455078125,1250.66455078125,17278305,RELIANCE_NS
2022-06-10,1229.33251953125,1252.6259765625,1287.5384521484375,1246.7418212890625,1279.2314453125,18093057,RELIANCE_NS
2022-06-13,1206.0750732421875,1228.9278564453125,1233.4967041015625,1207.4219970703125,1222.974609375,17620803,RELIANCE_NS
2022-06-14,1190.3134765625,1212.86767578125,1233.058349609375,1206.106689453125,1222.9976806640625,14714312,RELIANCE_NS
2022-06-15,1175.91064453125,1198.1920166015625,1217.113525390625,1192.7001953125,1207.9989013671875,11195535,RELIANCE_NS
2022-06-16,1159.4698486328125,1181.4395751953125,1227.151123046875,1178.6705322265625,1210.5140380859375,17111475,RELIANCE_NS
2022-06-17,1173.057373046875,1195.2845458984375,1211.3677978515625,1179.6397705078125,1181.4395751953125,24457187,RELIANCE_NS
2022-06-20,1151.7928466796875,1173.6171875,1207.791259765625,1163.4871826171875,1202.20703125,12066797,RELIANCE_NS
2022-06-21,1170.3851318359375,1192.561767578125,1196.8536376953125,1166.81005859375,1181.4395751953125,11720049,RELIANCE_NS
2022-06-22,1134.831298828125,1156.333984375,1180.655029296875,1154.2110595703125,1180.562744140625,10617206,RELIANCE_NS
2022-06-23,1116.419921875,1137.573974609375,1165.287109375,1128.3670654296875,1160.6951904296875,19446323,RELIANCE_NS
2022-06-24,1132.3175048828125,1153.772705078125,1158.8260498046875,1138.9815673828125,1144.5196533203125,14240234,RELIANCE_NS
2022-06-27,1128.9658203125,1150.3575439453125,1174.4940185546875,1145.23486328125,1174.4940185546875,15474529,RELIANCE_NS
2022-06-28,1144.8404541015625,1166.5330810546875,1169.41748046875,1145.48876953125,1145.48876953125,13572847,RELIANCE_NS
2022-06-29,1168.5960693359375,1190.73876953125,1198.51513671875,1154.2110595703125,1157.0723876953125,19205146,RELIANCE_NS
2022-06-30,1175.616455078125,1197.89208984375,1207.2374267578125,1184.2086181640625,1190.6695556640625,23112959,RELIANCE_NS
2022-07-01,1090.943359375,1111.6146240234375,1196.20751953125,1091.4471435546875,1188.31591796875,81997149,RELIANCE_NS
2022-07-04,1093.2080078125,1113.922119140625,1126.9825439453125,1091.9547119140625,1097.885009765625,41857728,RELIANCE_NS
2022-07-05,1102.0626220703125,1122.9444580078125,1137.5509033203125,1115.4912109375,1118.214111328125,17647327,RELIANCE_NS
2022-07-06,1092.369873046875,1113.068359375,1126.95947265625,1102.0616455078125,1116.875732421875,23943726,RELIANCE_NS
2022-07-07,1081.61328125,1102.1077880859375,1122.9444580078125,1096.0621337890625,1119.552490234375,23301033,RELIANCE_NS
2022-07-08,1083.10791015625,1103.6307373046875,1115.9066162109375,1099.54638671875,1115.9066162109375,19010108,RELIANCE_NS
2022-07-11,1097.827880859375,1118.6295166015625,1120.8907470703125,1093.754638671875,1096.75439453125,13847467,RELIANCE_NS
2022-07-12,1096.2650146484375,1117.0372314453125,1125.921142578125,1109.445556640625,1109.445556640625,10778989,RELIANCE_NS
2022-07-13,1076.8349609375,1097.2388916015625,1123.2906494140625,1095.13916015625,1120.1986083984375,14224132,RELIANCE_NS
2022-07-14,1085.7120361328125,1106.2843017578125,1123.267578125,1096.9620361328125,1102.0616455078125,16970315,RELIANCE_NS
2022-07-15,1087.818359375,1108.4302978515625,1114.5220947265625,1099.80029296875,1114.5220947265625,9603210,RELIANCE_NS
2022-07-18,1097.080322265625,1117.8680419921875,1119.1370849609375,1104.0460205078125,1117.2911376953125,15160908,RELIANCE_NS
2022-07-19,1103.806396484375,1124.7213134765625,1129.2901611328125,1107.738037109375,1107.738037109375,16439888,RELIANCE_NS
2022-07-20,1133.6534423828125,1155.134033203125,1173.36328125,1147.4039306640625,1172.2095947265625,23924246,RELIANCE_NS
2022-07-21,1126.0897216796875,1147.427001953125,1153.7496337890625,1138.6585693359375,1150.9805908203125,16523230,RELIANCE_NS
2022-07-22,1133.6988525390625,1155.1802978515625,1161.2720947265625,1151.442138671875,1153.7496337890625,10969995,RELIANCE_NS
2022-07-25,1096.2425537109375,1117.01416015625,1138.727783203125,1108.984130859375,1138.727783203125,23110452,RELIANCE_NS
2022-07-26,1096.7406005859375,1117.5218505859375,1127.8594970703125,1112.837646484375,1117.3372802734375,11303288,RELIANCE_NS
2022-07-27,1095.6990966796875,1116.46044921875,1120.06005859375,1108.5225830078125,1116.8065185546875,8655086,RELIANCE_NS
2022-07-28,1112.86474609375,1133.9512939453125,1138.95849609375,1117.2911376953125,1124.213623046875,12496073,RELIANCE_NS
2022-07-29,1136.5748291015625,1158.1107177734375,1161.6412353515625,1137.1356201171875,1142.0736083984375,15130683,RELIANCE_NS
2022-08-01,1166.19580078125,1188.2928466796875,1194.2462158203125,1157.2569580078125,1162.5872802734375,15700044,RELIANCE_NS
2022-08-02,1170.63427734375,1192.8155517578125,1203.499267578125,1182.1549072265625,1187.2083740234375,13917913,RELIANCE_NS
2022-08-03,1180.4625244140625,1202.830078125,1204.5145263671875,1184.8778076171875,1199.8995361328125,14250977,RELIANCE_NS
2022-08-04,1164.8594970703125,1186.931396484375,1208.0911865234375,1169.902099609375,1204.5145263671875,14467127,RELIANCE_NS
2022-08-05,1147.69384765625,1169.4405517578125,1190.11572265625,1166.18701171875,1188.8236083984375,13942438,RELIANCE_NS
2022-08-08,1162.708251953125,1184.7392578125,1192.307861328125,1168.0560302734375,1168.0560302734375,10165178,RELIANCE_NS
2022-08-10,1169.6605224609375,1191.8233642578125,1195.2384033203125,1180.078125,1189.2388916015625,10724688,RELIANCE_NS
2022-08-11,1173.5556640625,1195.792236328125,1204.4683837890625,1190.7618408203125,1201.3302001953125,8198226,RELIANCE_NS
2022-08-12,1192.5328369140625,1215.1290283203125,1218.9825439453125,1191.6849365234375,1195.4229736328125,12650587,RELIANCE_NS
2022-08-16,1200.8211669921875,1223.574462890625,1226.343505859375,1212.49853515625,1221.2208251953125,6607378,RELIANCE_NS
2022-08-17,1207.09423828125,1229.96630859375,1235.388916015625,1225.535888671875,1229.8970947265625,6595965,RELIANCE_NS
2022-08-18,1209.2833251953125,1228.1895751953125,1231.7430419921875,1218.451904296875,1227.589599609375,7410035,RELIANCE_NS
2022-08-19,1187.7222900390625,1206.2913818359375,1228.3741455078125,1202.1839599609375,1222.974609375,9460724,RELIANCE_NS
2022-08-22,1184.4278564453125,1202.9454345703125,1214.344482421875,1193.4385986328125,1207.7451171875,9471680,RELIANCE_NS
2022-08-23,1202.694580078125,1221.497802734375,1224.451416015625,1195.9075927734375,1197.130615234375,9678484,RELIANCE_NS
2022-08-24,1199.490966796875,1218.244140625,1232.20458984375,1216.213623046875,1218.40576171875,10369622,RELIANCE_NS
2022-08-25,1195.9921875,1214.690673828125,1228.9278564453125,1210.3294677734375,1222.489990234375,7871946,RELIANCE_NS
2022-08-26,1189.60791015625,1208.20654296875,1222.974609375,1203.130126953125,1215.1290283203125,10742038,RELIANCE_NS
2022-08-29,1180.3609619140625,1198.8150634765625,1225.2821044921875,1189.7696533203125,1192.97705078125,19838975,RELIANCE_NS
2022-08-30,1198.6729736328125,1217.4134521484375,1220.782470703125,1189.1004638671875,1206.360595703125,23139054,RELIANCE_NS
2022-09-01,1163.4345703125,1181.6241455078125,1202.1839599609375,1177.1475830078125,1191.892578125,19909939,RELIANCE_NS
2022-09-02,1149.8482666015625,1167.8253173828125,1188.5235595703125,1165.610107421875,1181.6241455078125,12999345,RELIANCE_NS
2022-09-05,1167.7060546875,1185.9622802734375,1191.36181640625,1168.0560302734375,1168.0560302734375,11327815,RELIANCE_NS
2022-09-06,1179.997314453125,1198.44580078125,1202.6685791015625,1186.9775390625,1187.4390869140625,10899618,RELIANCE_NS
2022-09-07,1173.135986328125,1191.4771728515625,1197.5458984375,1186.0545654296875,1188.362060546875,7488501,RELIANCE_NS
2022-09-08,1174.7945556640625,1193.16162109375,1198.9765625,1186.51611328125,1194.4769287109375,7057077,RELIANCE_NS
2022-09-09,1167.4788818359375,1185.7315673828125,1204.5145263671875,1183.2855224609375,1204.5145263671875,8314850,RELIANCE_NS
2022-09-12,1180.5426025390625,1198.9996337890625,1205.4376220703125,1186.308349609375,1186.308349609375,7435419,RELIANCE_NS
2022-09-13,1190.4031982421875,1209.01416015625,1213.6060791015625,1200.361083984375,1208.20654296875,8888657,RELIANCE_NS
2022-09-14,1176.135009765625,1194.5230712890625,1204.5145263671875,1187.32373046875,1188.362060546875,8678219,RELIANCE_NS
2022-09-15,1164.4798583984375,1182.6856689453125,1201.537841796875,1179.939697265625,1192.0540771484375,10365600,RELIANCE_NS
2022-09-16,1135.625732421875,1153.38037109375,1178.2091064453125,1149.5960693359375,1173.940185546875,20217708,RELIANCE_NS
2022-09-19,1137.1024169921875,1154.8802490234375,1164.2255859375,1145.142578125,1153.38037109375,7580254,RELIANCE_NS
2022-09-20,1137.2841796875,1155.0648193359375,1171.148193359375,1151.3035888671875,1164.1102294921875,8411448,RELIANCE_NS
2022-09-21,1140.4195556640625,1158.249267578125,1168.9791259765625,1151.442138671875,1152.249755859375,9207309,RELIANCE_NS
2022-09-22,1129.673095703125,1147.334716796875,1155.134033203125,1140.873779296875,1147.28857421875,10308170,RELIANCE_NS
2022-09-23,1108.498291015625,1125.828857421875,1151.8804931640625,1124.259765625,1146.8271484375,9528051,RELIANCE_NS
2022-09-26,1080.257568359375,1097.1466064453125,1115.8143310546875,1096.13134765625,1104.8536376953125,12479523,RELIANCE_NS
2022-09-27,1088.8455810546875,1105.8690185546875,1119.5986328125,1089.185791015625,1104.83056640625,16154822,RELIANCE_NS
2022-09-28,1059.855224609375,1076.42529296875,1097.4466552734375,1073.956298828125,1089.3011474609375,16997059,RELIANCE_NS
2022-09-29,1056.6064453125,1073.1256103515625,1092.600830078125,1067.4490966796875,1089.1396484375,14671827,RELIANCE_NS
2022-09-30,1080.4393310546875,1097.331298828125,1108.5225830078125,1066.526123046875,1066.526123046875,18613024,RELIANCE_NS
2022-10-03,1076.6905517578125,1093.52392578125,1115.4219970703125,1090.524169921875,1103.6768798828125,11852723,RELIANCE_NS
2022-10-04,1096.547607421875,1113.69140625,1115.9066162109375,1103.0538330078125,1106.5843505859375,8948850,RELIANCE_NS
2022-10-06,1100.5916748046875,1117.7987060546875,1130.674560546875,1115.975830078125,1120.983154296875,13352162,RELIANCE_NS
2022-10-07,1105.2493896484375,1122.5291748046875,1127.8594970703125,1114.360595703125,1114.360595703125,7714340,RELIANCE_NS
2022-10-10,1093.1851806640625,1110.2763671875,1115.7220458984375,1102.0616455078125,1109.9071044921875,6329527,RELIANCE_NS
2022-10-11,1071.4195556640625,1088.17041015625,1114.060546875,1085.0322265625,1114.060546875,9215177,RELIANCE_NS
2022-10-12,1079.3033447265625,1096.177490234375,1099.1541748046875,1081.3402099609375,1085.4476318359375,7417103,RELIANCE_NS
2022-10-13,1082.7340087890625,1099.661865234375,1104.83056640625,1089.185791015625,1094.4007568359375,7328492,RELIANCE_NS
2022-10-14,1077.23583984375,1094.07763671875,1115.1451416015625,1093.3392333984375,1114.5220947265625,9106089,RELIANCE_NS
2022-10-17,1094.5255126953125,1111.6376953125,1114.060546875,1081.571044921875,1086.8321533203125,16729355,RELIANCE_NS
2022-10-18,1113.83740234375,1131.25146484375,1136.674072265625,1116.8988037109375,1117.7525634765625,12415820,RELIANCE_NS
2022-10-19,1133.2174072265625,1150.9344482421875,1166.6024169921875,1126.8441162109375,1132.7513427734375,19247142,RELIANCE_NS
2022-10-20,1136.2618408203125,1154.0264892578125,1162.51806640625,1146.8271484375,1146.8271484375,8717053,RELIANCE_NS
2022-10-21,1123.084228515625,1140.6429443359375,1161.5028076171875,1138.5201416015625,1157.3031005859375,8243452,RELIANCE_NS
2022-10-24,1126.8331298828125,1144.4503173828125,1154.9033203125,1133.12060546875,1135.28955078125,3370033,RELIANCE_NS
2022-10-25,1109.4298095703125,1126.77490234375,1153.2880859375,1125.1365966796875,1153.2880859375,12233241,RELIANCE_NS
2022-10-27,1113.7918701171875,1131.205322265625,1139.1893310546875,1122.73681640625,1134.3665771484375,12513059,RELIANCE_NS
2022-10-28,1147.87158203125,1165.81787109375,1169.902099609375,1135.0357666015625,1137.5970458984375,17609592,RELIANCE_NS
2022-10-31,1158.5272216796875,1176.6400146484375,1181.8780517578125,1168.60986328125,1172.671142578125,12419943,RELIANCE_NS
2022-11-01,1149.5528564453125,1167.525390625,1199.8995361328125,1157.441650390625,1199.8995361328125,13963166,RELIANCE_NS
2022-11-02,1156.7322998046875,1174.8170166015625,1176.9168701171875,1160.672119140625,1168.656005859375,8981896,RELIANCE_NS
2022-11-03,1161.049072265625,1179.2012939453125,1181.23193359375,1165.3101806640625,1167.525390625,6693449,RELIANCE_NS
2022-11-04,1178.134521484375,1196.5537109375,1199.8995361328125,1177.332275390625,1178.6243896484375,12575815,RELIANCE_NS
2022-11-07,1184.4278564453125,1202.9454345703125,1204.653076171875,1187.900634765625,1195.74609375,11789748,RELIANCE_NS
2022-11-09,1183.2464599609375,1201.74560546875,1210.029541015625,1195.3076171875,1204.653076171875,11254205,RELIANCE_NS
2022-11-10,1168.9329833984375,1187.2083740234375,1198.307373046875,1182.8240966796875,1195.2845458984375,5966242,RELIANCE_NS
2022-11-11,1195.878662109375,1214.5753173828125,1216.5135498046875,1194.361572265625,1199.8995361328125,12310132,RELIANCE_NS
2022-11-14,1190.0849609375,1208.691162109375,1219.2825927734375,1202.2762451171875,1214.0906982421875,9043112,RELIANCE_NS
2022-11-15,1184.7459716796875,1203.2685546875,1212.0831298828125,1195.2845458984375,1210.1910400390625,7086433,RELIANCE_NS
2022-11-16,1177.9527587890625,1196.369140625,1207.260498046875,1191.2926025390625,1204.5145263671875,9716161,RELIANCE_NS
2022-11-17,1180.9970703125,1199.461181640625,1205.8990478515625,1190.6695556640625,1192.9539794921875,6661451,RELIANCE_NS
2022-11-18,1180.3609619140625,1198.8150634765625,1204.0531005859375,1186.562255859375,1203.0146484375,5303197,RELIANCE_NS
2022-11-21,1159.117919921875,1177.239990234375,1194.361572265625,1173.6402587890625,1194.361572265625,6390268,RELIANCE_NS
2022-11-22,1165.547607421875,1183.7701416015625,1185.3623046875,1170.5943603515625,1174.51708984375,6611488,RELIANCE_NS
2022-11-23,1161.9124755859375,1180.078125,1189.700439453125,1177.8629150390625,1188.362060546875,6413408,RELIANCE_NS
2022-11-24,1171.931884765625,1190.2542724609375,1197.130615234375,1175.993896484375,1184.2086181640625,9389439,RELIANCE_NS
2022-11-25,1189.4261474609375,1208.02197265625,1211.390869140625,1191.638671875,1194.8231201171875,7349922,RELIANCE_NS
2022-11-28,1230.2989501953125,1249.533935546875,1255.76416015625,1154.672607421875,1204.0069580078125,31527484,RELIANCE_NS
2022-11-29,1232.411865234375,1251.6798095703125,1260.656005859375,1243.280517578125,1247.8724365234375,11058913,RELIANCE_NS
2022-11-30,1241.113525390625,1260.517578125,1267.0247802734375,1245.2188720703125,1251.818359375,26164986,RELIANCE_NS
2022-12-01,1237.45556640625,1256.802490234375,1271.4320068359375,1253.43359375,1265.3402099609375,9485801,RELIANCE_NS
2022-12-02,1236.93310546875,1256.271728515625,1268.2015380859375,1246.326416015625,1259.89453125,11589592,RELIANCE_NS
2022-12-05,1218.8936767578125,1237.9501953125,1253.7796630859375,1235.8966064453125,1251.5875244140625,14828536,RELIANCE_NS
2022-12-06,1222.415283203125,1241.52685546875,1244.6650390625,1228.051025390625,1229.9432373046875,8594245,RELIANCE_NS
2022-12-07,1204.375732421875,1223.205322265625,1243.7420654296875,1219.351806640625,1239.1270751953125,8462111,RELIANCE_NS
2022-12-08,1203.8077392578125,1222.62841796875,1229.8970947265625,1218.40576171875,1227.589599609375,7757008,RELIANCE_NS
2022-12-09,1185.5638427734375,1204.0992431640625,1227.589599609375,1200.7532958984375,1221.1285400390625,12655763,RELIANCE_NS
2022-12-12,1187.3814697265625,1205.9451904296875,1210.5140380859375,1192.97705078125,1193.2078857421875,9479842,RELIANCE_NS
2022-12-13,1192.7886962890625,1211.4371337890625,1215.1290283203125,1202.9915771484375,1205.9451904296875,8333348,RELIANCE_NS
2022-12-14,1188.471923828125,1207.0528564453125,1217.875,1204.97607421875,1217.2750244140625,7268947,RELIANCE_NS
2022-12-15,1171.591064453125,1189.9080810546875,1206.822021484375,1186.51611328125,1201.0533447265625,8688551,RELIANCE_NS
2022-12-16,1165.7974853515625,1184.02392578125,1208.5758056640625,1180.5858154296875,1186.51611328125,15837349,RELIANCE_NS
2022-12-19,1181.1107177734375,1199.5765380859375,1201.74560546875,1184.5316162109375,1191.131103515625,7729933,RELIANCE_NS
2022-12-20,1191.3345947265625,1209.9603271484375,1211.8985595703125,1184.2086181640625,1192.469482421875,7467588,RELIANCE_NS
2022-12-21,1174.3856201171875,1192.746337890625,1215.1290283203125,1188.8697509765625,1209.591064453125,8527550,RELIANCE_NS
2022-12-22,1171.34130859375,1189.654296875,1202.0455322265625,1184.5546875,1198.9765625,7451122,RELIANCE_NS
2022-12-23,1136.989013671875,1154.764892578125,1195.515380859375,1150.1729736328125,1182.9625244140625,10257115,RELIANCE_NS
2022-12-26,1146.9173583984375,1164.8486328125,1173.132568359375,1150.2421875,1160.5567626953125,5990242,RELIANCE_NS
2022-12-27,1156.3006591796875,1174.378662109375,1176.270751953125,1160.7874755859375,1167.5946044921875,5763271,RELIANCE_NS
2022-12-28,1156.1871337890625,1174.2633056640625,1176.7322998046875,1163.671875,1171.28662109375,7459393,RELIANCE_NS
2022-12-29,1155.66455078125,1173.7325439453125,1176.31689453125,1165.517822265625,1166.2100830078125,6930648,RELIANCE_NS
2022-12-30,1157.4366455078125,1175.5323486328125,1189.2850341796875,1172.71728515625,1174.563232421875,7289476,RELIANCE_NS
2023-01-02,1170.4779052734375,1188.7774658203125,1190.2081298828125,1175.993896484375,1176.8245849609375,5316175,RELIANCE_NS
2023-01-03,1161.9124755859375,1180.078125,1187.4390869140625,1175.809326171875,1183.7701416015625,7658932,RELIANCE_NS
2023-01-04,1144.418212890625,1162.3104248046875,1181.9241943359375,1160.2105712890625,1180.0550537109375,9264891,RELIANCE_NS
2023-01-05,1142.3734130859375,1160.233642578125,1170.5482177734375,1155.5955810546875,1164.5948486328125,13637099,RELIANCE_NS
2023-01-06,1152.75634765625,1170.7789306640625,1175.8785400390625,1162.195068359375,1166.048583984375,6349597,RELIANCE_NS
2023-01-09,1179.9747314453125,1198.4227294921875,1200.8226318359375,1173.755615234375,1174.655517578125,10722753,RELIANCE_NS
2023-01-10,1162.52587890625,1180.701171875,1202.6685791015625,1174.9786376953125,1202.6685791015625,8047142,RELIANCE_NS
2023-01-11,1147.87158203125,1165.81787109375,1180.5166015625,1163.4871826171875,1177.9783935546875,11509553,RELIANCE_NS
2023-01-12,1123.084228515625,1140.6429443359375,1168.748291015625,1137.5970458984375,1165.2178955078125,17688773,RELIANCE_NS
2023-01-13,1121.2667236328125,1138.7969970703125,1141.242919921875,1123.5675048828125,1134.5511474609375,20618583,RELIANCE_NS
2023-01-16,1110.5885009765625,1127.9517822265625,1144.3580322265625,1120.06005859375,1141.150634765625,13623855,RELIANCE_NS
2023-01-17,1126.3560791015625,1143.9658203125,1145.904052734375,1130.9515380859375,1134.3665771484375,10751000,RELIANCE_NS
2023-01-18,1124.492919921875,1142.0736083984375,1149.6422119140625,1135.451171875,1141.5198974609375,13448286,RELIANCE_NS
2023-01-19,1123.288818359375,1140.8507080078125,1145.05029296875,1133.7435302734375,1141.242919921875,11940054,RELIANCE_NS
2023-01-20,1109.9295654296875,1127.2825927734375,1142.2120361328125,1124.79052734375,1142.2120361328125,14930286,RELIANCE_NS
2023-01-23,1104.3177490234375,1121.5830078125,1138.15087890625,1119.1370849609375,1130.213134765625,10954118,RELIANCE_NS
2023-01-24,1097.7972412109375,1114.9605712890625,1127.7440185546875,1101.7615966796875,1126.0595703125,16488755,RELIANCE_NS
2023-01-25,1082.620361328125,1099.54638671875,1114.3836669921875,1098.36962890625,1113.3453369140625,12385018,RELIANCE_NS
2023-01-27,1062.081787109375,1078.6866455078125,1101.7615966796875,1066.8260498046875,1100.4002685546875,25830975,RELIANCE_NS
2023-01-30,1072.26025390625,1089.0242919921875,1094.6314697265625,1061.9111328125,1076.0792236328125,21772103,RELIANCE_NS
2023-01-31,1069.579345703125,1086.3013916015625,1101.900146484375,1080.37109375,1099.2926025390625,22691594,RELIANCE_NS
2023-02-01,1063.2406005859375,1079.863525390625,1098.3465576171875,1063.757080078125,1098.3465576171875,19347800,RELIANCE_NS
2023-02-02,1057.3560791015625,1073.8870849609375,1083.6015625,1066.526123046875,1069.756591796875,13662663,RELIANCE_NS
2023-02-03,1058.2874755859375,1074.8331298828125,1084.0631103515625,1058.2191162109375,1084.0631103515625,24699575,RELIANCE_NS
2023-02-06,1050.3128662109375,1066.7337646484375,1071.14111328125,1064.1263427734375,1068.3720703125,14837879,RELIANCE_NS
2023-02-07,1047.7911376953125,1064.1724853515625,1074.0947265625,1058.2191162109375,1066.9876708984375,15135435,RELIANCE_NS
2023-02-08,1068.7158203125,1085.424560546875,1089.093505859375,1064.68017578125,1067.4490966796875,21160332,RELIANCE_NS
2023-02-09,1070.5789794921875,1087.316650390625,1094.1468505859375,1077.140625,1086.1168212890625,13172763,RELIANCE_NS
2023-02-10,1061.763671875,1078.3636474609375,1086.7860107421875,1071.279541015625,1086.7860107421875,10790445,RELIANCE_NS
2023-02-13,1055.7200927734375,1072.2257080078125,1084.524658203125,1067.7030029296875,1080.001953125,10352493,RELIANCE_NS
2023-02-14,1080.5985107421875,1097.4927978515625,1099.2464599609375,1072.3641357421875,1075.2716064453125,14321920,RELIANCE_NS
2023-02-15,1105.0675048828125,1122.344482421875,1124.7674560546875,1095.13916015625,1096.5235595703125,33503591,RELIANCE_NS
2023-02-16,1104.2042236328125,1121.4676513671875,1137.0433349609375,1119.16015625,1130.4207763671875,17264487,RELIANCE_NS
2023-02-17,1108.8162841796875,1126.15185546875,1129.5208740234375,1112.491455078125,1116.82958984375,11809520,RELIANCE_NS
2023-02-20,1097.093017578125,1114.2452392578125,1130.5592041015625,1112.2607421875,1128.3670654296875,8836937,RELIANCE_NS
2023-02-21,1106.0445556640625,1123.3367919921875,1129.19775390625,1113.299072265625,1118.6756591796875,13311592,RELIANCE_NS
2023-02-22,1080.9617919921875,1097.8619384765625,1121.444580078125,1096.085205078125,1119.5755615234375,11024335,RELIANCE_NS
2023-02-23,1075.7816162109375,1092.600830078125,1105.1767578125,1089.7626953125,1097.4466552734375,9851910,RELIANCE_NS
2023-02-24,1083.1429443359375,1100.0771484375,1105.8228759765625,1092.8316650390625,1094.6776123046875,9434053,RELIANCE_NS
2023-02-27,1075.9407958984375,1092.7623291015625,1102.8231201171875,1085.3092041015625,1099.2926025390625,11199715,RELIANCE_NS
2023-02-28,1055.3565673828125,1071.8564453125,1092.3701171875,1067.7491455078125,1087.3397216796875,21994038,RELIANCE_NS
2023-03-01,1065.0579833984375,1081.70947265625,1082.4478759765625,1072.179443359375,1081.755615234375,11551145,RELIANCE_NS
2023-03-02,1056.9471435546875,1073.4716796875,1085.2861328125,1071.41796875,1078.525146484375,9333535,RELIANCE_NS
2023-03-03,1083.9154052734375,1100.8616943359375,1104.5767822265625,1080.625,1084.13232421875,14643807,RELIANCE_NS
2023-03-06,1094.5028076171875,1111.6146240234375,1118.9525146484375,1107.599609375,1107.599609375,10171916,RELIANCE_NS
2023-03-08,1098.4334716796875,1115.606689453125,1116.3681640625,1100.6771240234375,1111.6146240234375,15782657,RELIANCE_NS
2023-03-09,1072.0330810546875,1088.79345703125,1115.39892578125,1086.8782958984375,1114.983642578125,16235128,RELIANCE_NS
2023-03-10,1055.4248046875,1071.9256591796875,1081.755615234375,1068.3951416015625,1080.6019287109375,13334091,RELIANCE_NS
2023-03-13,1038.06689453125,1054.29638671875,1081.755615234375,1049.912109375,1074.8331298828125,12771592,RELIANCE_NS
2023-03-14,1034.181884765625,1050.3505859375,1063.7340087890625,1047.166259765625,1052.2196044921875,16027522,RELIANCE_NS
2023-03-15,1016.5057373046875,1032.398193359375,1060.6650390625,1027.9447021484375,1054.11181640625,21728555,RELIANCE_NS
2023-03-16,1011.4392700195312,1027.25244140625,1040.2205810546875,1016.31494140625,1035.1441650390625,18363159,RELIANCE_NS
2023-03-17,1010.1670532226562,1025.9603271484375,1039.2745361328125,1021.1607055664062,1035.9517822265625,34014213,RELIANCE_NS
2023-03-20,1000.238525390625,1015.8765258789062,1024.5296630859375,1006.0696411132812,1022.22216796875,19524589,RELIANCE_NS
2023-03-21,1031.341796875,1047.4661865234375,1049.45068359375,1023.1451416015625,1024.0450439453125,21400360,RELIANCE_NS
2023-03-22,1034.477294921875,1050.6505126953125,1057.5037841796875,1047.6046142578125,1054.527099609375,10920094,RELIANCE_NS
2023-03-23,1021.3906860351562,1037.359375,1047.5584716796875,1035.167236328125,1046.681640625,16249370,RELIANCE_NS
2023-03-24,1001.1699829101562,1016.8225708007812,1038.3746337890625,1014.3766479492188,1036.1824951171875,12375945,RELIANCE_NS
2023-03-27,1016.7330322265625,1032.62890625,1040.2205810546875,1015.3919677734375,1023.3759155273438,14054323,RELIANCE_NS
2023-03-28,1021.4815673828125,1037.45166015625,1041.3743896484375,1032.3751220703125,1036.067138671875,12576424,RELIANCE_NS
2023-03-29,1015.4381103515625,1031.313720703125,1035.974853515625,1020.4223022460938,1033.298095703125,18804065,RELIANCE_NS
2023-03-31,1059.218994140625,1075.7791748046875,1081.5018310546875,1040.543701171875,1040.68212890625,28171201,RELIANCE_NS
2023-04-03,1059.4007568359375,1075.9637451171875,1084.0631103515625,1068.3720703125,1082.2171630859375,10293043,RELIANCE_NS
2023-04-05,1056.856201171875,1073.37939453125,1083.6015625,1065.3955078125,1083.6015625,16262928,RELIANCE_NS
2023-04-06,1063.9447021484375,1080.5787353515625,1086.37060546875,1069.8258056640625,1069.8258056640625,18435046,RELIANCE_NS
2023-04-10,1056.401611328125,1072.9178466796875,1084.709228515625,1071.3948974609375,1084.524658203125,12961408,RELIANCE_NS
2023-04-11,1061.6273193359375,1078.22509765625,1080.37109375,1072.5487060546875,1077.140625,10542367,RELIANCE_NS
2023-04-12,1066.3077392578125,1082.9786376953125,1092.7392578125,1075.3177490234375,1078.22509765625,18179087,RELIANCE_NS
2023-04-13,1070.3289794921875,1087.0628662109375,1091.8162841796875,1080.8326416015625,1085.9090576171875,12378208,RELIANCE_NS
2023-04-17,1075.759033203125,1092.5777587890625,1119.114013671875,1084.086181640625,1119.114013671875,17929479,RELIANCE_NS
2023-04-18,1063.4449462890625,1080.0711669921875,1096.985107421875,1073.4486083984375,1096.985107421875,10405576,RELIANCE_NS
2023-04-19,1068.73876953125,1085.4476318359375,1088.17041015625,1076.3099365234375,1079.47119140625,12273475,RELIANCE_NS
2023-04-20,1066.0347900390625,1082.70166015625,1088.6781005859375,1076.2637939453125,1086.416748046875,7007330,RELIANCE_NS
2023-04-21,1067.3753662109375,1084.0631103515625,1089.60107421875,1078.2481689453125,1084.8245849609375,7647317,RELIANCE_NS
2023-04-24,1071.465087890625,1088.2166748046875,1098.784912109375,1083.6015625,1096.0621337890625,12936186,RELIANCE_NS
2023-04-25,1079.666748046875,1096.546630859375,1098.646484375,1084.75537109375,1091.9085693359375,9236126,RELIANCE_NS
2023-04-26,1073.328125,1090.1087646484375,1101.184814453125,1086.3936767578125,1097.9080810546875,8617834,RELIANCE_NS
2023-04-27,1080.121337890625,1097.0081787109375,1100.215576171875,1090.985595703125,1096.0621337890625,9167125,RELIANCE_NS
2023-04-28,1099.86474609375,1117.060302734375,1118.6295166015625,1099.17724609375,1099.2926025390625,15565210,RELIANCE_NS
2023-05-02,1109.2025146484375,1126.544189453125,1128.736328125,1120.5677490234375,1124.305908203125,12981805,RELIANCE_NS
2023-05-03,1099.6829833984375,1116.875732421875,1128.3670654296875,1113.6221923828125,1128.3670654296875,7061872,RELIANCE_NS
2023-05-04,1112.360595703125,1129.7515869140625,1131.9898681640625,1114.3375244140625,1117.3603515625,8635233,RELIANCE_NS
2023-05-05,1109.5206298828125,1126.8671875,1135.91259765625,1124.213623046875,1126.5211181640625,8746585,RELIANCE_NS
2023-05-08,1123.220703125,1140.781494140625,1146.2041015625,1127.974853515625,1130.674560546875,9153782,RELIANCE_NS
2023-05-09,1126.69677734375,1144.3118896484375,1147.6578369140625,1136.7894287109375,1142.2120361328125,6464721,RELIANCE_NS
2023-05-10,1134.4442138671875,1152.1805419921875,1153.680419921875,1145.0733642578125,1149.1346435546875,10872255,RELIANCE_NS
2023-05-11,1127.03759765625,1144.6580810546875,1158.1337890625,1142.9273681640625,1153.2650146484375,10557860,RELIANCE_NS
2023-05-12,1128.8778076171875,1146.527099609375,1147.9346923828125,1133.67431640625,1139.812255859375,6955341,RELIANCE_NS
2023-05-15,1131.104248046875,1148.7884521484375,1155.849365234375,1141.3582763671875,1149.0885009765625,6833343,RELIANCE_NS
2023-05-16,1114.9962158203125,1132.4283447265625,1153.56494140625,1130.7437744140625,1150.9805908203125,8717229,RELIANCE_NS
2023-05-17,1108.4073486328125,1125.736572265625,1137.5970458984375,1120.983154296875,1136.674072265625,8798967,RELIANCE_NS
2023-05-18,1106.02197265625,1123.313720703125,1133.9051513671875,1120.1292724609375,1130.4669189453125,10525531,RELIANCE_NS
2023-05-19,1109.6114501953125,1126.95947265625,1128.8055419921875,1116.298828125,1123.313720703125,8050447,RELIANCE_NS
2023-05-22,1115.5413818359375,1132.9820556640625,1138.05859375,1122.5291748046875,1123.7520751953125,7434906,RELIANCE_NS
2023-05-23,1115.3369140625,1132.7744140625,1138.9815673828125,1131.34375,1135.589599609375,6092034,RELIANCE_NS
2023-05-24,1108.8389892578125,1126.1749267578125,1137.1356201171875,1123.0367431640625,1128.782470703125,8112254,RELIANCE_NS
2023-05-25,1108.7027587890625,1126.0364990234375,1130.213134765625,1115.0067138671875,1123.2445068359375,11487863,RELIANCE_NS
2023-05-26,1138.9427490234375,1156.7493896484375,1157.903076171875,1131.020751953125,1134.3665771484375,12626260,RELIANCE_NS
2023-05-29,1145.3497314453125,1163.2564697265625,1167.5946044921875,1157.0723876953125,1163.4410400390625,10010304,RELIANCE_NS
2023-05-30,1145.0543212890625,1162.95654296875,1171.148193359375,1160.3720703125,1163.2564697265625,11342504,RELIANCE_NS
2023-05-31,1122.3118896484375,1139.8583984375,1158.29541015625,1135.7510986328125,1153.7496337890625,27107927,RELIANCE_NS
2023-06-01,1119.2900390625,1136.7894287109375,1146.781005859375,1134.3665771484375,1144.5888671875,14592692,RELIANCE_NS
2023-06-02,1115.6322021484375,1133.0743408203125,1145.8348388671875,1131.1361083984375,1140.3660888671875,15800644,RELIANCE_NS
2023-06-05,1125.6517333984375,1143.25048828125,1146.250244140625,1134.57421875,1138.6124267578125,10908682,RELIANCE_NS
2023-06-06,1126.6058349609375,1144.2196044921875,1148.0731201171875,1136.212646484375,1146.11181640625,7493309,RELIANCE_NS
2023-06-07,1135.148681640625,1152.8958740234375,1153.7496337890625,1141.1044921875,1147.7501220703125,10312545,RELIANCE_NS
2023-06-08,1135.8302001953125,1153.5880126953125,1161.52587890625,1149.5960693359375,1156.5185546875,12071109,RELIANCE_NS
2023-06-09,1127.787353515625,1145.4195556640625,1157.6954345703125,1143.5965576171875,1156.9801025390625,5877018,RELIANCE_NS
2023-06-12,1128.7869873046875,1146.434814453125,1148.765380859375,1137.5970458984375,1142.44287109375,6391969,RELIANCE_NS
2023-06-13,1145.46337890625,1163.371826171875,1164.57177734375,1147.4039306640625,1151.442138671875,11248016,RELIANCE_NS
2023-06-14,1159.549560546875,1177.6783447265625,1179.132080078125,1161.5950927734375,1163.4410400390625,13277380,RELIANCE_NS
2023-06-15,1159.86767578125,1178.00146484375,1182.616455078125,1170.1328125,1177.6552734375,11813494,RELIANCE_NS
2023-06-16,1171.1595458984375,1189.4697265625,1191.7772216796875,1181.5318603515625,1181.5318603515625,24171579,RELIANCE_NS
2023-06-19,1159.52685546875,1177.6552734375,1192.515625,1173.4326171875,1192.515625,6798554,RELIANCE_NS
2023-06-20,1161.9351806640625,1180.1011962890625,1183.2855224609375,1169.902099609375,1175.6939697265625,6921096,RELIANCE_NS
2023-06-21,1165.2069091796875,1183.424072265625,1185.9853515625,1175.901611328125,1180.0550537109375,6961603,RELIANCE_NS
2023-06-22,1152.1202392578125,1170.1328125,1187.5775146484375,1168.517578125,1179.5936279296875,7619166,RELIANCE_NS
2023-06-23,1142.6915283203125,1160.5567626953125,1169.1636962890625,1159.28759765625,1167.0869140625,6628570,RELIANCE_NS
2023-06-26,1133.96728515625,1151.6959228515625,1160.856689453125,1148.53466796875,1156.9801025390625,12641159,RELIANCE_NS
2023-06-27,1134.3760986328125,1152.111328125,1158.1337890625,1147.588623046875,1152.157470703125,9689466,RELIANCE_NS
2023-06-28,1149.3939208984375,1167.3638916015625,1171.2174072265625,1152.75732421875,1159.7491455078125,11354006,RELIANCE_NS
2023-06-30,1158.8226318359375,1176.93994140625,1179.8935546875,1169.186767578125,1175.1632080078125,11151555,RELIANCE_NS
2023-07-03,1188.5628662109375,1207.1451416015625,1210.0526123046875,1179.2935791015625,1180.5396728515625,12154387,RELIANCE_NS
2023-07-04,1176.31689453125,1194.707763671875,1211.4371337890625,1187.554443359375,1211.4371337890625,8061643,RELIANCE_NS
2023-07-05,1174.3856201171875,1192.746337890625,1204.0531005859375,1188.7313232421875,1204.0531005859375,10248062,RELIANCE_NS
2023-07-06,1199.0367431640625,1217.78271484375,1220.4132080078125,1188.8466796875,1188.8466796875,19117987,RELIANCE_NS
2023-07-07,1196.696533203125,1215.406005859375,1229.8740234375,1212.821533203125,1216.0521240234375,13375267,RELIANCE_NS
2023-07-10,1242.794921875,1262.22509765625,1271.8935546875,1234.5120849609375,1240.9268798828125,33240016,RELIANCE_NS
2023-07-11,1256.2677001953125,1275.9085693359375,1278.3544921875,1263.4019775390625,1270.462890625,20069348,RELIANCE_NS
2023-07-12,1257.6536865234375,1277.316162109375,1293.12255859375,1274.5009765625,1276.64697265625,18733835,RELIANCE_NS
2023-07-13,1246.4072265625,1265.89404296875,1291.738037109375,1263.240478515625,1284.7694091796875,14682934,RELIANCE_NS
2023-07-14,1245.3623046875,1264.8326416015625,1274.1549072265625,1257.6331787109375,1269.12451171875,15124144,RELIANCE_NS
2023-07-17,1270.8084716796875,1290.6766357421875,1299.1451416015625,1258.9715576171875,1267.7401123046875,22220040,RELIANCE_NS
2023-07-18,1281.6002197265625,1301.63720703125,1309.482666015625,1288.968994140625,1300.0450439453125,25867313,RELIANCE_NS
2023-07-19,1291.324462890625,1311.5133056640625,1318.0435791015625,1290.8150634765625,1306.0445556640625,39122156,RELIANCE_NS
2023-07-20,1289.760498046875,1309.925048828125,1315.4749755859375,1290.0,1290.0,38717624,RELIANCE_NS
2023-07-21,1249.834716796875,1269.375,1307.449951171875,1261.800048828125,1304.5,30249238,RELIANCE_NS
2023-07-24,1224.5548095703125,1243.699951171875,1257.4749755859375,1234.6500244140625,1240.5,23727866,RELIANCE_NS
2023-07-25,1223.767333984375,1242.9000244140625,1252.5999755859375,1240.0,1247.0,12026020,RELIANCE_NS
2023-07-26,1243.65625,1263.0999755859375,1273.5,1242.5,1242.5,12911012,RELIANCE_NS
2023-07-27,1232.0872802734375,1251.3499755859375,1268.824951171875,1245.175048828125,1267.0250244140625,17226898,RELIANCE_NS
2023-07-28,1244.4686279296875,1263.925048828125,1271.425048828125,1250.2750244140625,1256.0250244140625,20827852,RELIANCE_NS
2023-07-31,1255.00390625,1274.625,1276.949951171875,1258.9749755859375,1263.925048828125,8551174,RELIANCE_NS
2023-08-01,1237.25634765625,1256.5999755859375,1279.5,1252.6500244140625,1277.5,9536632,RELIANCE_NS
2023-08-02,1224.0379638671875,1243.175048828125,1256.0,1231.800048828125,1254.5999755859375,12748214,RELIANCE_NS
2023-08-03,1218.8934326171875,1237.949951171875,1250.449951171875,1229.0250244140625,1237.6500244140625,10168350,RELIANCE_NS
2023-08-04,1235.45947265625,1254.7750244140625,1258.0,1235.800048828125,1249.4000244140625,22885610,RELIANCE_NS
2023-08-07,1242.49951171875,1261.925048828125,1264.199951171875,1252.5,1260.5,5982870,RELIANCE_NS
2023-08-08,1235.0162353515625,1254.324951171875,1267.2249755859375,1249.7750244140625,1264.0,9844072,RELIANCE_NS
2023-08-09,1243.1641845703125,1262.5999755859375,1264.5,1240.550048828125,1252.425048828125,11486586,RELIANCE_NS
2023-08-10,1248.702392578125,1268.2249755859375,1275.0,1254.2249755859375,1262.4749755859375,15470598,RELIANCE_NS
2023-08-11,1253.969970703125,1273.574951171875,1279.425048828125,1256.175048828125,1266.2249755859375,22179330,RELIANCE_NS
2023-08-14,1268.788330078125,1288.625,1291.1500244140625,1262.5,1269.5,9575812,RELIANCE_NS
2023-08-16,1267.7545166015625,1287.574951171875,1291.4000244140625,1275.5,1275.5,10203112,RELIANCE_NS
2023-08-17,1249.4654541015625,1269.0,1289.050048828125,1266.425048828125,1283.550048828125,13673744,RELIANCE_NS
2023-08-18,1258.7208251953125,1278.4000244140625,1288.800048828125,1254.2750244140625,1265.625,18639978,RELIANCE_NS
2023-08-21,1244.986328125,1260.0,1277.7249755859375,1257.824951171875,1269.9749755859375,9221746,RELIANCE_NS
2023-08-22,1244.68994140625,1259.699951171875,1268.9749755859375,1249.5,1258.449951171875,7713044,RELIANCE_NS
2023-08-23,1246.0732421875,1261.0999755859375,1271.425048828125,1258.4749755859375,1262.0999755859375,9517952,RELIANCE_NS
2023-08-24,1225.1258544921875,1239.9000244140625,1269.949951171875,1235.5,1269.949951171875,14140020,RELIANCE_NS
2023-08-25,1219.4691162109375,1234.175048828125,1252.5,1221.300048828125,1228.0,22222400,RELIANCE_NS
2023-08-28,1207.315673828125,1221.875,1242.0,1215.550048828125,1236.0,12580826,RELIANCE_NS
2023-08-29,1195.755126953125,1210.175048828125,1226.7249755859375,1204.074951171875,1226.0250244140625,16876644,RELIANCE_NS
2023-08-30,1194.61865234375,1209.0250244140625,1221.5,1207.5,1216.0,12168946,RELIANCE_NS
2023-08-31,1189.1595458984375,1203.5,1212.5,1199.949951171875,1211.5,21638600,RELIANCE_NS
2023-09-01,1191.950927734375,1206.324951171875,1212.824951171875,1200.824951171875,1203.2750244140625,18112842,RELIANCE_NS
2023-09-04,1190.9874267578125,1205.3499755859375,1211.824951171875,1202.6500244140625,1206.324951171875,9347626,RELIANCE_NS
2023-09-05,1197.3607177734375,1211.800048828125,1216.9749755859375,1206.2249755859375,1210.0,8675876,RELIANCE_NS
2023-09-06,1199.88037109375,1214.3499755859375,1218.074951171875,1208.625,1210.550048828125,8200370,RELIANCE_NS
2023-09-07,1201.5107421875,1216.0,1219.125,1205.5,1210.8499755859375,13652572,RELIANCE_NS
2023-09-08,1209.5140380859375,1224.0999755859375,1228.0,1211.4749755859375,1220.0,23109288,RELIANCE_NS
2023-09-11,1222.5570068359375,1237.300048828125,1238.425048828125,1226.0,1226.0,13271074,RELIANCE_NS
2023-09-12,1204.89501953125,1219.425048828125,1241.5,1217.9749755859375,1241.5,16255666,RELIANCE_NS
2023-09-13,1210.9222412109375,1225.5250244140625,1231.324951171875,1213.125,1220.0,12803338,RELIANCE_NS
2023-09-14,1212.0338134765625,1226.6500244140625,1232.9000244140625,1222.5,1230.0,9209636,RELIANCE_NS
2023-09-15,1214.28173828125,1228.925048828125,1234.0,1224.75,1234.0,25468592,RELIANCE_NS
2023-09-18,1203.709228515625,1218.2249755859375,1225.5,1216.0250244140625,1220.0250244140625,7516300,RELIANCE_NS
2023-09-20,1176.8826904296875,1191.074951171875,1213.800048828125,1177.5,1211.5250244140625,57081884,RELIANCE_NS
2023-09-21,1168.31103515625,1182.4000244140625,1195.050048828125,1180.0,1187.4749755859375,12226182,RELIANCE_NS
2023-09-22,1163.4447021484375,1177.4749755859375,1191.2249755859375,1175.0,1188.0,19176786,RELIANCE_NS
2023-09-25,1156.2811279296875,1170.2249755859375,1180.3499755859375,1167.550048828125,1175.199951171875,14254884,RELIANCE_NS
2023-09-26,1157.2938232421875,1171.25,1175.0999755859375,1167.800048828125,1169.2750244140625,10087782,RELIANCE_NS
2023-09-27,1170.3365478515625,1184.449951171875,1185.9000244140625,1169.25,1171.75,11722778,RELIANCE_NS
2023-09-28,1153.14404296875,1167.050048828125,1191.5,1162.5,1191.5,14518346,RELIANCE_NS
2023-09-29,1158.529052734375,1172.5,1184.550048828125,1167.050048828125,1170.9000244140625,12342014,RELIANCE_NS
2023-10-03,1145.263916015625,1159.074951171875,1167.800048828125,1158.0,1164.9749755859375,8859056,RELIANCE_NS
2023-10-04,1143.2877197265625,1157.074951171875,1159.5,1147.550048828125,1154.5,10286386,RELIANCE_NS
2023-10-05,1143.2630615234375,1157.050048828125,1164.699951171875,1154.5,1159.625,10953682,RELIANCE_NS
2023-10-06,1145.18994140625,1159.0,1162.4000244140625,1156.0250244140625,1158.5250244140625,5431026,RELIANCE_NS
2023-10-09,1135.4324951171875,1149.125,1155.9749755859375,1147.5,1154.050048828125,7576878,RELIANCE_NS
2023-10-10,1140.447021484375,1154.199951171875,1158.949951171875,1151.875,1153.2750244140625,10236032,RELIANCE_NS
2023-10-11,1158.5537109375,1172.5250244140625,1174.8499755859375,1156.5,1157.2249755859375,9814118,RELIANCE_NS
2023-10-12,1160.70263671875,1174.699951171875,1179.675048828125,1169.074951171875,1171.925048828125,12554450,RELIANCE_NS
2023-10-13,1160.6534423828125,1174.6500244140625,1178.75,1164.574951171875,1170.0,10150316,RELIANCE_NS
2023-10-16,1158.0596923828125,1172.0250244140625,1177.2750244140625,1168.0,1172.5,5929036,RELIANCE_NS
2023-10-17,1163.593017578125,1177.625,1179.8499755859375,1170.6500244140625,1178.0,7928180,RELIANCE_NS
2023-10-18,1148.154052734375,1162.0,1183.5,1160.5,1177.625,8918320,RELIANCE_NS
2023-10-19,1139.33544921875,1153.074951171875,1160.9000244140625,1150.5,1156.0,12032556,RELIANCE_NS
2023-10-20,1135.8525390625,1149.550048828125,1157.3499755859375,1148.1500244140625,1150.0,8913312,RELIANCE_NS
2023-10-23,1118.1163330078125,1131.5999755859375,1153.125,1127.625,1145.0,7853962,RELIANCE_NS
2023-10-25,1115.522705078125,1128.9749755859375,1140.5999755859375,1121.5,1125.0250244140625,11620688,RELIANCE_NS
2023-10-26,1099.985107421875,1113.25,1129.0,1110.1500244140625,1125.5,15222534,RELIANCE_NS
2023-10-27,1119.40087890625,1132.9000244140625,1136.75,1117.9749755859375,1120.0,11771084,RELIANCE_NS
2023-10-30,1142.4725341796875,1156.25,1162.5,1134.9749755859375,1137.0,16813304,RELIANCE_NS
2023-10-31,1130.319091796875,1143.949951171875,1164.0,1141.449951171875,1164.0,12808438,RELIANCE_NS
2023-11-01,1135.0125732421875,1148.699951171875,1158.75,1137.5999755859375,1144.574951171875,10309190,RELIANCE_NS
2023-11-02,1146.2767333984375,1160.0999755859375,1162.1500244140625,1153.9749755859375,1156.9749755859375,10562104,RELIANCE_NS
2023-11-03,1146.0296630859375,1159.8499755859375,1167.4749755859375,1157.875,1163.5999755859375,8850156,RELIANCE_NS
2023-11-06,1155.564697265625,1169.5,1170.0,1162.800048828125,1166.1500244140625,10647304,RELIANCE_NS
2023-11-07,1148.0552978515625,1161.9000244140625,1169.550048828125,1159.7750244140625,1167.0250244140625,6960204,RELIANCE_NS
2023-11-08,1154.033203125,1167.949951171875,1170.5,1160.875,1166.0,7884494,RELIANCE_NS
2023-11-09,1141.50927734375,1155.2750244140625,1167.949951171875,1152.0999755859375,1167.925048828125,14513610,RELIANCE_NS
2023-11-10,1143.658203125,1157.449951171875,1158.175048828125,1149.0250244140625,1152.7750244140625,7734954,RELIANCE_NS
2023-11-13,1143.5101318359375,1157.300048828125,1162.300048828125,1155.8499755859375,1161.449951171875,3854810,RELIANCE_NS
2023-11-15,1164.185791015625,1178.2249755859375,1180.9749755859375,1163.5,1170.0,12220648,RELIANCE_NS
2023-11-16,1166.285400390625,1180.3499755859375,1187.074951171875,1173.4749755859375,1175.550048828125,13134910,RELIANCE_NS
2023-11-17,1163.7412109375,1177.7750244140625,1186.625,1176.0250244140625,1176.449951171875,7758634,RELIANCE_NS
2023-11-20,1160.6781005859375,1174.675048828125,1179.199951171875,1168.199951171875,1174.2750244140625,4490186,RELIANCE_NS
2023-11-21,1175.2769775390625,1189.449951171875,1194.0,1180.0999755859375,1183.0,8214450,RELIANCE_NS
2023-11-22,1179.87158203125,1194.0999755859375,1197.2249755859375,1186.0999755859375,1187.5,8534814,RELIANCE_NS
2023-11-23,1183.4781494140625,1197.75,1200.0,1194.0999755859375,1194.0999755859375,8531542,RELIANCE_NS
2023-11-24,1182.6876220703125,1196.949951171875,1201.300048828125,1195.5250244140625,1195.800048828125,6749486,RELIANCE_NS
2023-11-28,1182.9346923828125,1197.199951171875,1199.8499755859375,1187.625,1196.949951171875,13792174,RELIANCE_NS
2023-11-29,1186.047119140625,1200.3499755859375,1205.9749755859375,1199.0250244140625,1204.0,12531306,RELIANCE_NS
2023-11-30,1174.5606689453125,1188.7249755859375,1200.3499755859375,1184.949951171875,1197.3499755859375,28439984,RELIANCE_NS
2023-12-01,1182.88525390625,1197.1500244140625,1198.199951171875,1188.800048828125,1189.0,14342842,RELIANCE_NS
2023-12-04,1195.680908203125,1210.0999755859375,1225.0,1199.300048828125,1225.0,15590990,RELIANCE_NS
2023-12-05,1204.3514404296875,1218.875,1220.425048828125,1210.824951171875,1219.5,12693624,RELIANCE_NS
2023-12-06,1215.8873291015625,1230.550048828125,1236.4749755859375,1217.5,1223.550048828125,16422442,RELIANCE_NS
2023-12-07,1213.886474609375,1228.5250244140625,1230.4749755859375,1221.0,1230.0,8142096,RELIANCE_NS
2023-12-08,1213.2442626953125,1227.875,1238.3499755859375,1222.5,1231.925048828125,10204894,RELIANCE_NS
2023-12-11,1215.022705078125,1229.675048828125,1233.800048828125,1226.199951171875,1228.0,7066138,RELIANCE_NS
2023-12-12,1197.5831298828125,1212.0250244140625,1232.4749755859375,1210.074951171875,1230.0,9197124,RELIANCE_NS
2023-12-13,1202.4739990234375,1216.9749755859375,1219.175048828125,1203.1500244140625,1211.0,10031182,RELIANCE_NS
2023-12-14,1217.39404296875,1232.074951171875,1237.4749755859375,1221.324951171875,1227.0,16972354,RELIANCE_NS
2023-12-15,1232.9317626953125,1247.800048828125,1250.0,1235.0250244140625,1239.0,15932152,RELIANCE_NS
2023-12-18,1245.4803466796875,1260.5,1267.449951171875,1245.4749755859375,1247.800048828125,14165188,RELIANCE_NS
2023-12-19,1263.8094482421875,1279.050048828125,1286.949951171875,1262.5999755859375,1277.5,16820604,RELIANCE_NS
2023-12-20,1248.518798828125,1263.574951171875,1299.425048828125,1260.0,1285.5250244140625,17736722,RELIANCE_NS
2023-12-21,1266.0079345703125,1281.2750244140625,1286.75,1259.125,1263.5,13765454,RELIANCE_NS
2023-12-22,1267.242919921875,1282.5250244140625,1290.449951171875,1273.824951171875,1279.800048828125,16541784,RELIANCE_NS
2023-12-26,1273.66552734375,1289.0250244140625,1295.9749755859375,1281.3499755859375,1284.0,7465664,RELIANCE_NS
2023-12-27,1278.01318359375,1293.425048828125,1299.949951171875,1286.550048828125,1291.0,9204156,RELIANCE_NS
2023-12-28,1287.251708984375,1302.7750244140625,1306.0,1293.425048828125,1294.9000244140625,12302636,RELIANCE_NS
2023-12-29,1277.074462890625,1292.4749755859375,1307.0,1289.6500244140625,1305.550048828125,10864584,RELIANCE_NS
2024-01-01,1279.69287109375,1295.125,1303.425048828125,1286.574951171875,1290.2750244140625,4030540,RELIANCE_NS
2024-01-02,1290.2900390625,1305.8499755859375,1307.5,1286.5,1292.5,7448800,RELIANCE_NS
2024-01-03,1276.2593994140625,1291.6500244140625,1317.0,1288.5999755859375,1305.0,9037536,RELIANCE_NS
2024-01-04,1282.8546142578125,1298.324951171875,1304.925048828125,1289.550048828125,1294.0,9612778,RELIANCE_NS
2024-01-05,1288.3138427734375,1303.8499755859375,1309.925048828125,1299.0,1301.449951171875,8086406,RELIANCE_NS
2024-01-08,1278.26025390625,1293.675048828125,1315.9749755859375,1284.4749755859375,1305.0,7734652,RELIANCE_NS
2024-01-09,1274.8758544921875,1290.25,1303.4000244140625,1288.5999755859375,1300.0,5403074,RELIANCE_NS
2024-01-10,1309.26123046875,1325.050048828125,1329.5,1287.5250244140625,1288.5,11102740,RELIANCE_NS
2024-01-11,1343.6961669921875,1359.9000244140625,1362.5,1328.5,1329.5,23725852,RELIANCE_NS
2024-01-12,1354.3919677734375,1370.7249755859375,1373.324951171875,1345.75,1359.9000244140625,15012164,RELIANCE_NS
2024-01-15,1377.51318359375,1394.125,1396.449951171875,1366.0,1375.0,8610594,RELIANCE_NS
2024-01-16,1358.24560546875,1374.625,1396.300048828125,1370.5,1389.9749755859375,9069024,RELIANCE_NS
2024-01-17,1345.35107421875,1361.574951171875,1386.2750244140625,1355.0250244140625,1359.5,12197382,RELIANCE_NS
2024-01-18,1351.6500244140625,1367.949951171875,1371.0,1351.25,1351.4000244140625,10279438,RELIANCE_NS
2024-01-19,1351.156005859375,1367.449951171875,1376.0,1359.0,1376.0,10422704,RELIANCE_NS
2024-01-23,1312.7442626953125,1328.574951171875,1371.75,1322.550048828125,1371.75,20055420,RELIANCE_NS
2024-01-24,1327.862060546875,1343.875,1349.5,1323.925048828125,1335.2249755859375,21919128,RELIANCE_NS
2024-01-25,1336.9522705078125,1353.074951171875,1364.1500244140625,1335.199951171875,1342.949951171875,11808872,RELIANCE_NS
2024-01-29,1430.7957763671875,1448.050048828125,1452.5,1360.175048828125,1364.5,23893438,RELIANCE_NS
2024-01-30,1390.852294921875,1407.625,1459.9749755859375,1404.425048828125,1459.949951171875,14093978,RELIANCE_NS
2024-01-31,1409.6258544921875,1426.625,1434.25,1402.5,1404.0,15130226,RELIANCE_NS
2024-02-01,1409.650634765625,1426.6500244140625,1443.3499755859375,1418.050048828125,1435.0,13349362,RELIANCE_NS
2024-02-02,1440.3306884765625,1457.699951171875,1474.9000244140625,1433.175048828125,1433.175048828125,19652588,RELIANCE_NS
2024-02-05,1421.878173828125,1439.0250244140625,1470.5,1431.5250244140625,1460.75,8814432,RELIANCE_NS
2024-02-06,1410.7869873046875,1427.800048828125,1441.8499755859375,1419.824951171875,1441.8499755859375,9047984,RELIANCE_NS
2024-02-07,1424.9659423828125,1442.1500244140625,1449.5,1429.25,1435.925048828125,9296568,RELIANCE_NS
2024-02-08,1432.845947265625,1450.125,1459.4749755859375,1427.5250244140625,1450.0,14694634,RELIANCE_NS
2024-02-09,1443.3443603515625,1460.75,1471.9749755859375,1450.949951171875,1454.0,12556798,RELIANCE_NS
2024-02-12,1435.04443359375,1452.3499755859375,1461.0,1442.3499755859375,1460.75,6674430,RELIANCE_NS
2024-02-13,1447.642333984375,1465.0999755859375,1479.0,1454.0,1455.5,7715594,RELIANCE_NS
2024-02-14,1463.7235107421875,1481.375,1483.6500244140625,1457.5,1457.5,7117888,RELIANCE_NS
2024-02-15,1453.076904296875,1470.5999755859375,1484.7249755859375,1466.5250244140625,1483.3499755859375,10006782,RELIANCE_NS
2024-02-16,1443.17138671875,1460.574951171875,1477.0,1458.550048828125,1476.4749755859375,9767498,RELIANCE_NS
2024-02-19,1456.4364013671875,1474.0,1479.5,1453.5250244140625,1462.050048828125,6729828,RELIANCE_NS
2024-02-20,1453.4969482421875,1471.0250244140625,1475.5,1461.800048828125,1475.0250244140625,7117496,RELIANCE_NS
2024-02-21,1450.2115478515625,1467.699951171875,1488.5250244140625,1457.550048828125,1474.0,12720292,RELIANCE_NS
2024-02-22,1464.0941162109375,1481.75,1484.949951171875,1458.0,1468.1500244140625,18493728,RELIANCE_NS
2024-02-23,1475.82763671875,1493.625,1497.550048828125,1483.3499755859375,1489.5,14438584,RELIANCE_NS
2024-02-26,1469.6026611328125,1487.324951171875,1494.5250244140625,1482.5,1493.550048828125,7513106,RELIANCE_NS
2024-02-27,1467.94775390625,1485.6500244140625,1499.949951171875,1478.050048828125,1483.0250244140625,10826044,RELIANCE_NS
2024-02-28,1438.2803955078125,1455.625,1491.2750244140625,1450.175048828125,1483.0,8647950,RELIANCE_NS
2024-02-29,1443.3939208984375,1460.800048828125,1478.9749755859375,1454.5250244140625,1465.0,23628976,RELIANCE_NS
2024-03-01,1474.345458984375,1492.125,1500.0,1462.5,1463.5,12132926,RELIANCE_NS
2024-03-04,1489.4384765625,1507.4000244140625,1512.449951171875,1487.2249755859375,1490.4749755859375,10024420,RELIANCE_NS
2024-03-05,1482.32421875,1500.199951171875,1507.4000244140625,1486.050048828125,1505.7750244140625,7107668,RELIANCE_NS
2024-03-06,1485.0908203125,1503.0,1509.0,1478.5,1493.449951171875,7805676,RELIANCE_NS
2024-03-07,1461.3028564453125,1478.925048828125,1503.0999755859375,1475.550048828125,1502.9749755859375,8315726,RELIANCE_NS
2024-03-11,1449.1246337890625,1466.5999755859375,1489.0,1463.5,1489.0,11277130,RELIANCE_NS
2024-03-12,1457.8446044921875,1475.425048828125,1488.0,1465.0250244140625,1466.5999755859375,9432678,RELIANCE_NS
2024-03-13,1415.10986328125,1432.175048828125,1483.0999755859375,1427.7750244140625,1479.7750244140625,13522134,RELIANCE_NS
2024-03-14,1414.4180908203125,1431.4749755859375,1448.5250244140625,1425.5,1439.699951171875,18571102,RELIANCE_NS
2024-03-15,1401.3260498046875,1418.2249755859375,1433.2249755859375,1412.9000244140625,1425.949951171875,19223818,RELIANCE_NS
2024-03-18,1422.3228759765625,1439.4749755859375,1441.7249755859375,1416.5250244140625,1420.0,9169392,RELIANCE_NS
2024-03-19,1408.267333984375,1425.25,1437.5999755859375,1417.25,1428.75,8275764,RELIANCE_NS
2024-03-20,1426.546875,1443.75,1445.0,1424.0250244140625,1427.949951171875,8488806,RELIANCE_NS
2024-03-21,1433.685791015625,1450.9749755859375,1457.9000244140625,1444.675048828125,1452.5250244140625,13006936,RELIANCE_NS
2024-03-22,1437.6876220703125,1455.0250244140625,1460.0,1447.3499755859375,1449.9749755859375,19527608,RELIANCE_NS
2024-03-26,1424.3978271484375,1441.574951171875,1452.4000244140625,1439.0,1445.0,11415906,RELIANCE_NS
2024-03-27,1475.061767578125,1492.8499755859375,1500.0,1447.0,1448.0,16326644,RELIANCE_NS
2024-03-28,1468.1451416015625,1485.8499755859375,1505.949951171875,1478.6500244140625,1492.875,21854364,RELIANCE_NS
2024-04-01,1467.0830078125,1484.7750244140625,1493.9749755859375,1482.5,1492.4749755859375,5013880,RELIANCE_NS
2024-04-02,1469.2320556640625,1486.949951171875,1494.0,1475.0,1484.0,8910166,RELIANCE_NS
2024-04-03,1454.0650634765625,1471.5999755859375,1484.449951171875,1468.9000244140625,1482.074951171875,7008292,RELIANCE_NS
2024-04-04,1445.493408203125,1462.925048828125,1479.75,1450.0,1479.75,14490272,RELIANCE_NS
2024-04-05,1442.7020263671875,1460.0999755859375,1470.800048828125,1456.0,1460.875,7442298,RELIANCE_NS
2024-04-08,1468.2686767578125,1485.9749755859375,1490.9749755859375,1461.0,1462.9749755859375,8357118,RELIANCE_NS
2024-04-09,1446.2098388671875,1463.6500244140625,1489.800048828125,1462.5,1489.0,7071414,RELIANCE_NS
2024-04-10,1461.945068359375,1479.574951171875,1487.0,1466.3499755859375,1466.3499755859375,9138330,RELIANCE_NS
2024-04-12,1449.6680908203125,1467.1500244140625,1486.4749755859375,1463.074951171875,1475.875,15551012,RELIANCE_NS
2024-04-15,1447.3707275390625,1464.824951171875,1482.125,1446.324951171875,1461.0,12902062,RELIANCE_NS
2024-04-16,1448.2847900390625,1465.75,1471.175048828125,1450.925048828125,1453.3499755859375,9366184,RELIANCE_NS
2024-04-18,1446.876708984375,1464.324951171875,1486.0,1459.3499755859375,1463.5,19005692,RELIANCE_NS
2024-04-19,1452.607666015625,1470.125,1474.0,1443.0250244140625,1456.7750244140625,15741778,RELIANCE_NS
2024-04-22,1462.2166748046875,1479.8499755859375,1482.824951171875,1467.800048828125,1472.449951171875,10350362,RELIANCE_NS
2024-04-23,1441.936279296875,1459.324951171875,1493.5,1455.550048828125,1479.0,14605554,RELIANCE_NS
2024-04-24,1432.8953857421875,1450.175048828125,1468.550048828125,1449.5,1463.5,10462776,RELIANCE_NS
2024-04-25,1442.5784912109375,1459.9749755859375,1467.9749755859375,1441.5,1442.5,15943926,RELIANCE_NS
2024-04-26,1435.2420654296875,1452.550048828125,1465.0,1450.0,1463.949951171875,9413848,RELIANCE_NS
2024-04-29,1447.5684814453125,1465.0250244140625,1467.9000244140625,1450.0,1450.0,7247974,RELIANCE_NS
2024-04-30,1449.5198974609375,1467.0,1483.074951171875,1462.875,1468.0,11474262,RELIANCE_NS
2024-05-02,1449.0753173828125,1466.550048828125,1477.324951171875,1464.125,1472.0,14512646,RELIANCE_NS
2024-05-03,1416.9130859375,1434.0,1474.949951171875,1416.1500244140625,1471.0,17226958,RELIANCE_NS
2024-05-06,1402.610595703125,1419.5250244140625,1440.0,1418.0,1435.5,7394208,RELIANCE_NS
2024-05-07,1384.775634765625,1401.4749755859375,1420.75,1392.0,1415.9749755859375,14517472,RELIANCE_NS
2024-05-08,1401.6470947265625,1418.550048828125,1432.949951171875,1397.5,1397.5,9439002,RELIANCE_NS
2024-05-09,1377.51318359375,1394.125,1423.75,1390.0,1413.0,11009612,RELIANCE_NS
2024-05-10,1390.65478515625,1407.425048828125,1410.0,1388.074951171875,1396.75,10505096,RELIANCE_NS
2024-05-13,1385.986083984375,1402.699951171875,1406.9749755859375,1384.0,1399.9000244140625,8456620,RELIANCE_NS
2024-05-14,1403.1539306640625,1420.074951171875,1427.074951171875,1400.0250244140625,1400.9749755859375,7188300,RELIANCE_NS
2024-05-15,1399.3994140625,1416.2750244140625,1429.9749755859375,1413.0250244140625,1420.5,5046534,RELIANCE_NS
2024-05-16,1408.3660888671875,1425.3499755859375,1427.5,1398.0250244140625,1418.550048828125,14711774,RELIANCE_NS
2024-05-17,1418.5927734375,1435.699951171875,1437.199951171875,1413.25,1423.050048828125,10916476,RELIANCE_NS
2024-05-21,1419.0126953125,1436.125,1441.824951171875,1425.5999755859375,1425.5999755859375,11176128,RELIANCE_NS
2024-05-22,1443.2454833984375,1460.6500244140625,1468.7750244140625,1436.2750244140625,1436.2750244140625,10281604,RELIANCE_NS
2024-05-23,1468.343017578125,1486.050048828125,1492.2249755859375,1455.0,1458.550048828125,14608260,RELIANCE_NS
2024-05-24,1462.6119384765625,1480.25,1488.5,1476.0999755859375,1483.625,7094776,RELIANCE_NS
2024-05-27,1448.77880859375,1466.25,1484.9000244140625,1461.550048828125,1480.2249755859375,6629010,RELIANCE_NS
2024-05-28,1438.8486328125,1456.199951171875,1478.5,1452.75,1468.0,7820162,RELIANCE_NS
2024-05-29,1423.607421875,1440.7750244140625,1458.0,1438.449951171875,1446.5,7383556,RELIANCE_NS
2024-05-30,1407.8720703125,1424.8499755859375,1440.4000244140625,1420.0999755859375,1435.5,13206858,RELIANCE_NS
2024-05-31,1413.35595703125,1430.4000244140625,1442.25,1422.25,1431.300048828125,31069832,RELIANCE_NS
2024-06-03,1492.32861328125,1510.324951171875,1514.5,1459.0,1483.0,21527942,RELIANCE_NS
2024-06-04,1380.625732421875,1397.2750244140625,1498.050048828125,1359.300048828125,1498.050048828125,36709098,RELIANCE_NS
2024-06-05,1403.821044921875,1420.75,1431.1500244140625,1384.0999755859375,1422.0,17464890,RELIANCE_NS
2024-06-06,1414.5416259765625,1431.5999755859375,1443.699951171875,1421.3499755859375,1435.0,17855722,RELIANCE_NS
2024-06-07,1452.4345703125,1469.949951171875,1472.0,1426.5,1428.5,18558696,RELIANCE_NS
2024-06-10,1453.867431640625,1471.4000244140625,1493.3499755859375,1468.074951171875,1469.949951171875,9251760,RELIANCE_NS
2024-06-11,1439.3179931640625,1456.675048828125,1473.675048828125,1454.675048828125,1469.0,11774902,RELIANCE_NS
2024-06-12,1445.8885498046875,1463.324951171875,1476.0,1455.175048828125,1457.5,10081742,RELIANCE_NS
2024-06-13,1447.790771484375,1465.25,1472.25,1460.0999755859375,1472.0,9181160,RELIANCE_NS
2024-06-14,1459.9442138671875,1477.550048828125,1479.675048828125,1457.2249755859375,1470.0,8157998,RELIANCE_NS
2024-06-18,1463.3778076171875,1481.0250244140625,1487.4000244140625,1471.3499755859375,1487.3499755859375,7196766,RELIANCE_NS
2024-06-19,1441.26953125,1458.6500244140625,1487.5,1456.0,1487.5,8725874,RELIANCE_NS
2024-06-20,1456.139892578125,1473.699951171875,1482.8499755859375,1450.0999755859375,1459.0,16113776,RELIANCE_NS
2024-06-21,1436.8724365234375,1454.199951171875,1474.699951171875,1440.574951171875,1473.625,31170360,RELIANCE_NS
2024-06-24,1424.298828125,1441.4749755859375,1449.5,1437.5,1445.5250244140625,8878386,RELIANCE_NS
2024-06-25,1436.822998046875,1454.1500244140625,1455.925048828125,1441.0,1443.0,7045386,RELIANCE_NS
2024-06-26,1495.9844970703125,1514.0250244140625,1518.9749755859375,1445.125,1446.050048828125,22014882,RELIANCE_NS
2024-06-27,1512.312744140625,1530.550048828125,1537.5,1506.0,1513.75,28383030,RELIANCE_NS
2024-06-28,1546.7474365234375,1565.4000244140625,1581.0,1531.0250244140625,1531.0250244140625,28957336,RELIANCE_NS
2024-07-01,1541.5599365234375,1560.1500244140625,1579.4000244140625,1555.675048828125,1562.5250244140625,7724306,RELIANCE_NS
2024-07-02,1546.5250244140625,1565.175048828125,1573.5,1557.0,1569.5,7749246,RELIANCE_NS
2024-07-03,1533.927001953125,1552.425048828125,1575.0,1542.7750244140625,1566.324951171875,9049620,RELIANCE_NS
2024-07-04,1535.5079345703125,1554.0250244140625,1567.5,1550.800048828125,1557.0,6837176,RELIANCE_NS
2024-07-05,1569.6956787109375,1588.625,1598.5,1548.0,1553.824951171875,12269710,RELIANCE_NS
2024-07-08,1581.824462890625,1600.9000244140625,1608.800048828125,1582.5250244140625,1589.0,9500806,RELIANCE_NS
2024-07-09,1571.3260498046875,1590.2750244140625,1600.5,1580.5,1597.5999755859375,6960002,RELIANCE_NS
2024-07-10,1565.3480224609375,1584.2249755859375,1597.5,1563.1500244140625,1595.0,7134578,RELIANCE_NS
2024-07-11,1561.815673828125,1580.6500244140625,1604.25,1570.5,1587.5,11940946,RELIANCE_NS
2024-07-12,1577.6990966796875,1596.7249755859375,1605.1500244140625,1574.5,1584.5,12924784,RELIANCE_NS
2024-07-15,1578.1932373046875,1597.2249755859375,1605.8499755859375,1585.5,1604.449951171875,5329688,RELIANCE_NS
2024-07-16,1557.468017578125,1576.25,1600.0,1569.125,1593.5,9386838,RELIANCE_NS
2024-07-18,1567.76904296875,1586.675048828125,1593.9000244140625,1557.824951171875,1576.0,12298374,RELIANCE_NS
2024-07-19,1536.61962890625,1555.1500244140625,1589.9749755859375,1552.800048828125,1586.0,13140390,RELIANCE_NS
2024-07-22,1482.7935791015625,1500.675048828125,1537.5,1499.2750244140625,1537.25,19674376,RELIANCE_NS
2024-07-23,1470.1707763671875,1487.9000244140625,1505.75,1463.0,1501.0,18052044,RELIANCE_NS
2024-07-24,1477.8778076171875,1495.699951171875,1509.5,1476.4000244140625,1485.0,11913362,RELIANCE_NS
2024-07-25,1474.6171875,1492.4000244140625,1500.4749755859375,1477.074951171875,1481.0,12519876,RELIANCE_NS
2024-07-26,1491.044189453125,1509.0250244140625,1512.425048828125,1490.3499755859375,1492.4000244140625,9859940,RELIANCE_NS
2024-07-29,1501.987060546875,1520.0999755859375,1527.5,1511.7750244140625,1511.949951171875,7538550,RELIANCE_NS
2024-07-30,1495.1199951171875,1513.1500244140625,1525.0,1510.0,1517.0250244140625,8228208,RELIANCE_NS
2024-07-31,1487.487060546875,1505.425048828125,1510.449951171875,1501.1500244140625,1504.0,10057346,RELIANCE_NS
2024-08-01,1497.244384765625,1515.300048828125,1518.0,1504.300048828125,1512.0,10764222,RELIANCE_NS
2024-08-02,1481.4595947265625,1499.324951171875,1509.324951171875,1493.2750244140625,1505.0,10268248,RELIANCE_NS
2024-08-05,1430.079345703125,1447.324951171875,1483.9000244140625,1433.25,1480.0,17046704,RELIANCE_NS
2024-08-06,1438.7003173828125,1456.050048828125,1477.5,1451.324951171875,1455.1500244140625,10236186,RELIANCE_NS
2024-08-07,1447.3707275390625,1464.824951171875,1472.5,1461.5,1469.0,8174568,RELIANCE_NS
2024-08-08,1431.8577880859375,1449.125,1465.0,1445.925048828125,1457.5250244140625,12387192,RELIANCE_NS
2024-08-09,1456.7330322265625,1474.300048828125,1476.5,1456.0,1460.0,6249776,RELIANCE_NS
2024-08-12,1443.220703125,1460.625,1473.0,1457.75,1470.0,8184584,RELIANCE_NS
2024-08-13,1446.1851806640625,1463.625,1470.074951171875,1458.0,1460.75,6265064,RELIANCE_NS
2024-08-14,1444.43115234375,1461.8499755859375,1472.0,1453.699951171875,1463.550048828125,6267466,RELIANCE_NS
2024-08-16,1460.58642578125,1478.199951171875,1480.4000244140625,1458.050048828125,1468.6500244140625,9416902,RELIANCE_NS
2024-08-19,1475.65625,1488.4000244140625,1498.300048828125,1480.5,1482.5,13797742,RELIANCE_NS
2024-08-20,1483.1416015625,1495.949951171875,1503.925048828125,1490.0250244140625,1497.2249755859375,8411808,RELIANCE_NS
2024-08-21,1485.8433837890625,1498.675048828125,1507.875,1490.0,1493.25,7769996,RELIANCE_NS
2024-08-22,1485.2979736328125,1498.125,1506.5,1490.6500244140625,1503.0,10445782,RELIANCE_NS
2024-08-23,1487.1322021484375,1499.9749755859375,1511.324951171875,1498.425048828125,1503.75,9249654,RELIANCE_NS
2024-08-26,1499.649169921875,1512.5999755859375,1523.0,1503.0,1506.9749755859375,8816114,RELIANCE_NS
2024-08-27,1487.6031494140625,1500.449951171875,1513.4749755859375,1499.449951171875,1510.5,6251156,RELIANCE_NS
2024-08-28,1485.4716796875,1498.300048828125,1507.4749755859375,1493.0,1505.0,9610286,RELIANCE_NS
2024-08-29,1507.90283203125,1520.925048828125,1537.0,1494.0,1503.0999755859375,38335358,RELIANCE_NS
2024-08-30,1496.6995849609375,1509.625,1539.7249755859375,1503.324951171875,1534.0,41620730,RELIANCE_NS
2024-09-02,1503.2679443359375,1516.25,1526.800048828125,1506.625,1510.875,11240852,RELIANCE_NS
2024-09-03,1496.203857421875,1509.125,1523.0,1507.5,1521.25,10923800,RELIANCE_NS
2024-09-04,1501.5823974609375,1514.550048828125,1517.5,1499.5,1500.699951171875,11983304,RELIANCE_NS
2024-09-05,1480.192138671875,1492.9749755859375,1525.7750244140625,1487.050048828125,1519.050048828125,16264168,RELIANCE_NS
2024-09-06,1452.2830810546875,1464.824951171875,1497.0,1461.625,1492.5,19394228,RELIANCE_NS
2024-09-09,1449.928466796875,1462.449951171875,1469.925048828125,1455.5999755859375,1466.5,9010298,RELIANCE_NS
2024-09-10,1449.011474609375,1461.5250244140625,1472.050048828125,1457.574951171875,1460.5,10768260,RELIANCE_NS
2024-09-11,1439.072265625,1451.5,1468.75,1447.550048828125,1463.050048828125,9760202,RELIANCE_NS
2024-09-12,1467.1298828125,1479.800048828125,1486.0,1445.875,1457.0,22349376,RELIANCE_NS
2024-09-13,1460.016357421875,1472.625,1483.1500244140625,1469.5,1476.4000244140625,8711328,RELIANCE_NS
2024-09-16,1458.7523193359375,1471.3499755859375,1480.9000244140625,1464.75,1477.550048828125,5481774,RELIANCE_NS
2024-09-17,1459.6942138671875,1472.300048828125,1477.4749755859375,1466.625,1474.0,5935328,RELIANCE_NS
2024-09-18,1450.9197998046875,1463.449951171875,1482.0,1460.550048828125,1470.0,8574714,RELIANCE_NS
2024-09-19,1457.0916748046875,1469.675048828125,1476.5,1455.550048828125,1466.25,16955902,RELIANCE_NS
2024-09-20,1473.2025146484375,1485.925048828125,1495.0,1471.375,1474.0,30897320,RELIANCE_NS
2024-09-23,1480.5887451171875,1493.375,1501.5,1488.949951171875,1491.0,8832314,RELIANCE_NS
2024-09-24,1476.6229248046875,1489.375,1500.5,1487.875,1488.5,17137444,RELIANCE_NS
2024-09-25,1481.15869140625,1493.949951171875,1496.5,1480.199951171875,1483.9000244140625,7069002,RELIANCE_NS
2024-09-26,1485.12451171875,1497.949951171875,1504.0,1488.050048828125,1490.6500244140625,18818998,RELIANCE_NS
2024-09-27,1513.10791015625,1526.175048828125,1533.4749755859375,1492.0,1499.0,20597478,RELIANCE_NS
2024-09-30,1463.9324951171875,1476.574951171875,1524.9749755859375,1474.4000244140625,1519.4000244140625,27008814,RELIANCE_NS
2024-10-01,1452.2830810546875,1464.824951171875,1487.949951171875,1462.824951171875,1480.6500244140625,16431642,RELIANCE_NS
2024-10-03,1394.928466796875,1406.9749755859375,1449.4000244140625,1402.074951171875,1436.574951171875,37757294,RELIANCE_NS
2024-10-04,1374.653564453125,1386.5250244140625,1417.3499755859375,1381.7750244140625,1403.925048828125,37072876,RELIANCE_NS
2024-10-07,1358.98876953125,1370.7249755859375,1396.5,1361.375,1393.5,22181340,RELIANCE_NS
2024-10-08,1385.3857421875,1397.3499755859375,1401.0,1365.0999755859375,1372.9749755859375,17020808,RELIANCE_NS
2024-10-09,1362.8306884765625,1374.5999755859375,1400.9749755859375,1372.5,1397.5250244140625,14310610,RELIANCE_NS
2024-10-10,1359.31103515625,1371.050048828125,1386.0,1369.425048828125,1380.0250244140625,22358646,RELIANCE_NS
2024-10-11,1360.35205078125,1372.0999755859375,1383.2750244140625,1368.824951171875,1370.0,7980122,RELIANCE_NS
2024-10-14,1360.7734375,1372.5250244140625,1380.074951171875,1368.25,1379.449951171875,12221432,RELIANCE_NS
2024-10-15,1332.5174560546875,1344.0250244140625,1371.699951171875,1340.699951171875,1358.5250244140625,33762794,RELIANCE_NS
2024-10-16,1342.4814453125,1354.074951171875,1364.0,1337.625,1340.0,20034438,RELIANCE_NS
2024-10-17,1344.811279296875,1356.425048828125,1368.449951171875,1352.050048828125,1365.699951171875,15543660,RELIANCE_NS
2024-10-18,1347.66162109375,1359.300048828125,1368.425048828125,1341.324951171875,1352.175048828125,12082452,RELIANCE_NS
2024-10-21,1357.4769287109375,1369.199951171875,1374.0,1357.7249755859375,1367.125,14067408,RELIANCE_NS
2024-10-22,1331.84814453125,1343.3499755859375,1376.0,1340.2249755859375,1369.199951171875,15831960,RELIANCE_NS
2024-10-23,1327.064453125,1338.5250244140625,1357.4749755859375,1335.0,1337.5,17214742,RELIANCE_NS
2024-10-24,1328.3287353515625,1339.800048828125,1343.699951171875,1323.125,1335.2750244140625,22155934,RELIANCE_NS
2024-10-25,1316.4808349609375,1327.8499755859375,1344.3499755859375,1322.0,1343.5,18597496,RELIANCE_NS
2024-10-28,1322.9251708984375,1334.3499755859375,1353.0,1322.0999755859375,1337.0,10824350,RELIANCE_NS
2024-10-29,1328.52685546875,1340.0,1343.199951171875,1320.300048828125,1328.0999755859375,12008361,RELIANCE_NS
2024-10-30,1332.3935546875,1343.9000244140625,1350.0,1325.3499755859375,1335.0,11984423,RELIANCE_NS
2024-10-31,1320.64501953125,1332.050048828125,1343.0,1326.1500244140625,1340.0,9331650,RELIANCE_NS
2024-11-01,1327.1884765625,1338.6500244140625,1341.949951171875,1333.0,1333.050048828125,2127335,RELIANCE_NS
2024-11-04,1291.0009765625,1302.1500244140625,1340.0,1285.0999755859375,1337.8499755859375,19796890,RELIANCE_NS
2024-11-05,1294.1240234375,1305.300048828125,1309.550048828125,1286.1500244140625,1293.0,16267479,RELIANCE_NS
2024-11-06,1314.0023193359375,1325.3499755859375,1328.300048828125,1300.199951171875,1310.0,21625209,RELIANCE_NS
2024-11-07,1294.4710693359375,1305.6500244140625,1324.0,1302.5999755859375,1324.0,9611974,RELIANCE_NS
2024-11-08,1272.7584228515625,1283.75,1301.6500244140625,1275.0,1297.6500244140625,19814406,RELIANCE_NS
2024-11-11,1261.802978515625,1272.699951171875,1286.0,1267.0,1278.949951171875,9056552,RELIANCE_NS
2024-11-12,1263.33984375,1274.25,1289.300048828125,1267.5,1275.550048828125,10671091,RELIANCE_NS
2024-11-13,1241.3299560546875,1252.050048828125,1275.449951171875,1249.5,1270.25,14633633,RELIANCE_NS
2024-11-14,1256.746826171875,1267.5999755859375,1272.5999755859375,1251.0999755859375,1253.5999755859375,12612633,RELIANCE_NS
2024-11-18,1249.9554443359375,1260.75,1272.9000244140625,1243.9000244140625,1267.5999755859375,13620611,RELIANCE_NS
2024-11-19,1231.0189208984375,1241.6500244140625,1281.5,1235.1500244140625,1260.75,14183746,RELIANCE_NS
2024-11-21,1212.5286865234375,1223.0,1243.949951171875,1217.25,1241.6500244140625,19433843,RELIANCE_NS
2024-11-22,1254.5655517578125,1265.4000244140625,1268.8499755859375,1222.449951171875,1229.4000244140625,20471957,RELIANCE_NS
2024-11-25,1275.9805908203125,1287.0,1304.449951171875,1282.449951171875,1290.0,28923341,RELIANCE_NS
2024-11-26,1284.606201171875,1295.699951171875,1297.8499755859375,1284.199951171875,1294.949951171875,9247557,RELIANCE_NS
2024-11-27,1282.1275634765625,1293.199951171875,1303.8499755859375,1286.0,1293.5,9572746,RELIANCE_NS
2024-11-28,1259.91943359375,1270.800048828125,1296.5999755859375,1269.050048828125,1289.949951171875,15027412,RELIANCE_NS
2024-11-29,1281.1361083984375,1292.199951171875,1299.5,1275.25,1280.0,13202307,RELIANCE_NS
2024-12-02,1297.941162109375,1309.1500244140625,1311.3499755859375,1277.050048828125,1288.0,11024152,RELIANCE_NS
2024-12-03,1311.9698486328125,1323.300048828125,1326.800048828125,1307.0,1317.0,16869482,RELIANCE_NS
2024-12-04,1297.74267578125,1308.949951171875,1328.4000244140625,1304.050048828125,1326.0,19608540,RELIANCE_NS
2024-12-05,1310.7305908203125,1322.050048828125,1329.949951171875,1306.1500244140625,1314.3499755859375,16858723,RELIANCE_NS
2024-12-06,1300.3204345703125,1311.550048828125,1323.9000244140625,1310.0,1323.9000244140625,9037514,RELIANCE_NS
2024-12-09,1284.0609130859375,1295.1500244140625,1315.0,1293.0999755859375,1303.0,14650002,RELIANCE_NS
2024-12-10,1273.8489990234375,1284.8499755859375,1294.9000244140625,1280.199951171875,1289.25,16043729,RELIANCE_NS
2024-12-11,1267.2559814453125,1278.199951171875,1290.0,1276.050048828125,1285.0,11724373,RELIANCE_NS
2024-12-12,1252.0870361328125,1262.9000244140625,1278.199951171875,1260.5999755859375,1270.0,20906813,RELIANCE_NS
2024-12-13,1261.951904296875,1272.8499755859375,1275.199951171875,1239.5999755859375,1260.0,28630222,RELIANCE_NS
2024-12-16,1257.44091796875,1268.300048828125,1281.0,1266.550048828125,1275.0,9486781,RELIANCE_NS
2024-12-17,1234.6376953125,1245.300048828125,1263.9000244140625,1242.800048828125,1261.050048828125,17462791,RELIANCE_NS
2024-12-18,1242.5196533203125,1253.25,1259.949951171875,1240.6500244140625,1240.6500244140625,12670179,RELIANCE_NS
2024-12-19,1219.914794921875,1230.449951171875,1244.9000244140625,1229.0,1239.0,14244653,RELIANCE_NS
2024-12-20,1194.980224609375,1205.300048828125,1239.5,1201.5,1224.0,20312896,RELIANCE_NS
2024-12-23,1211.834716796875,1222.300048828125,1227.199951171875,1213.199951171875,1215.0,10052824,RELIANCE_NS
2024-12-24,1212.28076171875,1222.75,1233.550048828125,1221.0,1222.300048828125,6734917,RELIANCE_NS
2024-12-26,1206.1339111328125,1216.550048828125,1227.699951171875,1214.25,1224.25,10016178,RELIANCE_NS
2024-12-27,1210.595458984375,1221.050048828125,1227.9000244140625,1217.0,1218.300048828125,7000397,RELIANCE_NS
2024-12-30,1200.333984375,1210.699951171875,1223.199951171875,1208.0999755859375,1216.4000244140625,8818766,RELIANCE_NS
2024-12-31,1205.043212890625,1215.449951171875,1219.0999755859375,1206.1500244140625,1208.0,6405475,RELIANCE_NS
2025-01-01,1210.7935791015625,1221.25,1226.300048828125,1211.5999755859375,1214.8499755859375,5892590,RELIANCE_NS
2025-01-02,1231.167724609375,1241.800048828125,1244.449951171875,1220.0,1221.25,15486276,RELIANCE_NS
2025-01-03,1240.437744140625,1251.1500244140625,1262.050048828125,1235.5,1243.9000244140625,15521102,RELIANCE_NS
2025-01-06,1207.5714111328125,1218.0,1262.0,1215.0,1253.949951171875,14816766,RELIANCE_NS
2025-01-07,1230.2257080078125,1240.8499755859375,1244.5,1221.25,1222.0,10070505,RELIANCE_NS
2025-01-08,1254.664794921875,1265.5,1271.050048828125,1245.3499755859375,1249.0,19346579,RELIANCE_NS
2025-01-09,1244.0067138671875,1254.75,1269.75,1248.050048828125,1267.0,12794704,RELIANCE_NS
2025-01-10,1231.266845703125,1241.9000244140625,1256.75,1236.0,1253.8499755859375,8120332,RELIANCE_NS
2025-01-13,1229.234375,1239.8499755859375,1245.25,1226.4000244140625,1230.0,13764861,RELIANCE_NS
2025-01-14,1228.143798828125,1238.75,1253.3499755859375,1227.25,1244.0999755859375,13095266,RELIANCE_NS
2025-01-15,1241.478515625,1252.199951171875,1257.0,1241.8499755859375,1244.949951171875,9578856,RELIANCE_NS
2025-01-16,1255.6065673828125,1266.449951171875,1275.0,1251.300048828125,1258.9000244140625,14117603,RELIANCE_NS
2025-01-17,1291.19921875,1302.3499755859375,1326.0,1285.0,1322.25,29366277,RELIANCE_NS
2025-01-20,1294.272705078125,1305.449951171875,1316.0,1300.25,1316.0,14040244,RELIANCE_NS
2025-01-21,1262.7945556640625,1273.699951171875,1313.0,1270.199951171875,1310.5,14562976,RELIANCE_NS
2025-01-22,1266.1654052734375,1277.0999755859375,1282.9000244140625,1268.699951171875,1278.300048828125,10273590,RELIANCE_NS
2025-01-23,1252.83056640625,1263.6500244140625,1277.3499755859375,1261.5999755859375,1270.0,8720682,RELIANCE_NS
2025-01-24,1235.6292724609375,1246.300048828125,1273.0,1243.5,1266.0,14235970,RELIANCE_NS
2025-01-27,1218.82421875,1229.3499755859375,1240.449951171875,1220.0,1239.0999755859375,9536019,RELIANCE_NS
2025-01-28,1223.8311767578125,1234.4000244140625,1244.75,1218.5,1238.0,10568025,RELIANCE_NS
2025-01-29,1224.921630859375,1235.5,1242.75,1228.050048828125,1236.0,5928156,RELIANCE_NS
2025-01-30,1242.3214111328125,1253.050048828125,1257.0,1232.4000244140625,1235.550048828125,9269259,RELIANCE_NS
2025-01-31,1254.2681884765625,1265.0999755859375,1267.0,1249.0,1255.8499755859375,6584612,RELIANCE_NS
2025-02-01,1253.7724609375,1264.5999755859375,1270.550048828125,1241.0,1265.0999755859375,7118453,RELIANCE_NS
2025-02-03,1235.232666015625,1245.9000244140625,1256.0,1237.550048828125,1251.0,9252345,RELIANCE_NS
2025-02-04,1274.196044921875,1285.199951171875,1288.800048828125,1246.5999755859375,1248.050048828125,16691069,RELIANCE_NS
2025-02-05,1267.2559814453125,1278.199951171875,1290.5,1276.699951171875,1282.6500244140625,10112028,RELIANCE_NS
2025-02-06,1270.577392578125,1281.550048828125,1288.0,1270.3499755859375,1273.699951171875,9956001,RELIANCE_NS
2025-02-07,1255.8544921875,1266.699951171875,1283.699951171875,1262.0,1276.1500244140625,8764283,RELIANCE_NS
2025-02-10,1242.916259765625,1253.6500244140625,1266.5,1245.550048828125,1264.5,6970972,RELIANCE_NS
2025-02-11,1224.2772216796875,1234.8499755859375,1264.550048828125,1230.0999755859375,1264.550048828125,8859714,RELIANCE_NS
2025-02-12,1206.1339111328125,1216.550048828125,1226.9000244140625,1193.3499755859375,1219.449951171875,21131654,RELIANCE_NS
2025-02-13,1205.687744140625,1216.0999755859375,1228.0,1212.0,1217.050048828125,8511216,RELIANCE_NS
2025-02-14,1206.827880859375,1217.25,1224.0,1205.449951171875,1219.0,10298145,RELIANCE_NS
2025-02-17,1214.412353515625,1224.9000244140625,1227.5,1204.5,1211.0999755859375,8166683,RELIANCE_NS
2025-02-18,1214.908203125,1225.4000244140625,1229.9000244140625,1216.0999755859375,1224.8499755859375,6673250,RELIANCE_NS
2025-02-19,1216.9405517578125,1227.449951171875,1232.75,1217.550048828125,1219.5,6217338,RELIANCE_NS
2025-02-20,1222.4429931640625,1233.0,1239.3499755859375,1222.0,1223.949951171875,7795582,RELIANCE_NS
2025-02-21,1217.634521484375,1228.1500244140625,1240.0,1222.1500244140625,1228.699951171875,6904025,RELIANCE_NS
2025-02-24,1204.1510009765625,1214.550048828125,1223.25,1210.5,1216.550048828125,7172498,RELIANCE_NS
2025-02-25,1193.6912841796875,1204.0,1221.0,1201.5,1211.0,11552182,RELIANCE_NS
2025-02-27,1196.7647705078125,1207.0999755859375,1215.0,1200.6500244140625,1212.800048828125,11509215,RELIANCE_NS
2025-02-28,1189.82470703125,1200.0999755859375,1217.3499755859375,1193.300048828125,1202.0,23007298,RELIANCE_NS
2025-03-03,1161.2216796875,1171.25,1206.449951171875,1156.0,1204.0,17944938,RELIANCE_NS
2025-03-04,1151.9517822265625,1161.9000244140625,1174.0,1159.550048828125,1162.199951171875,11377373,RELIANCE_NS
2025-03-05,1165.5345458984375,1175.5999755859375,1183.0,1157.0,1161.0,8664095,RELIANCE_NS
2025-03-06,1199.243408203125,1209.5999755859375,1213.949951171875,1185.1500244140625,1197.0,14468014,RELIANCE_NS
2025-03-07,1239.0992431640625,1249.800048828125,1254.800048828125,1212.0,1216.0,16474965,RELIANCE_NS
2025-03-10,1227.7967529296875,1238.4000244140625,1258.0,1235.4000244140625,1245.0,11931051,RELIANCE_NS
2025-03-11,1236.62060546875,1247.300048828125,1249.5,1229.75,1240.0,10089838,RELIANCE_NS
2025-03-12,1246.287109375,1257.050048828125,1263.0,1244.0,1258.0,11977555,RELIANCE_NS
2025-03-13,1237.215576171875,1247.9000244140625,1264.1500244140625,1243.8499755859375,1260.050048828125,9505270,RELIANCE_NS
2025-03-17,1228.2427978515625,1238.8499755859375,1257.4000244140625,1233.0999755859375,1242.1500244140625,16640917,RELIANCE_NS
2025-03-18,1228.2427978515625,1238.8499755859375,1238.8499755859375,1238.8499755859375,1238.8499755859375,0,RELIANCE_NS
2025-03-19,1236.471923828125,1247.1500244140625,1253.25,1238.800048828125,1241.050048828125,16162399,RELIANCE_NS
2025-03-20,1258.2835693359375,1269.1500244140625,1273.0,1250.050048828125,1251.8499755859375,15971477,RELIANCE_NS
2025-03-21,1265.4217529296875,1276.3499755859375,1281.0,1270.0999755859375,1275.0,21780769,RELIANCE_NS
2025-03-24,1290.9512939453125,1302.0999755859375,1306.0,1284.25,1291.0,20299319,RELIANCE_NS
2025-03-25,1274.4439697265625,1285.449951171875,1307.699951171875,1282.5999755859375,1307.699951171875,13713899,RELIANCE_NS
2025-03-26,1262.150146484375,1273.050048828125,1293.800048828125,1268.75,1291.0,12074747,RELIANCE_NS
2025-03-27,1267.2559814453125,1278.199951171875,1285.0,1271.300048828125,1278.1500244140625,15028056,RELIANCE_NS
2025-03-28,1264.1824951171875,1275.0999755859375,1295.75,1269.0,1280.0,18147129,RELIANCE_NS
2025-04-01,1241.8751220703125,1252.5999755859375,1277.9000244140625,1249.300048828125,1264.5999755859375,12099648,RELIANCE_NS
2025-04-02,1240.437744140625,1251.1500244140625,1255.550048828125,1243.9000244140625,1247.550048828125,10142590,RELIANCE_NS
2025-04-03,1238.0086669921875,1248.699951171875,1251.800048828125,1233.050048828125,1233.050048828125,7434366,RELIANCE_NS
2025-04-04,1194.38525390625,1204.699951171875,1245.449951171875,1193.1500244140625,1241.0999755859375,17908652,RELIANCE_NS
2025-04-07,1155.7191162109375,1165.699951171875,1171.25,1114.8499755859375,1132.199951171875,22156106,RELIANCE_NS
2025-04-08,1172.0780029296875,1182.199951171875,1196.5999755859375,1163.300048828125,1172.0,19555040,RELIANCE_NS
2025-04-09,1175.2010498046875,1185.3499755859375,1189.800048828125,1168.0,1169.5,10223104,RELIANCE_NS
2025-04-11,1208.5133056640625,1218.949951171875,1222.6500244140625,1195.1500244140625,1195.1500244140625,11224242,RELIANCE_NS
2025-04-15,1229.4822998046875,1240.0999755859375,1251.0,1237.0999755859375,1251.0,13378535,RELIANCE_NS
2025-04-16,1228.689208984375,1239.300048828125,1240.9000244140625,1229.0,1234.0999755859375,8248464,RELIANCE_NS
2025-04-17,1263.5877685546875,1274.5,1280.199951171875,1227.5999755859375,1240.199951171875,15398401,RELIANCE_NS
2025-04-21,1284.4078369140625,1295.5,1300.9000244140625,1267.0,1270.0,10429964,RELIANCE_NS
2025-04-22,1280.144775390625,1291.199951171875,1303.9000244140625,1286.300048828125,1300.0,13051707,RELIANCE_NS
2025-04-23,1288.869384765625,1300.0,1306.0,1285.4000244140625,1297.0,10480888,RELIANCE_NS
2025-04-24,1290.4556884765625,1301.5999755859375,1304.5,1290.300048828125,1292.4000244140625,10468940,RELIANCE_NS
2025-04-25,1289.2659912109375,1300.4000244140625,1325.199951171875,1288.0999755859375,1303.5,14431012,RELIANCE_NS
2025-04-28,1357.0804443359375,1368.800048828125,1374.5999755859375,1320.199951171875,1340.0,31104496,RELIANCE_NS
2025-04-29,1387.7156982421875,1399.699951171875,1410.9000244140625,1370.0,1371.0,32538970,RELIANCE_NS
2025-04-30,1392.9703369140625,1405.0,1412.4000244140625,1369.0,1402.0,25480745,RELIANCE_NS
2025-05-02,1407.6436767578125,1419.800048828125,1426.699951171875,1409.0999755859375,1414.0,13007841,RELIANCE_NS
2025-05-05,1419.0452880859375,1431.300048828125,1439.5,1426.9000244140625,1431.0,12685649,RELIANCE_NS
2025-05-06,1408.7342529296875,1420.9000244140625,1432.0,1410.5999755859375,1431.0,14084117,RELIANCE_NS
2025-05-07,1393.9617919921875,1406.0,1424.4000244140625,1402.699951171875,1420.9000244140625,13440169,RELIANCE_NS
2025-05-08,1394.9532470703125,1407.0,1420.800048828125,1398.0,1404.0999755859375,16106175,RELIANCE_NS
2025-05-09,1365.4083251953125,1377.199951171875,1394.800048828125,1374.5,1385.5,13668904,RELIANCE_NS
2025-05-12,1424.2005615234375,1436.5,1439.0,1400.0,1400.0,10674081,RELIANCE_NS
2025-05-13,1403.57861328125,1415.699951171875,1447.699951171875,1412.4000244140625,1433.5,11407896,RELIANCE_NS
2025-05-14,1412.204345703125,1424.4000244140625,1429.9000244140625,1415.5,1420.0,5570160,RELIANCE_NS
2025-05-15,1441.7491455078125,1454.199951171875,1461.4000244140625,1412.699951171875,1425.0,20177211,RELIANCE_NS
2025-05-16,1443.9302978515625,1456.4000244140625,1461.0,1447.300048828125,1453.199951171875,9036695,RELIANCE_NS
2025-05-19,1428.4638671875,1440.800048828125,1454.5999755859375,1438.199951171875,1452.0999755859375,6195791,RELIANCE_NS
2025-05-20,1412.4024658203125,1424.5999755859375,1445.0,1421.800048828125,1438.199951171875,11270560,RELIANCE_NS
2025-05-21,1416.9630126953125,1429.199951171875,1436.199951171875,1418.0999755859375,1423.9000244140625,6136364,RELIANCE_NS
2025-05-22,1397.332763671875,1409.4000244140625,1423.800048828125,1396.9000244140625,1421.199951171875,12134466,RELIANCE_NS
2025-05-23,1414.5838623046875,1426.800048828125,1433.800048828125,1406.5999755859375,1406.5999755859375,6474883,RELIANCE_NS
2025-05-26,1422.5152587890625,1434.800048828125,1441.0,1425.0999755859375,1432.0,4842944,RELIANCE_NS
2025-05-27,1409.9239501953125,1422.0999755859375,1437.0,1413.9000244140625,1426.0999755859375,12640414,RELIANCE_NS
2025-05-28,1400.8028564453125,1412.9000244140625,1422.5999755859375,1410.699951171875,1420.0999755859375,5944611,RELIANCE_NS
2025-05-29,1405.660888671875,1417.800048828125,1420.0,1408.5999755859375,1412.0999755859375,13771917,RELIANCE_NS
2025-05-30,1408.7342529296875,1420.9000244140625,1430.5999755859375,1409.699951171875,1418.0,13788484,RELIANCE_NS
2025-06-02,1401.5958251953125,1413.699951171875,1417.5,1395.5999755859375,1412.0999755859375,8098668,RELIANCE_NS
2025-06-03,1393.466064453125,1405.5,1426.5,1403.4000244140625,1422.300048828125,11252626,RELIANCE_NS
2025-06-04,1411.3118896484375,1423.5,1425.699951171875,1406.0999755859375,1414.699951171875,8126827,RELIANCE_NS
2025-06-05,1430.0501708984375,1442.4000244140625,1454.699951171875,1423.5999755859375,1428.0,13716817,RELIANCE_NS
2025-06-06,1431.140625,1443.5,1451.5,1437.0,1441.0,8182161,RELIANCE_NS
2025-06-09,1436.3953857421875,1448.800048828125,1457.5,1445.300048828125,1457.0,7885125,RELIANCE_NS
2025-06-10,1426.1834716796875,1438.5,1453.9000244140625,1436.0,1450.0,7913181,RELIANCE_NS
2025-06-11,1436.4945068359375,1448.9000244140625,1468.5999755859375,1443.0999755859375,1445.800048828125,8195700,RELIANCE_NS
2025-06-12,1429.2569580078125,1441.5999755859375,1457.0,1434.4000244140625,1453.5,8828114,RELIANCE_NS
2025-06-13,1415.67431640625,1427.9000244140625,1435.5,1414.300048828125,1424.0,9757276,RELIANCE_NS
2025-06-16,1425.489501953125,1437.800048828125,1442.4000244140625,1424.4000244140625,1426.9000244140625,8458093,RELIANCE_NS
2025-06-17,1418.9459228515625,1431.199951171875,1448.0,1425.800048828125,1448.0,10366599,RELIANCE_NS
2025-06-18,1417.85546875,1430.0999755859375,1442.800048828125,1425.699951171875,1430.0,6681735,RELIANCE_NS
2025-06-19,1421.028076171875,1433.300048828125,1439.9000244140625,1425.699951171875,1430.0999755859375,10007230,RELIANCE_NS
2025-06-20,1453.6463623046875,1466.199951171875,1471.0,1428.0999755859375,1431.0,29010635,RELIANCE_NS
2025-06-23,1444.326904296875,1456.800048828125,1463.800048828125,1442.0,1453.0,5989078,RELIANCE_NS
2025-06-24,1438.378173828125,1450.800048828125,1475.0,1443.0999755859375,1465.0,16402744,RELIANCE_NS
2025-06-25,1454.737060546875,1467.300048828125,1472.4000244140625,1460.5,1464.0,7525851,RELIANCE_NS
2025-06-26,1482.4971923828125,1495.300048828125,1498.800048828125,1465.0999755859375,1469.0999755859375,14657893,RELIANCE_NS
2025-06-27,1502.425048828125,1515.4000244140625,1522.0,1496.9000244140625,1499.4000244140625,11117052,RELIANCE_NS
2025-06-30,1487.7518310546875,1500.5999755859375,1524.800048828125,1496.0,1513.800048828125,8409527,RELIANCE_NS
2025-07-01,1515.3138427734375,1528.4000244140625,1531.4000244140625,1500.0999755859375,1500.5999755859375,10368523,RELIANCE_NS
2025-07-02,1505.796142578125,1518.800048828125,1530.0,1508.699951171875,1528.4000244140625,6361002,RELIANCE_NS
2025-07-03,1504.8045654296875,1517.800048828125,1531.9000244140625,1513.0,1520.800048828125,11283291,RELIANCE_NS
2025-07-04,1514.223388671875,1527.300048828125,1530.0,1517.199951171875,1524.0,6603501,RELIANCE_NS
2025-07-07,1528.3016357421875,1541.5,1544.800048828125,1525.0,1526.5999755859375,7251074,RELIANCE_NS
2025-07-08,1524.43505859375,1537.5999755859375,1544.9000244140625,1530.199951171875,1536.0,7171261,RELIANCE_NS
2025-07-09,1505.9942626953125,1519.0,1551.0,1510.0999755859375,1536.699951171875,8870660,RELIANCE_NS
2025-07-10,1504.209716796875,1517.199951171875,1524.699951171875,1507.5,1519.699951171875,10047129,RELIANCE_NS
2025-07-11,1482.3980712890625,1495.199951171875,1515.0,1490.300048828125,1512.0,7234991,RELIANCE_NS
2025-07-14,1470.9964599609375,1483.699951171875,1500.0,1479.0999755859375,1492.199951171875,10311846,RELIANCE_NS
2025-07-15,1472.6820068359375,1485.4000244140625,1496.5,1482.4000244140625,1486.199951171875,8132454,RELIANCE_NS
2025-07-16,1472.8802490234375,1485.5999755859375,1491.0,1471.5,1473.0,10409983,RELIANCE_NS
2025-07-17,1463.759033203125,1476.4000244140625,1489.5999755859375,1473.9000244140625,1487.4000244140625,11854613,RELIANCE_NS
2025-07-18,1463.3624267578125,1476.0,1484.800048828125,1469.0999755859375,1484.800048828125,10296318,RELIANCE_NS
2025-07-21,1416.3682861328125,1428.5999755859375,1476.0,1423.0999755859375,1465.0,22442744,RELIANCE_NS
2025-07-22,1400.70361328125,1412.800048828125,1431.9000244140625,1410.699951171875,1427.4000244140625,20396320,RELIANCE_NS
2025-07-23,1412.4024658203125,1424.5999755859375,1426.0,1414.4000244140625,1426.0,8354596,RELIANCE_NS
2025-07-24,1390.8883056640625,1402.9000244140625,1423.0,1396.0,1419.199951171875,14740507,RELIANCE_NS
2025-07-25,1379.7841796875,1391.699951171875,1401.0,1384.0999755859375,1398.9000244140625,11854722,RELIANCE_NS
2025-07-28,1375.7193603515625,1387.5999755859375,1407.800048828125,1385.0,1392.300048828125,7748361,RELIANCE_NS
2025-07-29,1404.966796875,1417.0999755859375,1420.199951171875,1383.0,1383.0,10750072,RELIANCE_NS
2025-07-30,1398.0267333984375,1410.0999755859375,1423.300048828125,1401.300048828125,1418.0999755859375,7209849,RELIANCE_NS
2025-07-31,1378.2969970703125,1390.199951171875,1402.5999755859375,1382.199951171875,1388.0999755859375,17065827,RELIANCE_NS
2025-08-01,1381.76708984375,1393.699951171875,1405.9000244140625,1384.300048828125,1386.9000244140625,10321171,RELIANCE_NS
2025-08-04,1399.4146728515625,1411.5,1416.0999755859375,1391.699951171875,1395.0999755859375,6312820,RELIANCE_NS
2025-08-05,1379.7841796875,1391.699951171875,1411.0,1388.0999755859375,1411.0,9315972,RELIANCE_NS
2025-08-06,1380.8748779296875,1392.800048828125,1395.9000244140625,1383.300048828125,1391.9000244140625,5834312,RELIANCE_NS
2025-08-07,1377.50390625,1389.4000244140625,1393.699951171875,1366.0,1387.699951171875,9976705,RELIANCE_NS
2025-08-08,1356.0888671875,1367.800048828125,1397.199951171875,1365.0,1385.0,8793606,RELIANCE_NS
2025-08-11,1374.331298828125,1386.199951171875,1388.0,1361.199951171875,1370.0,9997486,RELIANCE_NS
2025-08-12,1368.5810546875,1380.4000244140625,1401.9000244140625,1375.199951171875,1381.9000244140625,12244664,RELIANCE_NS
2025-08-13,1370.7620849609375,1382.5999755859375,1391.800048828125,1377.5,1388.0,7457021,RELIANCE_NS
2025-08-14,1367.4774169921875,1373.800048828125,1380.699951171875,1370.0999755859375,1377.300048828125,7126128,RELIANCE_NS
2025-08-18,1375.3409423828125,1381.699951171875,1394.9000244140625,1377.0,1390.0,11785109,RELIANCE_NS
2025-08-19,1413.564208984375,1420.0999755859375,1421.0,1389.0999755859375,1390.0,14384719,RELIANCE_NS
2025-08-20,1406.4969482421875,1413.0,1424.9000244140625,1410.0,1413.0,8725641,RELIANCE_NS
2025-08-21,1418.24267578125,1424.800048828125,1431.9000244140625,1420.300048828125,1425.0,11021323,RELIANCE_NS
2025-08-22,1402.71435546875,1409.199951171875,1423.4000244140625,1407.9000244140625,1420.0,5818868,RELIANCE_NS
2025-08-25,1406.0987548828125,1412.5999755859375,1419.5,1405.699951171875,1414.699951171875,5979407,RELIANCE_NS
2025-08-26,1378.5262451171875,1384.9000244140625,1410.0,1381.5999755859375,1408.0,12145259,RELIANCE_NS
2025-08-28,1379.521728515625,1385.9000244140625,1392.199951171875,1366.5,1389.9000244140625,13161813,RELIANCE_NS
2025-08-29,1350.9537353515625,1357.199951171875,1403.5,1350.0,1381.0999755859375,18758842,RELIANCE_NS
2025-09-01,1347.6689453125,1353.9000244140625,1363.199951171875,1340.5999755859375,1356.0,11232238,RELIANCE_NS
2025-09-02,1360.2109375,1366.5,1384.5,1354.5,1354.800048828125,11517006,RELIANCE_NS
2025-09-03,1366.2828369140625,1372.5999755859375,1376.5,1360.5,1369.699951171875,7847563,RELIANCE_NS
2025-09-04,1353.0440673828125,1359.300048828125,1374.0,1357.0999755859375,1371.800048828125,13223177,RELIANCE_NS
2025-09-05,1368.671875,1375.0,1381.0,1359.300048828125,1363.0,5777575,RELIANCE_NS
2025-09-08,1372.15576171875,1378.5,1386.0,1372.4000244140625,1380.0,6986720,RELIANCE_NS
2025-09-09,1369.8662109375,1376.199951171875,1381.199951171875,1368.699951171875,1376.5999755859375,9754452,RELIANCE_NS
2025-09-10,1370.66259765625,1377.0,1388.5,1374.0999755859375,1383.9000244140625,7790815,RELIANCE_NS
2025-09-11,1376.9337158203125,1383.300048828125,1385.5,1375.0,1376.0,9766072,RELIANCE_NS
2025-09-12,1388.579833984375,1395.0,1396.300048828125,1380.5,1383.300048828125,7403368,RELIANCE_NS
2025-09-15,1392.8599853515625,1399.300048828125,1400.800048828125,1388.5999755859375,1393.0,5396697,RELIANCE_NS
2025-09-16,1398.8323974609375,1405.300048828125,1408.0,1398.199951171875,1404.699951171875,8686961,RELIANCE_NS
2025-09-17,1407.2933349609375,1413.800048828125,1416.199951171875,1406.9000244140625,1407.0,7519417,RELIANCE_NS
2025-09-18,1408.4876708984375,1415.0,1422.0,1410.699951171875,1420.4000244140625,9332642,RELIANCE_NS
2025-09-19,1400.9227294921875,1407.4000244140625,1417.0,1403.5999755859375,1414.9000244140625,13461373,RELIANCE_NS
2025-09-22,1384.199951171875,1390.5999755859375,1410.699951171875,1388.0,1403.9000244140625,7757970,RELIANCE_NS
2025-09-23,1383.40380859375,1389.800048828125,1395.0,1376.800048828125,1391.0,14014702,RELIANCE_NS
2025-09-24,1376.635009765625,1383.0,1396.0,1380.4000244140625,1385.300048828125,5922759,RELIANCE_NS
2025-09-25,1366.0838623046875,1372.4000244140625,1384.5,1369.0,1381.300048828125,11411143,RELIANCE_NS
2025-09-26,1371.2598876953125,1377.5999755859375,1382.699951171875,1366.0,1372.0,9879109,RELIANCE_NS
2025-09-29,1366.48193359375,1372.800048828125,1389.0,1368.0,1381.5999755859375,14231999,RELIANCE_NS
2025-09-30,1357.722412109375,1364.0,1377.0999755859375,1362.800048828125,1377.0999755859375,14604684,RELIANCE_NS
2025-10-01,1362.4007568359375,1368.699951171875,1378.5999755859375,1362.699951171875,1367.0,12045916,RELIANCE_NS
2025-10-03,1357.125244140625,1363.4000244140625,1371.5999755859375,1356.9000244140625,1363.199951171875,12842347,RELIANCE_NS
2025-10-06,1368.671875,1375.0,1377.4000244140625,1359.0,1360.0,12396580,RELIANCE_NS
2025-10-07,1378.4267578125,1384.800048828125,1395.9000244140625,1375.9000244140625,1376.0,11244040,RELIANCE_NS
2025-10-08,1361.1068115234375,1367.4000244140625,1389.0,1364.5,1384.800048828125,8525081,RELIANCE_NS
2025-10-09,1371.458984375,1377.800048828125,1380.0,1369.0999755859375,1374.0,8826633,RELIANCE_NS
2025-10-10,1375.3409423828125,1381.699951171875,1388.0,1375.0999755859375,1377.800048828125,6373084,RELIANCE_NS
2025-10-13,1368.671875,1375.0,1377.699951171875,1367.800048828125,1376.9000244140625,7600682,RELIANCE_NS
2025-10-14,1369.5677490234375,1375.9000244140625,1388.0,1370.0999755859375,1380.0,9768174,RELIANCE_NS
2025-10-15,1367.97509765625,1374.300048828125,1384.0,1372.699951171875,1383.0,10882743,RELIANCE_NS
2025-10-16,1391.8646240234375,1398.300048828125,1400.5,1375.0,1375.0999755859375,12315932,RELIANCE_NS
2025-10-17,1410.279541015625,1416.800048828125,1423.300048828125,1399.0999755859375,1401.0,19335561,RELIANCE_NS
2025-10-20,1460.04931640625,1466.800048828125,1473.800048828125,1433.300048828125,1440.0,24721978,RELIANCE_NS
2025-10-21,1458.4566650390625,1465.199951171875,1474.0,1460.0,1468.0,2066169,RELIANCE_NS
2025-10-23,1441.7340087890625,1448.4000244140625,1482.9000244140625,1444.5999755859375,1475.0,18707090,RELIANCE_NS
2025-10-24,1444.9193115234375,1451.5999755859375,1459.800048828125,1441.0,1450.0,9700837,RELIANCE_NS
2025-10-27,1477.2696533203125,1484.0999755859375,1485.0,1458.0,1463.0,14113867,RELIANCE_NS
2025-10-28,1480.056884765625,1486.9000244140625,1492.0,1477.5999755859375,1484.0999755859375,17631577,RELIANCE_NS
2025-10-29,1497.277099609375,1504.199951171875,1508.300048828125,1488.0999755859375,1490.0,11884745,RELIANCE_NS
2025-10-30,1481.6494140625,1488.5,1503.0999755859375,1484.0,1500.0,9318663,RELIANCE_NS
2025-10-31,1479.5592041015625,1486.4000244140625,1497.5,1482.300048828125,1490.4000244140625,8758053,RELIANCE_NS
2025-11-03,1477.866943359375,1484.699951171875,1495.0,1479.300048828125,1486.0,8452085,RELIANCE_NS
2025-11-04,1466.3203125,1473.0999755859375,1492.800048828125,1470.0999755859375,1483.9000244140625,10007806,RELIANCE_NS
2025-11-06,1489.2144775390625,1496.0999755859375,1501.5999755859375,1476.199951171875,1484.0,16772678,RELIANCE_NS
2025-11-07,1471.19775390625,1478.0,1498.4000244140625,1475.9000244140625,1494.5999755859375,7821765,RELIANCE_NS
2025-11-10,1482.44580078125,1489.300048828125,1501.0,1475.5,1477.9000244140625,7068438,RELIANCE_NS
2025-11-11,1486.5269775390625,1493.4000244140625,1498.800048828125,1480.199951171875,1497.0,7127506,RELIANCE_NS
2025-11-12,1504.5435791015625,1511.5,1524.699951171875,1500.0,1505.0,12384459,RELIANCE_NS
2025-11-13,1503.9464111328125,1510.9000244140625,1522.0999755859375,1506.800048828125,1515.0,7196443,RELIANCE_NS
2025-11-14,1511.9095458984375,1518.9000244140625,1520.9000244140625,1505.5,1505.5,7682823,RELIANCE_NS
2025-11-17,1511.3123779296875,1518.300048828125,1523.699951171875,1511.5,1520.9000244140625,5871416,RELIANCE_NS
2025-11-18,1512.4072265625,1519.4000244140625,1527.800048828125,1510.5,1521.699951171875,11045042,RELIANCE_NS
2025-11-19,1511.9095458984375,1518.9000244140625,1522.300048828125,1512.0,1517.4000244140625,5692366,RELIANCE_NS
2025-11-20,1541.9705810546875,1549.0999755859375,1550.9000244140625,1526.699951171875,1530.0,18171724,RELIANCE_NS
2025-11-21,1539.4820556640625,1546.5999755859375,1557.800048828125,1540.0999755859375,1541.0,9615271,RELIANCE_NS
2025-11-24,1528.831298828125,1535.9000244140625,1550.0,1531.800048828125,1550.0,18433951,RELIANCE_NS
2025-11-25,1532.61376953125,1539.699951171875,1559.5999755859375,1525.0999755859375,1535.9000244140625,15033482,RELIANCE_NS
2025-11-26,1562.6748046875,1569.9000244140625,1571.5999755859375,1540.5,1542.300048828125,14054299,RELIANCE_NS
2025-11-27,1556.2047119140625,1563.4000244140625,1575.5,1556.0,1575.0,9794643,RELIANCE_NS
2025-11-28,1560.285888671875,1567.5,1581.300048828125,1563.0,1568.0,8959508,RELIANCE_NS
2025-12-01,1558.892333984375,1566.0999755859375,1577.5,1563.5999755859375,1575.0,8920233,RELIANCE_NS
2025-12-02,1539.1834716796875,1546.300048828125,1567.5,1542.0,1561.0999755859375,11389150,RELIANCE_NS
2025-12-03,1531.718017578125,1538.800048828125,1552.4000244140625,1533.0,1545.199951171875,6090883,RELIANCE_NS
2025-12-04,1528.53271484375,1535.5999755859375,1560.5,1517.5999755859375,1536.0,11867930,RELIANCE_NS
2025-12-05,1533.5096435546875,1540.5999755859375,1545.800048828125,1520.5999755859375,1530.4000244140625,10183266,RELIANCE_NS
2025-12-08,1535.898681640625,1543.0,1551.0,1535.0,1539.199951171875,11301491,RELIANCE_NS
2025-12-09,1522.3612060546875,1529.4000244140625,1542.5,1520.0999755859375,1540.300048828125,11503971,RELIANCE_NS
2025-12-10,1529.8267822265625,1536.9000244140625,1547.5,1531.4000244140625,1534.0,7991629,RELIANCE_NS
2025-12-11,1537.889404296875,1545.0,1550.0,1524.0,1536.9000244140625,4706197,RELIANCE_NS
2025-12-12,1549.3365478515625,1556.5,1559.800048828125,1546.0999755859375,1550.800048828125,5106655,RELIANCE_NS
2025-12-15,1549.037841796875,1556.199951171875,1558.5999755859375,1546.5,1551.199951171875,5774543,RELIANCE_NS
2025-12-16,1535.201904296875,1542.300048828125,1551.699951171875,1538.800048828125,1545.0,11731856,RELIANCE_NS
2025-12-17,1537.292236328125,1544.4000244140625,1550.0,1539.300048828125,1550.0,7116649,RELIANCE_NS
2025-12-18,1537.292236328125,1544.4000244140625,1551.5,1535.199951171875,1535.199951171875,6580829,RELIANCE_NS
2025-12-19,1557.8968505859375,1565.0999755859375,1574.199951171875,1551.0,1554.4000244140625,13937275,RELIANCE_NS
2025-12-22,1568.1495361328125,1575.4000244140625,1577.5,1565.300048828125,1573.5,10184852,RELIANCE_NS
2025-12-23,1563.4710693359375,1570.699951171875,1580.9000244140625,1568.0999755859375,1580.9000244140625,7506564,RELIANCE_NS
2025-12-24,1551.0286865234375,1558.199951171875,1575.699951171875,1553.5999755859375,1572.699951171875,8815745,RELIANCE_NS
2025-12-26,1552.0240478515625,1559.199951171875,1561.0,1554.300048828125,1554.699951171875,2311495,RELIANCE_NS
2025-12-29,1538.4866943359375,1545.5999755859375,1558.0999755859375,1543.5999755859375,1554.9000244140625,5972105,RELIANCE_NS
2025-12-30,1532.71337890625,1539.800048828125,1553.5999755859375,1537.800048828125,1547.0,8815884,RELIANCE_NS
2025-12-31,1563.172607421875,1570.4000244140625,1577.0,1541.0,1541.0,5771830,RELIANCE_NS
2026-01-01,1568.3485107421875,1575.5999755859375,1592.5,1571.0999755859375,1573.699951171875,6408128,RELIANCE_NS
2026-01-02,1584.9718017578125,1592.300048828125,1594.5999755859375,1578.199951171875,1580.0,6602230,RELIANCE_NS
2026-01-05,1570.8370361328125,1578.0999755859375,1611.800048828125,1575.300048828125,1593.0,8704973,RELIANCE_NS
2026-01-06,1500.6614990234375,1507.5999755859375,1569.0,1496.300048828125,1569.0,27417125,RELIANCE_NS
2026-01-07,1497.277099609375,1504.199951171875,1520.0,1498.0,1510.0,11199340,RELIANCE_NS
2026-01-08,1463.831787109375,1470.5999755859375,1503.9000244140625,1468.800048828125,1500.0,16518684,RELIANCE_NS
2026-01-09,1468.51025390625,1475.300048828125,1479.9000244140625,1465.0,1465.0,8335311,RELIANCE_NS
2026-01-12,1476.373779296875,1483.199951171875,1485.300048828125,1451.0,1475.300048828125,8883745,RELIANCE_NS
2026-01-13,1446.11376953125,1452.800048828125,1485.800048828125,1444.699951171875,1485.0,13499760,RELIANCE_NS
2026-01-14,1452.086181640625,1458.800048828125,1467.0,1440.199951171875,1444.0,8321764,RELIANCE_NS
2026-01-15,1452.086181640625,1458.800048828125,1458.800048828125,1458.800048828125,1458.800048828125,0,RELIANCE_NS
2026-01-16,1451.1903076171875,1457.9000244140625,1480.0,1455.0999755859375,1458.800048828125,17167161,RELIANCE_NS
2026-01-19,1407.0941162109375,1413.5999755859375,1450.5999755859375,1403.300048828125,1450.5999755859375,20392765,RELIANCE_NS
2026-01-20,1387.5843505859375,1394.0,1416.0,1390.0,1410.699951171875,13189498,RELIANCE_NS
2026-01-21,1398.1356201171875,1404.5999755859375,1412.9000244140625,1373.0,1389.5,17352720,RELIANCE_NS
2026-01-22,1396.0452880859375,1402.5,1419.5,1395.0,1410.0999755859375,15721693,RELIANCE_NS
2026-01-23,1379.720703125,1386.0999755859375,1407.0,1381.0,1401.800048828125,9837802,RELIANCE_NS
2026-01-27,1374.146484375,1380.5,1391.5999755859375,1368.0,1380.0,26302396,RELIANCE_NS
2026-01-28,1390.2718505859375,1396.699951171875,1409.9000244140625,1384.9000244140625,1385.0,11121657,RELIANCE_NS
2026-01-29,1384.59814453125,1391.0,1402.9000244140625,1384.0,1402.9000244140625,20846683,RELIANCE_NS
2026-01-30,1388.9779052734375,1395.4000244140625,1398.0,1378.5,1382.5999755859375,11239835,RELIANCE_NS
2026-02-02,1384.0009765625,1390.4000244140625,1392.9000244140625,1335.5,1340.0,15711165,RELIANCE_NS
2026-02-03,1430.4859619140625,1437.0999755859375,1489.5,1430.199951171875,1473.9000244140625,25456171,RELIANCE_NS
2026-02-04,1450.095458984375,1456.800048828125,1464.0,1440.300048828125,1444.0,8333387,RELIANCE_NS
2026-02-05,1436.757080078125,1443.4000244140625,1461.5,1439.5,1457.0,11763658,RELIANCE_NS
2026-02-06,1444.123046875,1450.800048828125,1452.800048828125,1433.5,1441.5,8277304,RELIANCE_NS
2026-02-09,1454.873291015625,1461.5999755859375,1465.9000244140625,1453.0,1458.0,5775864,RELIANCE_NS
2026-02-10,1451.7874755859375,1458.5,1471.0,1452.199951171875,1471.0,10259630,RELIANCE_NS
2026-02-11,1461.9405517578125,1468.699951171875,1470.0,1453.5999755859375,1459.5999755859375,7106877,RELIANCE_NS
2026-02-12,1442.231689453125,1448.9000244140625,1473.0,1445.5,1470.0,11135399,RELIANCE_NS
2026-02-13,1413.0665283203125,1419.5999755859375,1450.699951171875,1416.300048828125,1445.5,10755693,RELIANCE_NS
2026-02-16,1430.4859619140625,1437.0999755859375,1439.5999755859375,1409.300048828125,1420.0999755859375,5896514,RELIANCE_NS
2026-02-17,1416.450927734375,1423.0,1431.800048828125,1418.5999755859375,1431.0999755859375,10731630,RELIANCE_NS
2026-02-18,1434.666748046875,1441.300048828125,1442.0999755859375,1419.199951171875,1427.0,5521096,RELIANCE_NS
2026-02-19,1403.0130615234375,1409.5,1443.0,1400.0,1443.0,11884664,RELIANCE_NS
2026-02-20,1412.8675537109375,1419.4000244140625,1427.4000244140625,1406.0999755859375,1409.5,8177670,RELIANCE_NS
2026-02-23,1421.4278564453125,1428.0,1434.9000244140625,1418.300048828125,1425.0,7758856,RELIANCE_NS
2026-02-24,1422.2242431640625,1428.800048828125,1433.300048828125,1415.0,1425.300048828125,12529409,RELIANCE_NS
2026-02-25,1392.063720703125,1398.5,1440.5,1393.5,1435.0,10728792,RELIANCE_NS
2026-02-26,1400.3255615234375,1406.800048828125,1412.9000244140625,1391.9000244140625,1398.5,16683858,RELIANCE_NS
2026-02-27,1387.48486328125,1393.9000244140625,1410.4000244140625,1388.0999755859375,1398.0,12031440,RELIANCE_NS
2026-03-02,1351.75,1358.0,1378.5999755859375,1341.5,1375.5,23728722,RELIANCE_NS
2026-03-04,1338.8099365234375,1345.0,1352.800048828125,1307.0,1330.0,32495007,RELIANCE_NS
2026-03-05,1383.005615234375,1389.4000244140625,1399.0,1353.0999755859375,1353.0999755859375,25957532,RELIANCE_NS
2026-03-06,1398.334716796875,1404.800048828125,1424.300048828125,1390.300048828125,1396.5,19311971,RELIANCE_NS
2026-03-09,1417.4462890625,1424.0,1429.4000244140625,1370.0,1375.0,24870822,RELIANCE_NS
2026-03-10,1402.3162841796875,1408.800048828125,1431.5,1400.5999755859375,1430.5999755859375,18071259,RELIANCE_NS
2026-03-11,1383.8017578125,1390.199951171875,1434.0,1383.5999755859375,1424.9000244140625,21848087,RELIANCE_NS
2026-03-12,1385.7926025390625,1392.199951171875,1410.9000244140625,1381.0999755859375,1390.0,20939959,RELIANCE_NS
2026-03-13,1374.3455810546875,1380.699951171875,1400.800048828125,1378.4000244140625,1385.199951171875,17265090,RELIANCE_NS
2026-03-16,1388.6793212890625,1395.0999755859375,1397.300048828125,1363.5,1380.0,22837802,RELIANCE_NS
2026-03-17,1391.167724609375,1397.5999755859375,1405.9000244140625,1388.199951171875,1399.0,19007744,RELIANCE_NS
2026-03-18,1401.6195068359375,1408.0999755859375,1412.9000244140625,1397.199951171875,1397.199951171875,9559327,RELIANCE_NS
2026-03-19,1378.4267578125,1384.800048828125,1415.699951171875,1376.0999755859375,1388.0,16498373,RELIANCE_NS
2026-03-20,1407.8905029296875,1414.4000244140625,1430.0,1396.0999755859375,1398.0,22994918,RELIANCE_NS
2026-03-23,1401.3209228515625,1407.800048828125,1415.5999755859375,1391.0,1400.0,18979554,RELIANCE_NS
2026-03-24,1405.302490234375,1411.800048828125,1422.4000244140625,1406.5999755859375,1420.0,18620893,RELIANCE_NS
2026-03-25,1406.596435546875,1413.0999755859375,1430.5,1408.4000244140625,1420.0,19041331,RELIANCE_NS
2026-03-27,1341.8956298828125,1348.0999755859375,1404.699951171875,1345.0,1401.0,23266517,RELIANCE_NS
2026-03-30,1337.7149658203125,1343.9000244140625,1365.0,1334.0999755859375,1335.0,24393861,RELIANCE_NS
2026-04-01,1362.8984375,1369.199951171875,1384.4000244140625,1362.9000244140625,1384.199951171875,14404619,RELIANCE_NS
2026-04-02,1344.2845458984375,1350.5,1358.199951171875,1328.0,1357.0,21280051,RELIANCE_NS
2026-04-06,1298.6953125,1304.699951171875,1359.0,1290.0,1359.0,29274881,RELIANCE_NS
2026-04-07,1298.5958251953125,1304.5999755859375,1308.300048828125,1291.0,1295.0,28388922,RELIANCE_NS
2026-04-08,1341.5970458984375,1347.800048828125,1350.5999755859375,1326.199951171875,1349.0,21817543,RELIANCE_NS
2026-04-09,1323.87890625,1330.0,1350.0,1326.300048828125,1346.0,20725390,RELIANCE_NS
2026-04-10,1343.9859619140625,1350.199951171875,1352.300048828125,1331.5,1337.0,19364461,RELIANCE_NS
2026-04-13,1309.0474853515625,1315.0999755859375,1327.5999755859375,1310.0,1321.199951171875,28753269,RELIANCE_NS
2026-04-15,1337.9140625,1344.0999755859375,1347.0,1334.199951171875,1337.0,15313779,RELIANCE_NS
2026-04-16,1337.1177978515625,1343.300048828125,1353.800048828125,1330.0,1352.0,30211012,RELIANCE_NS
2026-04-17,1358.7178955078125,1365.0,1368.4000244140625,1340.0,1340.0,13869105,RELIANCE_NS
2026-04-20,1357.0257568359375,1363.300048828125,1373.0,1352.800048828125,1363.199951171875,13614733,RELIANCE_NS
2026-04-21,1347.07177734375,1353.300048828125,1369.800048828125,1350.0999755859375,1359.0,27293629,RELIANCE_NS
2026-04-22,1355.8311767578125,1362.0999755859375,1366.0,1349.0999755859375,1350.300048828125,9525953,RELIANCE_NS
2026-04-23,1337.21728515625,1343.4000244140625,1355.5,1340.699951171875,1346.0,16385079,RELIANCE_NS
2026-04-24,1321.6890869140625,1327.800048828125,1345.9000244140625,1325.0,1340.0,11744802,RELIANCE_NS
2026-04-27,1359.51416015625,1365.800048828125,1371.5999755859375,1311.0,1313.0,24673098,RELIANCE_NS
2026-04-28,1382.5078125,1388.9000244140625,1395.199951171875,1357.0,1358.0,41027699,RELIANCE_NS
2026-04-29,1418.83984375,1425.4000244140625,1433.800048828125,1391.300048828125,1392.0,30542143,RELIANCE_NS
2026-04-30,1424.215087890625,1430.800048828125,1437.0,1393.0999755859375,1409.0,30957881,RELIANCE_NS
2026-05-01,1424.215087890625,1430.800048828125,1430.800048828125,1430.800048828125,1430.800048828125,0,RELIANCE_NS
2026-05-04,1456.3663330078125,1463.0999755859375,1467.4000244140625,1433.4000244140625,1433.4000244140625,24035700,RELIANCE_NS
2026-05-05,1456.864013671875,1463.5999755859375,1473.4000244140625,1450.0,1460.0,23543341,RELIANCE_NS
2026-05-06,1431.2823486328125,1437.9000244140625,1473.300048828125,1427.5,1463.0,14221786,RELIANCE_NS
2026-05-07,1429.590087890625,1436.199951171875,1449.5,1430.300048828125,1438.800048828125,19816903,RELIANCE_NS
2026-05-08,1428.5947265625,1435.199951171875,1442.800048828125,1417.5,1426.0,8663105,RELIANCE_NS
2026-05-11,1381.81103515625,1388.199951171875,1428.0,1382.0,1420.0,15261787,RELIANCE_NS
2026-05-12,1357.722412109375,1364.0,1393.5,1360.300048828125,1392.0,24357500,RELIANCE_NS
2026-05-13,1352.54638671875,1358.800048828125,1372.4000244140625,1352.4000244140625,1361.4000244140625,13797989,RELIANCE_NS
2026-05-14,1355.5325927734375,1361.800048828125,1378.0,1358.4000244140625,1365.199951171875,17303059,RELIANCE_NS
2026-05-15,1330.24951171875,1336.4000244140625,1364.800048828125,1329.199951171875,1356.800048828125,19976192,RELIANCE_NS
2026-05-18,1329.7518310546875,1335.9000244140625,1342.0,1318.699951171875,1334.0,13022473,RELIANCE_NS
2026-05-19,1316.6124267578125,1322.699951171875,1344.0,1318.4000244140625,1338.699951171875,21665501,RELIANCE_NS
2026-05-20,1353.442138671875,1359.699951171875,1362.9000244140625,1312.5999755859375,1318.699951171875,13248515,RELIANCE_NS
2026-05-21,1343.388671875,1349.5999755859375,1370.9000244140625,1345.199951171875,1367.199951171875,17150630,RELIANCE_NS
2026-05-22,1348.26611328125,1354.5,1367.4000244140625,1349.0999755859375,1350.0,7105813,RELIANCE_NS
2026-05-25,1360.7086181640625,1367.0,1371.0999755859375,1357.0,1366.800048828125,6750071,RELIANCE_NS
2026-05-26,1350.0579833984375,1356.300048828125,1368.5,1352.4000244140625,1360.0999755859375,13769747,RELIANCE_NS
2026-05-27,1344.2845458984375,1350.5,1361.0,1348.5999755859375,1353.0,13215138,RELIANCE_NS
2026-05-28,1344.2845458984375,1350.5,1350.5,1350.5,1350.5,0,RELIANCE_NS
2026-05-29,1315.119384765625,1321.199951171875,1369.0,1317.0,1364.0,42634247,RELIANCE_NS
2026-06-01,1313.9249267578125,1320.0,1335.5,1318.5,1332.5,10700603,RELIANCE_NS
2026-06-02,1308.5498046875,1314.5999755859375,1327.800048828125,1300.300048828125,1307.699951171875,23302785,RELIANCE_NS
2026-06-03,1307.15625,1313.199951171875,1324.0,1301.0,1315.0,20012293,RELIANCE_NS
2026-06-04,1297.699951171875,1303.699951171875,1311.199951171875,1293.0999755859375,1301.0,23474327,RELIANCE_NS
2026-06-05,1291.0,1291.0,1306.0,1288.0,1304.5,17785223,RELIANCE_NS
2026-06-08,1263.300048828125,1263.300048828125,1282.5999755859375,1259.199951171875,1277.0,16494759,RELIANCE_NS
2026-06-09,1269.199951171875,1269.199951171875,1274.199951171875,1257.5,1269.0,23620214,RELIANCE_NS
2026-06-10,1258.800048828125,1258.800048828125,1300.5,1254.4000244140625,1275.0,21012796,RELIANCE_NS
2026-06-11,1263.0,1263.0,1276.0,1253.199951171875,1258.0,13117486,RELIANCE_NS
2026-06-12,1293.0,1293.0,1297.0,1262.5,1277.0,11988785,RELIANCE_NS
