date,adj_close,close,high,low,open,volume,symbol
2015-01-02,170.1249542236328,205.42999267578125,206.8800048828125,204.17999267578125,206.3800048828125,121465900,SPY
2015-01-05,167.05259704589844,201.72000122070312,204.3699951171875,201.35000610351562,204.1699981689453,169632600,SPY
2015-01-06,165.4791259765625,199.82000732421875,202.72000122070312,198.86000061035156,202.08999633789062,209151400,SPY
2015-01-07,167.5412139892578,202.30999755859375,202.72000122070312,200.8800048828125,201.4199981689453,125346700,SPY
2015-01-08,170.5142059326172,205.89999389648438,206.16000366210938,203.99000549316406,204.00999450683594,147217800,SPY
2015-01-09,169.14785766601562,204.25,206.4199981689453,203.50999450683594,206.39999389648438,158567300,SPY
2015-01-12,167.82276916503906,202.64999389648438,204.60000610351562,201.9199981689453,204.41000366210938,144396100,SPY
2015-01-13,167.35069274902344,202.0800018310547,205.47999572753906,200.50999450683594,204.1199951171875,214553300,SPY
2015-01-14,166.34042358398438,200.86000061035156,201.10000610351562,198.57000732421875,199.64999389648438,192991100,SPY
2015-01-15,164.816650390625,199.02000427246094,202.00999450683594,198.8800048828125,201.6300048828125,176613900,SPY
2015-01-16,166.9780731201172,201.6300048828125,201.82000732421875,198.5500030517578,198.77000427246094,211879600,SPY
2015-01-20,167.33413696289062,202.05999755859375,202.72000122070312,200.1699981689453,202.39999389648438,130991100,SPY
2015-01-21,168.17884826660156,203.0800018310547,203.66000366210938,200.94000244140625,201.5,122942700,SPY
2015-01-22,170.67984008789062,206.10000610351562,206.25999450683594,202.3300018310547,203.99000549316406,174356000,SPY
2015-01-23,169.7440948486328,204.97000122070312,206.10000610351562,204.80999755859375,205.7899932861328,117516800,SPY
2015-01-26,170.14154052734375,205.4499969482422,205.55999755859375,203.85000610351562,204.7100067138672,92009700,SPY
2015-01-27,167.89732360839844,202.74000549316406,204.1199951171875,201.74000549316406,202.97000122070312,134044600,SPY
2015-01-28,165.744140625,200.13999938964844,204.2899932861328,199.91000366210938,204.1699981689453,168514300,SPY
2015-01-29,167.2761688232422,201.99000549316406,202.3000030517578,198.67999267578125,200.3800048828125,173585400,SPY
2015-01-30,165.17274475097656,199.4499969482422,202.1699981689453,199.1300048828125,200.57000732421875,197729700,SPY
2015-02-02,167.2182159423828,201.9199981689453,202.02999877929688,197.86000061035156,200.0500030517578,163107000,SPY
2015-02-03,169.6364288330078,204.83999633789062,204.85000610351562,202.5500030517578,203.0,124212900,SPY
2015-02-04,168.99044799804688,204.05999755859375,205.3800048828125,203.50999450683594,203.9199981689453,134306700,SPY
2015-02-05,170.69642639160156,206.1199951171875,206.3000030517578,204.77000427246094,204.86000061035156,97953200,SPY
2015-02-06,170.22438049316406,205.5500030517578,207.24000549316406,204.9199981689453,206.55999755859375,125672000,SPY
2015-02-09,169.4624786376953,204.6300048828125,205.63999938964844,204.13999938964844,204.77000427246094,87219000,SPY
2015-02-10,171.26785278320312,206.80999755859375,207.1199951171875,204.67999267578125,205.8800048828125,96164200,SPY
2015-02-11,171.3672332763672,206.92999267578125,207.4499969482422,205.8300018310547,206.61000061035156,91087800,SPY
2015-02-12,173.01522827148438,208.9199981689453,208.99000549316406,206.97000122070312,207.88999938964844,97545900,SPY
2015-02-13,173.7274627685547,209.77999877929688,209.83999633789062,208.75999450683594,209.07000732421875,93670400,SPY
2015-02-17,174.00071716308594,210.11000061035156,210.32000732421875,209.10000610351562,209.39999389648438,76968200,SPY
2015-02-18,174.0172882080078,210.1300048828125,210.22000122070312,209.33999633789062,209.66000366210938,80652900,SPY
2015-02-19,173.89303588867188,209.97999572753906,210.4199981689453,209.24000549316406,209.41000366210938,91462500,SPY
2015-02-20,174.9365234375,211.24000549316406,211.3300018310547,208.72999572753906,209.47999572753906,140896400,SPY
2015-02-23,174.9116973876953,211.2100067138672,211.2100067138672,210.47999572753906,210.94000244140625,74411100,SPY
2015-02-24,175.40855407714844,211.80999755859375,212.0500030517578,210.75999450683594,211.1199951171875,72472300,SPY
2015-02-25,175.2594451904297,211.6300048828125,212.24000549316406,211.22000122070312,211.66000366210938,73061700,SPY
2015-02-26,175.05245971679688,211.3800048828125,211.7100067138672,210.64999389648438,211.52000427246094,72697900,SPY
2015-02-27,174.45620727539062,210.66000366210938,211.5800018310547,210.60000610351562,211.25999450683594,108076000,SPY
2015-03-02,175.55760192871094,211.99000549316406,212.05999755859375,210.72000122070312,210.77999877929688,87491400,SPY
2015-03-03,174.8370819091797,211.1199951171875,212.0500030517578,210.0800018310547,211.47000122070312,110325800,SPY
2015-03-04,174.10003662109375,210.22999572753906,210.49000549316406,209.05999755859375,210.39999389648438,114497200,SPY
2015-03-05,174.29055786132812,210.4600067138672,210.8000030517578,209.85000610351562,210.6199951171875,76873000,SPY
2015-03-06,171.8392333984375,207.5,209.94000244140625,207.10000610351562,209.4199981689453,188128000,SPY
2015-03-09,172.55142211914062,208.36000061035156,208.7899932861328,207.5500030517578,207.74000549316406,89818900,SPY
2015-03-10,169.75234985351562,204.97999572753906,206.80999755859375,204.92999267578125,206.7100067138672,157121300,SPY
2015-03-11,169.35488891601562,204.5,205.5,204.39999389648438,205.2899932861328,110145700,SPY
2015-03-12,171.50802612304688,207.10000610351562,207.17999267578125,205.1999969482422,205.25999450683594,93993500,SPY
2015-03-13,170.4562225341797,205.8300018310547,207.92999267578125,204.5800018310547,206.77000427246094,162410900,SPY
2015-03-16,172.73367309570312,208.5800018310547,208.69000244140625,205.86000061035156,206.7100067138672,136099200,SPY
2015-03-17,172.22023010253906,207.9600067138672,208.4199981689453,206.97999572753906,207.69000244140625,94510400,SPY
2015-03-18,174.29055786132812,210.4600067138672,211.27000427246094,206.6199951171875,207.38999938964844,228808500,SPY
2015-03-19,173.49557495117188,209.5,210.47000122070312,209.02999877929688,209.9600067138672,117917300,SPY
2015-03-20,175.02687072753906,210.41000366210938,211.02000427246094,209.49000549316406,209.7100067138672,177715100,SPY
2015-03-23,174.68589782714844,210.0,211.11000061035156,210.0,210.4199981689453,71784500,SPY
2015-03-24,173.70436096191406,208.82000732421875,210.39999389648438,208.74000549316406,209.85000610351562,77805300,SPY
2015-03-25,171.15890502929688,205.75999450683594,209.35000610351562,205.7100067138672,209.07000732421875,159521700,SPY
2015-03-26,170.75132751464844,205.27000427246094,206.3699951171875,204.1199951171875,204.9600067138672,153067200,SPY
2015-03-27,171.14230346679688,205.74000549316406,205.9499969482422,204.89999389648438,205.1300048828125,118939000,SPY
2015-03-30,173.230224609375,208.25,208.61000061035156,206.9600067138672,206.97999572753906,96180400,SPY
2015-03-31,171.7162322998047,206.42999267578125,208.10000610351562,206.36000061035156,207.25999450683594,126768700,SPY
2015-04-01,171.10899353027344,205.6999969482422,206.4199981689453,204.50999450683594,206.38999938964844,137303600,SPY
2015-04-02,171.72457885742188,206.44000244140625,206.97999572753906,205.39999389648438,205.6199951171875,86900900,SPY
2015-04-06,172.8808135986328,207.8300018310547,208.4499969482422,205.2100067138672,205.3699951171875,114368200,SPY
2015-04-07,172.42330932617188,207.27999877929688,208.75999450683594,207.24000549316406,207.86000061035156,81236300,SPY
2015-04-08,173.0055389404297,207.97999572753906,208.50999450683594,207.0800018310547,207.5500030517578,89351900,SPY
2015-04-09,173.77088928222656,208.89999389648438,209.17999267578125,207.19000244140625,207.77999877929688,85548900,SPY
2015-04-10,174.71910095214844,210.0399932861328,210.08999633789062,208.9600067138672,209.1999969482422,72722900,SPY
2015-04-13,173.928955078125,209.08999633789062,210.6300048828125,209.02999877929688,209.8699951171875,74436600,SPY
2015-04-14,174.26165771484375,209.49000549316406,209.7100067138672,208.10000610351562,208.85000610351562,75099900,SPY
2015-04-15,175.04359436035156,210.42999267578125,211.0399932861328,209.9499969482422,210.0500030517578,99529300,SPY
2015-04-16,174.99366760253906,210.3699951171875,210.97999572753906,209.7899932861328,210.02999877929688,68934900,SPY
2015-04-17,172.9806671142578,207.9499969482422,209.22999572753906,207.00999450683594,208.94000244140625,191113200,SPY
2015-04-20,174.56109619140625,209.85000610351562,210.25,208.9600067138672,209.05999755859375,92189500,SPY
2015-04-21,174.35316467285156,209.60000610351562,210.86000061035156,209.24000549316406,210.6699981689453,72559800,SPY
2015-04-22,175.2099609375,210.6300048828125,210.85000610351562,208.89999389648438,210.00999450683594,78264600,SPY
2015-04-23,175.65084838867188,211.16000366210938,211.94000244140625,210.00999450683594,210.14999389648438,102585900,SPY
2015-04-24,176.0584259033203,211.64999389648438,211.97000122070312,211.11000061035156,211.66000366210938,61327400,SPY
2015-04-27,175.32643127441406,210.77000427246094,212.47999572753906,210.5399932861328,212.3300018310547,79358100,SPY
2015-04-28,175.88372802734375,211.44000244140625,211.5,209.3300018310547,210.74000549316406,86863500,SPY
2015-04-29,175.1600341796875,210.57000732421875,211.2899932861328,209.60000610351562,210.3699951171875,125684900,SPY
2015-04-30,173.40487670898438,208.4600067138672,210.35000610351562,207.6199951171875,209.8800048828125,161304900,SPY
2015-05-01,175.28480529785156,210.72000122070312,210.77000427246094,209.27999877929688,209.39999389648438,103399700,SPY
2015-05-04,175.783935546875,211.32000732421875,212.02000427246094,211.10000610351562,211.22999572753906,70927200,SPY
2015-05-05,173.77088928222656,208.89999389648438,211.4600067138672,208.72999572753906,211.02999877929688,113326200,SPY
2015-05-06,173.0554962158203,208.0399932861328,209.92999267578125,206.75999450683594,209.55999755859375,135060200,SPY
2015-05-07,173.745849609375,208.8699951171875,209.3800048828125,207.52000427246094,207.9199981689453,88244900,SPY
2015-05-08,176.03353881835938,211.6199951171875,211.86000061035156,210.77999877929688,210.8800048828125,155877300,SPY
2015-05-11,175.19329833984375,210.61000061035156,211.88999938964844,210.52000427246094,211.57000732421875,75708100,SPY
2015-05-12,174.66929626464844,209.97999572753906,210.6300048828125,208.6199951171875,209.61000061035156,119727600,SPY
2015-05-13,174.7025146484375,210.02000427246094,211.22000122070312,209.74000549316406,210.47000122070312,94667900,SPY
2015-05-14,176.52430725097656,212.2100067138672,212.32000732421875,210.91000366210938,211.24000549316406,95934000,SPY
2015-05-15,176.71554565429688,212.44000244140625,212.61000061035156,211.86000061035156,212.44000244140625,76510100,SPY
2015-05-18,177.2646026611328,213.10000610351562,213.39999389648438,212.16000366210938,212.24000549316406,74549700,SPY
2015-05-19,177.2064208984375,213.02999877929688,213.57000732421875,212.69000244140625,213.24000549316406,72114600,SPY
2015-05-20,177.08160400390625,212.8800048828125,213.77999877929688,212.5,213.14999389648438,76857500,SPY
2015-05-21,177.5973663330078,213.5,213.75,212.50999450683594,212.7100067138672,64764600,SPY
2015-05-22,177.17311096191406,212.99000549316406,213.5399932861328,212.91000366210938,213.0399932861328,57433500,SPY
2015-05-26,175.26820373535156,210.6999969482422,212.91000366210938,210.1999969482422,212.39999389648438,124308600,SPY
2015-05-27,176.93186950683594,212.6999969482422,212.97999572753906,210.75999450683594,211.25,93214000,SPY
2015-05-28,176.7322235107422,212.4600067138672,212.58999633789062,211.6300048828125,212.3300018310547,74974600,SPY
2015-05-29,175.63417053222656,211.13999938964844,212.42999267578125,210.82000732421875,212.3800048828125,124919600,SPY
2015-06-01,175.9918670654297,211.57000732421875,212.33999633789062,210.6199951171875,211.94000244140625,93338800,SPY
2015-06-02,175.81719970703125,211.36000061035156,212.19000244140625,210.27000427246094,211.02000427246094,91531000,SPY
2015-06-03,176.28305053710938,211.9199981689453,212.6699981689453,211.3300018310547,212.0,87820900,SPY
2015-06-04,174.79403686523438,210.1300048828125,211.86000061035156,209.75,211.07000732421875,151882800,SPY
2015-06-05,174.49456787109375,209.77000427246094,210.5800018310547,208.97999572753906,209.9499969482422,121704700,SPY
2015-06-08,173.42152404785156,208.47999572753906,209.82000732421875,208.38999938964844,209.63999938964844,89063300,SPY
2015-06-09,173.39649963378906,208.4499969482422,209.10000610351562,207.69000244140625,208.4499969482422,105034700,SPY
2015-06-10,175.4761199951172,210.9499969482422,211.41000366210938,209.3000030517578,209.3699951171875,134551300,SPY
2015-06-11,176.04177856445312,211.6300048828125,212.08999633789062,211.1999969482422,211.47999572753906,73876400,SPY
2015-06-12,174.69419860839844,210.00999450683594,211.47999572753906,209.67999267578125,210.63999938964844,135382400,SPY
2015-06-15,173.94558715820312,209.11000061035156,209.4499969482422,207.7899932861328,208.63999938964844,124384200,SPY
2015-06-16,174.89385986328125,210.25,210.35000610351562,208.72000122070312,208.92999267578125,85308200,SPY
2015-06-17,175.17669677734375,210.58999633789062,211.32000732421875,209.36000061035156,210.58999633789062,126708600,SPY
2015-06-18,176.99847412109375,212.77999877929688,213.33999633789062,210.6300048828125,211.30999755859375,165867900,SPY
2015-06-19,176.21270751953125,210.80999755859375,211.5500030517578,210.36000061035156,211.4600067138672,130478700,SPY
2015-06-22,177.11544799804688,211.88999938964844,212.58999633789062,211.63999938964844,211.91000366210938,70696000,SPY
2015-06-23,177.2407989501953,212.0399932861328,212.44000244140625,211.57000732421875,212.13999938964844,68476800,SPY
2015-06-24,175.95355224609375,210.5,212.1699981689453,210.47000122070312,211.72000122070312,92307300,SPY
2015-06-25,175.4185333251953,209.86000061035156,211.25,209.77000427246094,211.10000610351562,97107400,SPY
2015-06-26,175.38514709472656,209.82000732421875,210.5800018310547,209.16000366210938,210.2899932861328,104174800,SPY
2015-06-29,171.70726013183594,205.4199981689453,209.8300018310547,205.3300018310547,208.0500030517578,202621300,SPY
2015-06-30,172.0667266845703,205.85000610351562,207.32000732421875,205.27999877929688,207.25999450683594,182925100,SPY
2015-07-01,173.44589233398438,207.5,208.02999877929688,206.55999755859375,207.72999572753906,135979900,SPY
2015-07-02,173.28709411621094,207.30999755859375,208.27000427246094,206.80999755859375,208.07000732421875,104373700,SPY
2015-07-06,172.79391479492188,206.72000122070312,207.64999389648438,205.52999877929688,205.77000427246094,117975400,SPY
2015-07-07,173.8805694580078,208.02000427246094,208.1699981689453,204.11000061035156,206.9600067138672,173820200,SPY
2015-07-08,170.96328735351562,204.52999877929688,206.75999450683594,204.25,206.4199981689453,164020100,SPY
2015-07-09,171.27256774902344,204.89999389648438,207.35000610351562,204.77000427246094,207.0399932861328,144113100,SPY
2015-07-10,173.42921447753906,207.47999572753906,207.97999572753906,204.9499969482422,207.2899932861328,129456900,SPY
2015-07-13,175.34332275390625,209.77000427246094,209.89999389648438,208.94000244140625,208.99000549316406,106069400,SPY
2015-07-14,176.10397338867188,210.67999267578125,211.0500030517578,209.64999389648438,209.72000122070312,81709600,SPY
2015-07-15,176.04550170898438,210.61000061035156,211.27999877929688,210.0399932861328,210.72999572753906,97914100,SPY
2015-07-16,177.45811462402344,212.3000030517578,212.3000030517578,211.5800018310547,211.8699951171875,106683300,SPY
2015-07-17,177.60862731933594,212.47999572753906,212.5500030517578,211.8000030517578,212.2899932861328,89030000,SPY
2015-07-20,177.70054626464844,212.58999633789062,213.17999267578125,212.2100067138672,212.75,70446800,SPY
2015-07-21,176.99844360351562,211.75,212.74000549316406,211.38999938964844,212.42999267578125,77965000,SPY
2015-07-22,176.68075561523438,211.3699951171875,211.77000427246094,210.88999938964844,210.92999267578125,88667900,SPY
2015-07-23,175.6859893798828,210.17999267578125,211.64999389648438,209.75,211.52999877929688,90509100,SPY
2015-07-24,173.8638153076172,208.0,210.3699951171875,207.60000610351562,210.3000030517578,117755000,SPY
2015-07-27,172.85244750976562,206.7899932861328,207.5500030517578,206.25999450683594,206.94000244140625,132361100,SPY
2015-07-28,174.9755859375,209.3300018310547,209.5,206.8000030517578,207.7899932861328,123544800,SPY
2015-07-29,176.17926025390625,210.77000427246094,211.0399932861328,209.30999755859375,209.47999572753906,105791300,SPY
2015-07-30,176.2211151123047,210.82000732421875,211.02000427246094,209.4199981689453,210.16000366210938,91304400,SPY
2015-07-31,175.95355224609375,210.5,211.4499969482422,210.16000366210938,211.4199981689453,103266900,SPY
2015-08-03,175.36007690429688,209.7899932861328,210.52999877929688,208.64999389648438,210.4600067138672,113965700,SPY
2015-08-04,175.01736450195312,209.3800048828125,210.25,208.8000030517578,209.6999969482422,81820800,SPY
2015-08-05,175.59413146972656,210.07000732421875,211.30999755859375,209.72999572753906,210.4499969482422,85786800,SPY
2015-08-06,174.15638732910156,208.35000610351562,210.4199981689453,207.64999389648438,210.2899932861328,116030800,SPY
2015-08-07,173.822021484375,207.9499969482422,208.33999633789062,206.8699951171875,208.16000366210938,117858000,SPY
2015-08-10,176.01205444335938,210.57000732421875,210.6699981689453,209.27999877929688,209.27999877929688,80270700,SPY
2015-08-11,174.42388916015625,208.6699981689453,209.47000122070312,207.75999450683594,208.97000122070312,126081400,SPY
2015-08-12,174.63282775878906,208.9199981689453,209.13999938964844,205.36000061035156,207.11000061035156,172123700,SPY
2015-08-13,174.41552734375,208.66000366210938,209.5500030517578,208.00999450683594,208.72999572753906,89383300,SPY
2015-08-14,175.05078125,209.4199981689453,209.50999450683594,208.25999450683594,208.42999267578125,72786500,SPY
2015-08-17,176.02879333496094,210.58999633789062,210.58999633789062,208.16000366210938,208.7100067138672,79072600,SPY
2015-08-18,175.5189208984375,209.97999572753906,210.67999267578125,209.6999969482422,210.25999450683594,71692700,SPY
2015-08-19,174.13133239746094,208.32000732421875,210.00999450683594,207.35000610351562,209.08999633789062,172946000,SPY
2015-08-20,170.49520874023438,203.97000122070312,208.2899932861328,203.89999389648438,206.50999450683594,194327900,SPY
2015-08-21,165.3629150390625,197.8300018310547,203.94000244140625,197.52000427246094,201.72999572753906,346588500,SPY
2015-08-24,158.40003967285156,189.5,197.47999572753906,182.39999389648438,187.49000549316406,507244300,SPY
2015-08-25,156.5359344482422,187.27000427246094,195.4499969482422,186.9199981689453,195.42999267578125,369833100,SPY
2015-08-26,162.54595947265625,194.4600067138672,194.7899932861328,188.3699951171875,192.0800018310547,339257000,SPY
2015-08-27,166.5666046142578,199.27000427246094,199.4199981689453,195.2100067138672,197.02000427246094,274143900,SPY
2015-08-28,166.57493591308594,199.27999877929688,199.83999633789062,197.9199981689453,198.5,160414400,SPY
2015-08-31,165.22921752929688,197.6699981689453,199.1300048828125,197.00999450683594,198.11000061035156,163298800,SPY
2015-09-01,160.29745483398438,191.77000427246094,194.77000427246094,190.72999572753906,193.1199951171875,256000400,SPY
2015-09-02,163.34005737304688,195.41000366210938,195.4600067138672,192.4199981689453,194.6199951171875,160269300,SPY
2015-09-03,163.45712280273438,195.5500030517578,198.0500030517578,194.9600067138672,196.25999450683594,152087800,SPY
2015-09-04,160.98289489746094,192.58999633789062,193.86000061035156,191.61000061035156,192.85000610351562,207081000,SPY
2015-09-08,165.02853393554688,197.42999267578125,197.61000061035156,195.1699981689453,195.94000244140625,116025700,SPY
2015-09-09,162.82180786132812,194.7899932861328,199.47000122070312,194.35000610351562,199.32000732421875,149347700,SPY
2015-09-10,163.70777893066406,195.85000610351562,197.22000122070312,194.25,194.55999755859375,158611100,SPY
2015-09-11,164.45179748535156,196.74000549316406,196.82000732421875,194.52999877929688,195.3800048828125,119691200,SPY
2015-09-14,163.8415985107422,196.00999450683594,197.00999450683594,195.42999267578125,196.9499969482422,79452000,SPY
2015-09-15,165.8895263671875,198.4600067138672,198.99000549316406,195.9600067138672,196.61000061035156,113806200,SPY
2015-09-16,167.32723999023438,200.17999267578125,200.41000366210938,198.41000366210938,198.82000732421875,99581600,SPY
2015-09-17,166.95106506347656,199.72999572753906,202.88999938964844,199.27999877929688,200.02000427246094,276046600,SPY
2015-09-18,164.22283935546875,195.4499969482422,198.67999267578125,194.9600067138672,195.7100067138672,223657500,SPY
2015-09-21,165.07150268554688,196.4600067138672,197.67999267578125,195.2100067138672,196.44000244140625,105726200,SPY
2015-09-22,162.92889404296875,193.91000366210938,194.4600067138672,192.55999755859375,193.8800048828125,153890900,SPY
2015-09-23,162.66845703125,193.60000610351562,194.6699981689453,192.91000366210938,194.11000061035156,92790600,SPY
2015-09-24,162.08023071289062,192.89999389648438,193.4499969482422,190.55999755859375,192.14999389648438,159378800,SPY
2015-09-25,162.03823852539062,192.85000610351562,195.0,191.80999755859375,194.63999938964844,155054800,SPY
2015-09-28,157.9715576171875,188.00999450683594,191.91000366210938,187.63999938964844,191.77999877929688,178515900,SPY
2015-09-29,158.06396484375,188.1199951171875,189.74000549316406,186.92999267578125,188.27000427246094,159045600,SPY
2015-09-30,161.01319885253906,191.6300048828125,191.8300018310547,189.44000244140625,190.3699951171875,163452000,SPY
2015-10-01,161.43331909179688,192.1300048828125,192.49000549316406,189.82000732421875,192.0800018310547,131079000,SPY
2015-10-02,163.8447265625,195.0,195.02999877929688,189.1199951171875,189.77000427246094,211003300,SPY
2015-10-05,166.76034545898438,198.47000122070312,198.74000549316406,196.3300018310547,196.4600067138672,126320800,SPY
2015-10-06,166.18902587890625,197.7899932861328,198.97999572753906,197.0,198.30999755859375,110274500,SPY
2015-10-07,167.5501708984375,199.41000366210938,199.8300018310547,197.47999572753906,198.89999389648438,124307300,SPY
2015-10-08,169.0625762939453,201.2100067138672,201.5500030517578,198.58999633789062,198.9499969482422,153055200,SPY
2015-10-09,169.16339111328125,201.3300018310547,201.89999389648438,200.5800018310547,201.3800048828125,107069200,SPY
2015-10-12,169.32310485839844,201.52000427246094,201.75999450683594,200.91000366210938,201.4199981689453,56395600,SPY
2015-10-13,168.25596618652344,200.25,202.16000366210938,200.0500030517578,200.64999389648438,88038700,SPY
2015-10-14,167.44935607910156,199.2899932861328,200.8699951171875,198.94000244140625,200.17999267578125,99106200,SPY
2015-10-15,170.02041625976562,202.35000610351562,202.36000061035156,199.63999938964844,200.0800018310547,134142200,SPY
2015-10-16,170.79344177246094,203.27000427246094,203.2899932861328,201.9199981689453,202.8300018310547,114580100,SPY
2015-10-19,170.87747192382812,203.3699951171875,203.3699951171875,202.1300048828125,202.5,76523900,SPY
2015-10-20,170.65902709960938,203.11000061035156,203.83999633789062,202.5500030517578,202.85000610351562,78448500,SPY
2015-10-21,169.60032653808594,201.85000610351562,203.7899932861328,201.64999389648438,203.61000061035156,102038000,SPY
2015-10-22,172.4654541015625,205.25999450683594,205.50999450683594,201.85000610351562,202.97999572753906,174911700,SPY
2015-10-23,174.35601806640625,207.50999450683594,207.9499969482422,206.3000030517578,207.25,144442300,SPY
2015-10-26,173.92755126953125,207.0,207.3699951171875,206.55999755859375,207.3000030517578,69033000,SPY
2015-10-27,173.5914306640625,206.60000610351562,207.0,205.7899932861328,206.1999969482422,77905800,SPY
2015-10-28,175.5659637451172,208.9499969482422,208.97999572753906,206.2100067138672,207.0,135906700,SPY
2015-10-29,175.465087890625,208.8300018310547,209.27000427246094,208.2100067138672,208.35000610351562,90525500,SPY
2015-10-30,174.70892333984375,207.92999267578125,209.44000244140625,207.74000549316406,209.05999755859375,131076900,SPY
2015-11-02,176.7758331298828,210.38999938964844,210.6199951171875,208.1699981689453,208.32000732421875,86270800,SPY
2015-11-03,177.2883758544922,211.0,211.66000366210938,209.6999969482422,209.97000122070312,95246100,SPY
2015-11-04,176.75070190429688,210.36000061035156,211.5,209.72000122070312,211.35000610351562,96224500,SPY
2015-11-05,176.57424926757812,210.14999389648438,210.97999572753906,209.08999633789062,210.42999267578125,78408700,SPY
2015-11-06,176.4817657470703,210.0399932861328,210.32000732421875,208.4600067138672,209.74000549316406,110471500,SPY
2015-11-09,174.83493041992188,208.0800018310547,209.49000549316406,206.9499969482422,209.30999755859375,131008700,SPY
2015-11-10,175.23828125,208.55999755859375,208.60000610351562,207.19000244140625,207.50999450683594,75874600,SPY
2015-11-11,174.5492401123047,207.74000549316406,208.94000244140625,207.66000366210938,208.8800048828125,67846000,SPY
2015-11-12,172.11256408691406,204.83999633789062,207.05999755859375,204.82000732421875,206.5,121315200,SPY
2015-11-13,170.18002319335938,202.5399932861328,204.6699981689453,202.44000244140625,204.35000610351562,153577100,SPY
2015-11-16,172.7679901123047,205.6199951171875,205.69000244140625,202.17999267578125,202.32000732421875,117645200,SPY
2015-11-17,172.64195251464844,205.47000122070312,207.0399932861328,204.8800048828125,205.99000549316406,121123700,SPY
2015-11-18,175.38107299804688,208.72999572753906,208.89999389648438,205.99000549316406,206.0399932861328,121342500,SPY
2015-11-19,175.22984313964844,208.5500030517578,209.0500030517578,208.1999969482422,208.58999633789062,88220500,SPY
2015-11-20,175.868408203125,209.30999755859375,210.1199951171875,208.86000061035156,209.4499969482422,94011500,SPY
2015-11-23,175.6668243408203,209.07000732421875,209.97999572753906,208.52000427246094,209.3800048828125,64931200,SPY
2015-11-24,175.902099609375,209.35000610351562,209.8300018310547,207.41000366210938,207.8699951171875,98874400,SPY
2015-11-25,175.8768768310547,209.32000732421875,209.74000549316406,209.00999450683594,209.5,51980100,SPY
2015-11-27,176.0784912109375,209.55999755859375,209.8000030517578,208.86000061035156,209.42999267578125,37317800,SPY
2015-11-30,175.3474884033203,208.69000244140625,209.88999938964844,208.55999755859375,209.75,112822700,SPY
2015-12-01,177.01951599121094,210.67999267578125,210.82000732421875,209.11000061035156,209.44000244140625,97858400,SPY
2015-12-02,175.21307373046875,208.52999877929688,211.0,208.22999572753906,210.6199951171875,108441300,SPY
2015-12-03,172.75955200195312,205.61000061035156,209.14999389648438,204.75,208.8300018310547,166224200,SPY
2015-12-04,176.12890625,209.6199951171875,209.97000122070312,205.61000061035156,205.61000061035156,192913900,SPY
2015-12-07,175.06178283691406,208.35000610351562,209.72999572753906,207.1999969482422,209.22999572753906,102027100,SPY
2015-12-08,173.88548278808594,206.9499969482422,208.2899932861328,205.77999877929688,206.49000549316406,103372400,SPY
2015-12-09,172.53273010253906,205.33999633789062,208.67999267578125,204.17999267578125,206.19000244140625,162401500,SPY
2015-12-10,172.97805786132812,205.8699951171875,207.42999267578125,205.13999938964844,205.4199981689453,116128900,SPY
2015-12-11,169.62551879882812,201.8800048828125,204.13999938964844,201.50999450683594,203.35000610351562,211173300,SPY
2015-12-14,170.48257446289062,202.89999389648438,203.0500030517578,199.9499969482422,202.07000732421875,182385200,SPY
2015-12-15,172.27223205566406,205.02999877929688,206.11000061035156,202.8699951171875,204.6999969482422,154069600,SPY
2015-12-16,174.79296875,208.02999877929688,208.38999938964844,204.8000030517578,206.3699951171875,197017000,SPY
2015-12-17,172.1294403076172,204.86000061035156,208.47999572753906,204.83999633789062,208.39999389648438,173092500,SPY
2015-12-18,169.06292724609375,200.02000427246094,202.92999267578125,199.8300018310547,202.77000427246094,251393500,SPY
2015-12-21,170.45755004882812,201.6699981689453,201.8800048828125,200.08999633789062,201.41000366210938,99094300,SPY
2015-12-22,172.00430297851562,203.5,203.85000610351562,201.5500030517578,202.72000122070312,111026200,SPY
2015-12-23,174.13427734375,206.02000427246094,206.07000732421875,204.5800018310547,204.69000244140625,110987200,SPY
2015-12-24,173.84690856933594,205.67999267578125,206.3300018310547,205.4199981689453,205.72000122070312,48539600,SPY
2015-12-28,173.44964599609375,205.2100067138672,205.25999450683594,203.94000244140625,204.86000061035156,65899900,SPY
2015-12-29,175.30072021484375,207.39999389648438,207.7899932861328,206.47000122070312,206.50999450683594,92640700,SPY
2015-12-30,174.05819702148438,205.92999267578125,207.2100067138672,205.75999450683594,207.11000061035156,63317700,SPY
2015-12-31,172.3170623779297,203.8699951171875,205.88999938964844,203.8699951171875,205.1300048828125,114877900,SPY
2016-01-04,169.9081268310547,201.02000427246094,201.02999877929688,198.58999633789062,200.49000549316406,222353500,SPY
2016-01-05,170.195556640625,201.36000061035156,201.89999389648438,200.0500030517578,201.39999389648438,110845800,SPY
2016-01-06,168.04867553710938,198.82000732421875,200.05999755859375,197.60000610351562,198.33999633789062,152112600,SPY
2016-01-07,164.01690673828125,194.0500030517578,197.44000244140625,193.58999633789062,195.3300018310547,213436100,SPY
2016-01-08,162.21652221679688,191.9199981689453,195.85000610351562,191.5800018310547,195.19000244140625,209817200,SPY
2016-01-11,162.3771514892578,192.11000061035156,193.41000366210938,189.82000732421875,193.00999450683594,187941300,SPY
2016-01-12,163.68728637695312,193.66000366210938,194.5500030517578,191.13999938964844,193.82000732421875,172330500,SPY
2016-01-13,159.6048126220703,188.8300018310547,194.86000061035156,188.3800048828125,194.4499969482422,221168900,SPY
2016-01-14,162.22499084472656,191.92999267578125,193.25999450683594,187.66000366210938,189.5500030517578,240795600,SPY
2016-01-15,158.74264526367188,187.80999755859375,188.75999450683594,185.52000427246094,186.77000427246094,324846400,SPY
2016-01-19,158.9540252685547,188.05999755859375,190.11000061035156,186.1999969482422,189.9600067138672,195244400,SPY
2016-01-20,156.91696166992188,185.64999389648438,187.5,181.02000427246094,185.02999877929688,286547800,SPY
2016-01-21,157.7959747314453,186.69000244140625,188.8699951171875,184.63999938964844,186.2100067138672,195772900,SPY
2016-01-22,161.0332794189453,190.52000427246094,190.75999450683594,188.8800048828125,189.77999877929688,168319600,SPY
2016-01-25,158.59890747070312,187.63999938964844,190.14999389648438,187.41000366210938,189.9199981689453,130371700,SPY
2016-01-26,160.7627410888672,190.1999969482422,190.52999877929688,188.02000427246094,188.4199981689453,141036800,SPY
2016-01-27,159.01315307617188,188.1300048828125,191.55999755859375,187.05999755859375,189.5800018310547,185681700,SPY
2016-01-28,159.8414764404297,189.11000061035156,190.1999969482422,187.16000366210938,189.9600067138672,143798800,SPY
2016-01-29,163.73802185058594,193.72000122070312,193.8800048828125,189.8800048828125,190.02000427246094,210529300,SPY
2016-02-01,163.6788330078125,193.64999389648438,194.5800018310547,191.83999633789062,192.52999877929688,136061600,SPY
2016-02-02,160.7289581298828,190.16000366210938,191.97000122070312,189.5399932861328,191.9600067138672,182564900,SPY
2016-02-03,161.69252014160156,191.3000030517578,191.77999877929688,187.10000610351562,191.41000366210938,205054900,SPY
2016-02-04,161.9460906982422,191.60000610351562,192.75,189.9600067138672,190.7100067138672,139531800,SPY
2016-02-05,158.8609619140625,187.9499969482422,191.6699981689453,187.1999969482422,190.99000549316406,180788300,SPY
2016-02-08,156.72250366210938,185.4199981689453,186.1199951171875,182.8000030517578,185.77000427246094,191526700,SPY
2016-02-09,156.73097229003906,185.42999267578125,186.94000244140625,183.1999969482422,183.36000061035156,184513100,SPY
2016-02-10,156.59576416015625,185.27000427246094,188.33999633789062,185.1199951171875,186.41000366210938,148214100,SPY
2016-02-11,154.55880737304688,182.86000061035156,184.10000610351562,181.08999633789062,182.33999633789062,219058900,SPY
2016-02-12,157.74530029296875,186.6300048828125,186.64999389648438,183.9600067138672,184.9600067138672,127632400,SPY
2016-02-16,160.4077911376953,189.77999877929688,189.80999755859375,187.6300048828125,188.77000427246094,120250700,SPY
2016-02-17,163.02796936035156,192.8800048828125,193.32000732421875,191.00999450683594,191.16000366210938,136009500,SPY
2016-02-18,162.3602294921875,192.08999633789062,193.27000427246094,191.72000122070312,193.1999969482422,102343000,SPY
2016-02-19,162.2841339111328,192.0,192.17999267578125,190.4499969482422,191.1699981689453,114793000,SPY
2016-02-22,164.63392639160156,194.77999877929688,194.9499969482422,193.7899932861328,193.8699951171875,103640300,SPY
2016-02-23,162.55467224121094,192.32000732421875,194.32000732421875,192.17999267578125,194.0,111455300,SPY
2016-02-24,163.29843139648438,193.1999969482422,193.52999877929688,189.32000732421875,190.6300048828125,150812200,SPY
2016-02-25,165.27630615234375,195.5399932861328,195.5500030517578,192.8300018310547,193.72999572753906,110728300,SPY
2016-02-26,164.8959503173828,195.08999633789062,196.67999267578125,194.89999389648438,196.57000732421875,129833700,SPY
2016-02-29,163.6027069091797,193.55999755859375,196.22999572753906,193.3300018310547,195.11000061035156,125918100,SPY
2016-03-01,167.44851684570312,198.11000061035156,198.2100067138672,194.4499969482422,195.00999450683594,141799700,SPY
2016-03-02,168.20077514648438,199.0,199.05999755859375,197.25,197.74000549316406,102415000,SPY
2016-03-03,168.8600311279297,199.77999877929688,199.8000030517578,198.11000061035156,198.7899932861328,95172200,SPY
2016-03-04,169.40945434570312,200.42999267578125,201.35000610351562,199.02999877929688,200.00999450683594,129293600,SPY
2016-03-07,169.54466247558594,200.58999633789062,201.07000732421875,199.25,199.33999633789062,100219000,SPY
2016-03-08,167.693603515625,198.39999389648438,199.9199981689453,198.2100067138672,199.32000732421875,123974900,SPY
2016-03-09,168.52197265625,199.3800048828125,199.7899932861328,198.42999267578125,199.36000061035156,94801200,SPY
2016-03-10,168.65724182128906,199.5399932861328,201.07000732421875,197.3800048828125,199.9600067138672,156838700,SPY
2016-03-11,171.3788604736328,202.75999450683594,202.80999755859375,199.52000427246094,201.25999450683594,137964500,SPY
2016-03-14,171.15908813476562,202.5,203.0399932861328,201.77000427246094,202.16000366210938,73612000,SPY
2016-03-15,170.88018798828125,202.1699981689453,202.52999877929688,201.0500030517578,201.36000061035156,93169100,SPY
2016-03-16,171.8690948486328,203.33999633789062,203.82000732421875,201.5500030517578,201.60000610351562,129303200,SPY
2016-03-17,172.95945739746094,204.6300048828125,205.22999572753906,202.77000427246094,203.24000549316406,134278500,SPY
2016-03-18,173.6391143798828,204.3800048828125,204.77999877929688,203.8000030517578,204.1699981689453,138372400,SPY
2016-03-21,173.88548278808594,204.6699981689453,204.94000244140625,203.8000030517578,204.07000732421875,72926700,SPY
2016-03-22,173.79200744628906,204.55999755859375,205.22999572753906,203.57000732421875,203.75999450683594,97471900,SPY
2016-03-23,172.6450958251953,203.2100067138672,204.3300018310547,203.00999450683594,204.11000061035156,81052500,SPY
2016-03-24,172.568603515625,203.1199951171875,203.16000366210938,201.74000549316406,202.0,84360900,SPY
2016-03-28,172.67054748535156,203.24000549316406,203.86000061035156,202.7100067138672,203.61000061035156,62408200,SPY
2016-03-29,174.267822265625,205.1199951171875,205.25,202.39999389648438,202.75999450683594,92922900,SPY
2016-03-30,175.03244018554688,206.02000427246094,206.8699951171875,205.58999633789062,206.3000030517578,86365300,SPY
2016-03-31,174.60768127441406,205.52000427246094,206.41000366210938,205.3300018310547,205.91000366210938,94584100,SPY
2016-04-01,175.79701232910156,206.9199981689453,207.13999938964844,203.97999572753906,204.35000610351562,114423500,SPY
2016-04-04,175.2278289794922,206.25,207.07000732421875,205.88999938964844,206.8300018310547,63497000,SPY
2016-04-05,173.47763061523438,204.19000244140625,206.25999450683594,203.88999938964844,204.6699981689453,99662200,SPY
2016-04-06,175.37225341796875,206.4199981689453,206.49000549316406,203.97999572753906,204.19000244140625,91839800,SPY
2016-04-07,173.27381896972656,203.9499969482422,205.55999755859375,203.08999633789062,205.13999938964844,113859000,SPY
2016-04-08,173.7410430908203,204.5,205.85000610351562,203.8699951171875,205.33999633789062,95040600,SPY
2016-04-11,173.33328247070312,204.02000427246094,206.07000732421875,203.91000366210938,205.25,83757500,SPY
2016-04-12,174.9474334716797,205.9199981689453,206.25,203.6999969482422,204.22000122070312,115350600,SPY
2016-04-13,176.71453857421875,208.0,208.10000610351562,206.83999633789062,207.0,96336400,SPY
2016-04-14,176.72308349609375,208.00999450683594,208.60000610351562,207.60000610351562,208.07000732421875,65212900,SPY
2016-04-15,176.52772521972656,207.77999877929688,208.1699981689453,207.39999389648438,208.00999450683594,75761600,SPY
2016-04-18,177.76809692382812,209.24000549316406,209.27999877929688,207.0,207.77999877929688,82531000,SPY
2016-04-19,178.32884216308594,209.89999389648438,210.1999969482422,208.94000244140625,209.74000549316406,88316100,SPY
2016-04-20,178.49876403808594,210.10000610351562,210.9199981689453,209.38999938964844,209.9499969482422,81100300,SPY
2016-04-21,177.5386962890625,208.97000122070312,210.25,208.64999389648438,210.1199951171875,85695000,SPY
2016-04-22,177.5386962890625,208.97000122070312,209.2899932861328,207.91000366210938,208.5500030517578,99251700,SPY
2016-04-25,177.2328643798828,208.61000061035156,208.66000366210938,207.5399932861328,208.25999450683594,66166500,SPY
2016-04-26,177.4962615966797,208.9199981689453,209.52000427246094,208.36000061035156,209.0399932861328,75864200,SPY
2016-04-27,177.86154174804688,209.35000610351562,209.80999755859375,208.0500030517578,208.47000122070312,77329400,SPY
2016-04-28,176.24728393554688,207.4499969482422,209.75999450683594,206.9600067138672,208.4600067138672,97216200,SPY
2016-04-29,175.2957763671875,206.3300018310547,207.1300048828125,205.02999877929688,206.72000122070312,142424100,SPY
2016-05-02,176.68911743164062,207.97000122070312,208.17999267578125,206.41000366210938,206.9199981689453,62188000,SPY
2016-05-03,175.15133666992188,206.16000366210938,206.8000030517578,205.27999877929688,206.52000427246094,106422100,SPY
2016-05-04,174.17433166503906,205.00999450683594,205.85000610351562,204.4199981689453,204.99000549316406,92243800,SPY
2016-05-05,174.1403350830078,204.97000122070312,205.97999572753906,204.47000122070312,205.55999755859375,67619200,SPY
2016-05-06,174.7775421142578,205.72000122070312,205.77000427246094,203.8800048828125,204.05999755859375,89315000,SPY
2016-05-09,174.9219970703125,205.88999938964844,206.39999389648438,205.36000061035156,205.57000732421875,74374900,SPY
2016-05-10,177.09690856933594,208.4499969482422,208.47000122070312,206.63999938964844,206.72000122070312,77472200,SPY
2016-05-11,175.44024658203125,206.5,208.5399932861328,206.5,207.91000366210938,81727000,SPY
2016-05-12,175.4912109375,206.55999755859375,207.49000549316406,205.3699951171875,207.2899932861328,89586300,SPY
2016-05-13,173.9619598388672,204.75999450683594,206.86000061035156,204.3800048828125,206.2100067138672,96474600,SPY
2016-05-16,175.67811584472656,206.77999877929688,207.33999633789062,204.88999938964844,204.9600067138672,77486800,SPY
2016-05-17,174.03842163085938,204.85000610351562,206.8000030517578,204.22999572753906,206.4600067138672,114924900,SPY
2016-05-18,174.08935546875,204.91000366210938,206.3000030517578,203.6300048828125,204.44000244140625,120062100,SPY
2016-05-19,173.48619079589844,204.1999969482422,204.5399932861328,202.77999877929688,204.05999755859375,115430500,SPY
2016-05-20,174.58216857910156,205.49000549316406,206.10000610351562,204.86000061035156,204.9199981689453,104990400,SPY
2016-05-23,174.3442840576172,205.2100067138672,205.83999633789062,204.99000549316406,205.50999450683594,58682600,SPY
2016-05-24,176.60418701171875,207.8699951171875,208.24000549316406,206.13999938964844,206.1699981689453,93537800,SPY
2016-05-25,177.80209350585938,209.27999877929688,209.77000427246094,207.8699951171875,208.6699981689453,76621400,SPY
2016-05-26,177.85308837890625,209.33999633789062,209.7100067138672,208.97000122070312,209.44000244140625,55280700,SPY
2016-05-27,178.61773681640625,210.24000549316406,210.25,209.47000122070312,209.52999877929688,64211200,SPY
2016-05-31,178.27783203125,209.83999633789062,210.69000244140625,209.17999267578125,210.55999755859375,109879400,SPY
2016-06-01,178.64320373535156,210.27000427246094,210.47999572753906,208.88999938964844,209.1199951171875,69936200,SPY
2016-06-02,179.18692016601562,210.91000366210938,210.92999267578125,209.24000549316406,209.8000030517578,63044700,SPY
2016-06-03,178.65170288085938,210.27999877929688,210.69000244140625,208.86000061035156,210.25,101757100,SPY
2016-06-06,179.56068420410156,211.35000610351562,211.77000427246094,210.50999450683594,210.6999969482422,64887000,SPY
2016-06-07,179.84109497070312,211.67999267578125,212.33999633789062,211.5,211.52999877929688,60974800,SPY
2016-06-08,180.4272918701172,212.3699951171875,212.52000427246094,211.69000244140625,211.83999633789062,66170900,SPY
2016-06-09,180.18092346191406,212.0800018310547,212.22000122070312,211.19000244140625,211.50999450683594,73786900,SPY
2016-06-10,178.4732666015625,210.07000732421875,210.86000061035156,209.42999267578125,210.4600067138672,113829200,SPY
2016-06-13,177.09690856933594,208.4499969482422,210.3699951171875,208.35000610351562,209.36000061035156,117751200,SPY
2016-06-14,176.74851989746094,208.0399932861328,208.74000549316406,206.9199981689453,208.0,125059300,SPY
2016-06-15,176.50222778320312,207.75,209.36000061035156,207.52999877929688,208.0399932861328,109124500,SPY
2016-06-16,177.0289764404297,208.3699951171875,208.57000732421875,205.58999633789062,207.75,149533100,SPY
2016-06-17,176.36972045898438,206.52000427246094,207.1999969482422,205.75,207.1699981689453,117055700,SPY
2016-06-20,177.50552368164062,207.85000610351562,209.61000061035156,207.75,208.82000732421875,82789600,SPY
2016-06-21,178.00938415527344,208.44000244140625,208.9199981689453,207.77999877929688,208.3000030517578,72461700,SPY
2016-06-22,177.71896362304688,208.10000610351562,209.5,207.92999267578125,208.64999389648438,95560500,SPY
2016-06-23,180.0333709716797,210.80999755859375,210.8699951171875,209.27000427246094,209.80999755859375,102731400,SPY
2016-06-24,173.5684814453125,203.24000549316406,210.85000610351562,202.72000122070312,203.6300048828125,333444400,SPY
2016-06-27,170.46002197265625,199.60000610351562,201.60000610351562,198.64999389648438,201.58999633789062,230775800,SPY
2016-06-28,173.5343475341797,203.1999969482422,203.22999572753906,201.1199951171875,201.47999572753906,159382400,SPY
2016-06-29,176.48919677734375,206.66000366210938,206.92999267578125,204.72000122070312,204.83999633789062,137328600,SPY
2016-06-30,178.8975372314453,209.47999572753906,209.5399932861328,206.55999755859375,207.2100067138672,165021900,SPY
2016-07-01,179.27333068847656,209.9199981689453,210.49000549316406,209.2899932861328,209.47999572753906,106055300,SPY
2016-07-05,177.98379516601562,208.41000366210938,209.0800018310547,207.7100067138672,208.9499969482422,109803700,SPY
2016-07-06,179.0512237548828,209.66000366210938,209.8000030517578,207.05999755859375,207.8300018310547,96021500,SPY
2016-07-07,178.94020080566406,209.52999877929688,210.64999389648438,208.6300048828125,209.8699951171875,85593800,SPY
2016-07-08,181.60475158691406,212.64999389648438,212.94000244140625,210.77999877929688,211.0500030517578,133971000,SPY
2016-07-11,182.24522399902344,213.39999389648438,214.07000732421875,212.9499969482422,213.19000244140625,73633900,SPY
2016-07-12,183.56898498535156,214.9499969482422,215.3000030517578,213.42999267578125,214.52999877929688,101275600,SPY
2016-07-13,183.54331970214844,214.9199981689453,215.4499969482422,214.35000610351562,215.44000244140625,87324100,SPY
2016-07-14,184.56814575195312,216.1199951171875,216.6699981689453,215.66000366210938,216.39999389648438,91230900,SPY
2016-07-15,184.32049560546875,215.8300018310547,217.00999450683594,215.30999755859375,216.77999877929688,107155400,SPY
2016-07-18,184.8158416748047,216.41000366210938,216.60000610351562,215.6699981689453,215.97000122070312,58725900,SPY
2016-07-19,184.62791442871094,216.19000244140625,216.22999572753906,215.6300048828125,215.9199981689453,54345700,SPY
2016-07-20,185.3965301513672,217.08999633789062,217.3699951171875,216.19000244140625,216.19000244140625,58159500,SPY
2016-07-21,184.69627380371094,216.27000427246094,217.22000122070312,215.75,216.9600067138672,67777300,SPY
2016-07-22,185.5246124267578,217.24000549316406,217.3000030517578,216.10000610351562,216.41000366210938,62787500,SPY
2016-07-25,185.020751953125,216.64999389648438,217.05999755859375,215.97000122070312,217.0,55873100,SPY
2016-07-26,185.10614013671875,216.75,217.1699981689453,215.75999450683594,216.52999877929688,70080500,SPY
2016-07-27,184.9097137451172,216.52000427246094,217.27000427246094,215.6199951171875,217.19000244140625,84083900,SPY
2016-07-28,185.12327575683594,216.77000427246094,217.11000061035156,215.75,216.2899932861328,65035700,SPY
2016-07-29,185.422119140625,217.1199951171875,217.5399932861328,216.1300048828125,216.4600067138672,79519400,SPY
2016-08-01,185.26840209960938,216.94000244140625,217.64999389648438,216.41000366210938,217.19000244140625,73311400,SPY
2016-08-02,184.08132934570312,215.5500030517578,216.8300018310547,214.57000732421875,216.64999389648438,92295500,SPY
2016-08-03,184.61940002441406,216.17999267578125,216.25,215.1300048828125,215.47999572753906,53993600,SPY
2016-08-04,184.8158416748047,216.41000366210938,216.77999877929688,214.25,216.30999755859375,46585500,SPY
2016-08-05,186.32737731933594,218.17999267578125,218.22999572753906,216.41000366210938,216.41000366210938,71892200,SPY
2016-08-08,186.2163848876953,218.0500030517578,218.52000427246094,217.74000549316406,218.39999389648438,39906500,SPY
2016-08-09,186.32737731933594,218.17999267578125,218.75999450683594,217.8000030517578,218.1300048828125,51251700,SPY
2016-08-10,185.8662109375,217.63999938964844,218.39999389648438,217.22999572753906,218.30999755859375,57941100,SPY
2016-08-11,186.72882080078125,218.64999389648438,218.94000244140625,217.9499969482422,218.25999450683594,72504300,SPY
2016-08-12,186.5665283203125,218.4600067138672,218.7100067138672,217.99000549316406,218.2899932861328,61313500,SPY
2016-08-15,187.10450744628906,219.08999633789062,219.5,218.8800048828125,218.88999938964844,49813500,SPY
2016-08-16,186.1394805908203,217.9600067138672,218.67999267578125,217.9600067138672,218.60000610351562,53213600,SPY
2016-08-17,186.48968505859375,218.3699951171875,218.52999877929688,217.02000427246094,218.0,75134300,SPY
2016-08-18,186.9081573486328,218.86000061035156,218.89999389648438,218.2100067138672,218.33999633789062,52989300,SPY
2016-08-19,186.6348114013672,218.5399932861328,218.75,217.74000549316406,218.30999755859375,75443000,SPY
2016-08-22,186.6262664794922,218.52999877929688,218.8000030517578,217.8300018310547,218.25999450683594,61368800,SPY
2016-08-23,187.0020294189453,218.97000122070312,219.60000610351562,218.89999389648438,219.25,53399200,SPY
2016-08-24,186.04556274414062,217.85000610351562,218.91000366210938,217.36000061035156,218.8000030517578,71728900,SPY
2016-08-25,185.9174346923828,217.6999969482422,218.19000244140625,217.22000122070312,217.39999389648438,69224800,SPY
2016-08-26,185.5673370361328,217.2899932861328,219.1199951171875,216.25,217.9199981689453,122506300,SPY
2016-08-29,186.48117065429688,218.36000061035156,218.6699981689453,217.39999389648438,217.44000244140625,70502200,SPY
2016-08-30,186.1737060546875,218.0,218.58999633789062,217.35000610351562,218.25999450683594,58114500,SPY
2016-08-31,185.64418029785156,217.3800048828125,217.75,216.47000122070312,217.61000061035156,85269500,SPY
2016-09-01,185.65269470214844,217.38999938964844,217.72999572753906,216.02999877929688,217.3699951171875,97844200,SPY
2016-09-02,186.48968505859375,218.3699951171875,218.8699951171875,217.6999969482422,218.38999938964844,79293900,SPY
2016-09-06,187.05331420898438,219.02999877929688,219.1199951171875,217.86000061035156,218.6999969482422,56702100,SPY
2016-09-07,187.0362091064453,219.00999450683594,219.22000122070312,218.3000030517578,218.83999633789062,76554900,SPY
2016-09-08,186.60922241210938,218.50999450683594,218.94000244140625,218.14999389648438,218.6199951171875,74102900,SPY
2016-09-09,182.1427764892578,213.27999877929688,217.02999877929688,213.25,216.97000122070312,221589100,SPY
2016-09-12,184.75604248046875,216.33999633789062,216.80999755859375,212.30999755859375,212.38999938964844,168110900,SPY
2016-09-13,182.10003662109375,213.22999572753906,215.14999389648438,212.5,214.83999633789062,182828800,SPY
2016-09-14,182.03172302246094,213.14999389648438,214.6999969482422,212.5,213.2899932861328,134185500,SPY
2016-09-15,183.85079956054688,215.27999877929688,215.72999572753906,212.75,212.9600067138672,134427900,SPY
2016-09-16,183.14010620117188,213.3699951171875,213.69000244140625,212.57000732421875,213.47999572753906,155236400,SPY
2016-09-19,183.17440795898438,213.41000366210938,214.8800048828125,213.02999877929688,214.1300048828125,80250500,SPY
2016-09-20,183.18296813964844,213.4199981689453,214.58999633789062,213.3800048828125,214.41000366210938,69665300,SPY
2016-09-21,185.24295043945312,215.82000732421875,216.02999877929688,213.44000244140625,214.24000549316406,110284400,SPY
2016-09-22,186.41030883789062,217.17999267578125,217.52999877929688,216.7100067138672,217.0,76678700,SPY
2016-09-23,185.38885498046875,215.99000549316406,216.8800048828125,215.8800048828125,216.72000122070312,73630900,SPY
2016-09-26,183.88681030273438,214.24000549316406,215.22999572753906,214.00999450683594,215.02000427246094,89827300,SPY
2016-09-27,185.0283966064453,215.57000732421875,215.67999267578125,213.6199951171875,214.0500030517578,78494800,SPY
2016-09-28,185.9468231201172,216.63999938964844,216.82000732421875,214.7100067138672,215.8300018310547,87411000,SPY
2016-09-29,184.26446533203125,214.67999267578125,216.8699951171875,214.0399932861328,216.39999389648438,128070600,SPY
2016-09-30,185.65496826171875,216.3000030517578,217.1199951171875,215.36000061035156,215.64999389648438,117202900,SPY
2016-10-03,185.20864868164062,215.77999877929688,216.0399932861328,215.0399932861328,215.82000732421875,83512100,SPY
2016-10-04,184.26446533203125,214.67999267578125,216.1699981689453,213.99000549316406,215.91000366210938,119948100,SPY
2016-10-05,185.0799102783203,215.6300048828125,216.1300048828125,215.3300018310547,215.41000366210938,72816000,SPY
2016-10-06,185.20864868164062,215.77999877929688,216.0399932861328,214.74000549316406,215.3699951171875,62927400,SPY
2016-10-07,184.573486328125,215.0399932861328,216.3000030517578,214.19000244140625,216.10000610351562,89788300,SPY
2016-10-10,185.5347900390625,216.16000366210938,216.6999969482422,215.99000549316406,216.16000366210938,51855000,SPY
2016-10-11,183.19155883789062,213.42999267578125,215.74000549316406,212.5800018310547,215.66000366210938,130367400,SPY
2016-10-12,183.43190002441406,213.7100067138672,214.32000732421875,213.00999450683594,213.58999633789062,73866100,SPY
2016-10-13,182.83108520507812,213.00999450683594,213.58999633789062,211.2100067138672,212.16000366210938,101357000,SPY
2016-10-14,182.92547607421875,213.1199951171875,214.69000244140625,213.02999877929688,214.14999389648438,93346200,SPY
2016-10-17,182.2903594970703,212.3800048828125,213.38999938964844,212.1699981689453,213.08999633789062,58275700,SPY
2016-10-18,183.43190002441406,213.7100067138672,214.30999755859375,213.27000427246094,214.24000549316406,76869700,SPY
2016-10-19,183.9211883544922,214.27999877929688,214.63999938964844,213.60000610351562,214.02000427246094,66519200,SPY
2016-10-20,183.57781982421875,213.8800048828125,214.52999877929688,213.11000061035156,213.8699951171875,73639800,SPY
2016-10-21,183.66368103027344,213.97999572753906,214.0800018310547,212.75999450683594,213.8800048828125,89089100,SPY
2016-10-24,184.4447021484375,214.88999938964844,215.32000732421875,214.47999572753906,215.0,60146600,SPY
2016-10-25,183.82676696777344,214.1699981689453,214.97999572753906,213.97999572753906,214.67999267578125,66542300,SPY
2016-10-26,183.4576873779297,213.74000549316406,214.4199981689453,212.92999267578125,213.2100067138672,75705500,SPY
2016-10-27,182.96841430664062,213.1699981689453,214.6199951171875,213.0800018310547,214.5800018310547,77220200,SPY
2016-10-28,182.42764282226562,212.5399932861328,213.92999267578125,211.7100067138672,213.13999938964844,140623200,SPY
2016-10-31,182.43626403808594,212.5500030517578,213.19000244140625,212.36000061035156,212.92999267578125,61272500,SPY
2016-11-01,181.11441040039062,211.00999450683594,212.99000549316406,209.60000610351562,212.92999267578125,122781800,SPY
2016-11-02,180.0243682861328,209.74000549316406,211.10000610351562,209.22999572753906,210.64999389648438,103330800,SPY
2016-11-03,179.2003631591797,208.77999877929688,210.24000549316406,208.4600067138672,209.99000549316406,88939300,SPY
2016-11-04,179.0030059814453,208.5500030517578,209.88999938964844,208.3800048828125,208.91000366210938,109122100,SPY
2016-11-07,182.95123291015625,213.14999389648438,213.19000244140625,208.5500030517578,208.5500030517578,109794900,SPY
2016-11-08,183.7752227783203,214.11000061035156,214.77000427246094,212.3800048828125,212.69000244140625,106772100,SPY
2016-11-09,185.72361755371094,216.3800048828125,217.10000610351562,212.33999633789062,212.3699951171875,258429000,SPY
2016-11-10,186.18711853027344,216.9199981689453,218.30999755859375,215.22000122070312,217.3000030517578,172113300,SPY
2016-11-11,185.75796508789062,216.4199981689453,216.6999969482422,215.32000732421875,216.0800018310547,100552700,SPY
2016-11-14,185.90380859375,216.58999633789062,217.27000427246094,215.72000122070312,217.02999877929688,94580000,SPY
2016-11-15,187.35447692871094,218.27999877929688,218.27999877929688,216.8000030517578,217.0399932861328,91652600,SPY
2016-11-16,187.0025177001953,217.8699951171875,218.13999938964844,217.4199981689453,217.55999755859375,65617700,SPY
2016-11-17,187.96389770507812,218.99000549316406,219.05999755859375,217.9199981689453,218.0500030517578,69797200,SPY
2016-11-18,187.5432586669922,218.5,219.27000427246094,218.2899932861328,219.07000732421875,86265800,SPY
2016-11-21,188.9595489501953,220.14999389648438,220.17999267578125,219.0,219.1699981689453,72402600,SPY
2016-11-22,189.32859802246094,220.5800018310547,220.7899932861328,219.72999572753906,220.50999450683594,67429000,SPY
2016-11-23,189.43154907226562,220.6999969482422,220.75999450683594,219.75,219.97999572753906,56620200,SPY
2016-11-25,190.1354217529297,221.52000427246094,221.55999755859375,221.00999450683594,221.10000610351562,37872300,SPY
2016-11-28,189.24273681640625,220.47999572753906,221.47999572753906,220.36000061035156,221.16000366210938,76572500,SPY
2016-11-29,189.61187744140625,220.91000366210938,221.44000244140625,220.1699981689453,220.52000427246094,69886700,SPY
2016-11-30,189.1569061279297,220.3800048828125,221.82000732421875,220.30999755859375,221.6300048828125,113291800,SPY
2016-12-01,188.46168518066406,219.57000732421875,220.72999572753906,219.14999389648438,220.72999572753906,79040500,SPY
2016-12-02,188.55612182617188,219.67999267578125,220.25,219.25999450683594,219.6699981689453,74840300,SPY
2016-12-05,189.68910217285156,221.0,221.39999389648438,220.4199981689453,220.64999389648438,67837800,SPY
2016-12-06,190.2898712158203,221.6999969482422,221.74000549316406,220.66000366210938,221.22000122070312,59877400,SPY
2016-12-07,192.77902221679688,224.60000610351562,224.6699981689453,221.3800048828125,221.52000427246094,110738100,SPY
2016-12-08,193.25108337402344,225.14999389648438,225.6999969482422,224.25999450683594,224.57000732421875,99714400,SPY
2016-12-09,194.41845703125,226.50999450683594,226.52999877929688,225.3699951171875,225.41000366210938,88005800,SPY
2016-12-12,194.19529724121094,226.25,226.9600067138672,225.75999450683594,226.39999389648438,102016100,SPY
2016-12-13,195.49131774902344,227.75999450683594,228.33999633789062,227.0,227.02000427246094,110477500,SPY
2016-12-14,193.87765502929688,225.8800048828125,228.22999572753906,225.3699951171875,227.41000366210938,142501800,SPY
2016-12-15,194.67593383789062,226.80999755859375,227.80999755859375,225.88999938964844,226.16000366210938,124972600,SPY
2016-12-16,194.29513549804688,225.0399932861328,226.0800018310547,224.6699981689453,226.00999450683594,156420200,SPY
2016-12-19,194.7181854248047,225.52999877929688,226.02000427246094,225.0800018310547,225.25,90341100,SPY
2016-12-20,195.46937561035156,226.39999389648438,226.57000732421875,225.8800048828125,226.14999389648438,89838800,SPY
2016-12-21,194.92543029785156,225.77000427246094,226.4499969482422,225.77000427246094,226.25,67909000,SPY
2016-12-22,194.58876037597656,225.3800048828125,225.74000549316406,224.9199981689453,225.60000610351562,56219100,SPY
2016-12-23,194.87362670898438,225.7100067138672,225.72000122070312,225.2100067138672,225.42999267578125,36697800,SPY
2016-12-27,195.35711669921875,226.27000427246094,226.72999572753906,226.0,226.02000427246094,42672500,SPY
2016-12-28,193.7425994873047,224.39999389648438,226.58999633789062,224.27000427246094,226.57000732421875,64095000,SPY
2016-12-29,193.699462890625,224.35000610351562,224.88999938964844,223.83999633789062,224.47999572753906,48696100,SPY
2016-12-30,192.9915008544922,223.52999877929688,224.8300018310547,222.72999572753906,224.72999572753906,108998300,SPY
2017-01-03,194.46788024902344,225.24000549316406,225.8300018310547,223.8800048828125,225.0399932861328,91366500,SPY
2017-01-04,195.62481689453125,226.5800018310547,226.75,225.61000061035156,225.6199951171875,78744400,SPY
2017-01-05,195.46937561035156,226.39999389648438,226.5800018310547,225.47999572753906,226.27000427246094,78379000,SPY
2017-01-06,196.168701171875,227.2100067138672,227.75,225.89999389648438,226.52999877929688,71559900,SPY
2017-01-09,195.5211639404297,226.4600067138672,227.07000732421875,226.4199981689453,226.91000366210938,46939700,SPY
2017-01-10,195.5211639404297,226.4600067138672,227.4499969482422,226.00999450683594,226.47999572753906,63771900,SPY
2017-01-11,196.07369995117188,227.10000610351562,227.10000610351562,225.58999633789062,226.36000061035156,74650000,SPY
2017-01-12,195.5815887451172,226.52999877929688,226.75,224.9600067138672,226.5,72113200,SPY
2017-01-13,196.03057861328125,227.0500030517578,227.39999389648438,226.69000244140625,226.72999572753906,62717900,SPY
2017-01-17,195.33990478515625,226.25,226.77999877929688,225.8000030517578,226.30999755859375,61240800,SPY
2017-01-18,195.77157592773438,226.75,226.8000030517578,225.89999389648438,226.5399932861328,54793300,SPY
2017-01-19,195.04632568359375,225.91000366210938,227.0,225.41000366210938,226.83999633789062,66608800,SPY
2017-01-20,195.76292419433594,226.74000549316406,227.30999755859375,225.97000122070312,226.6999969482422,129168600,SPY
2017-01-23,195.25355529785156,226.14999389648438,226.80999755859375,225.27000427246094,226.74000549316406,75061600,SPY
2017-01-24,196.50543212890625,227.60000610351562,228.0800018310547,226.27000427246094,226.39999389648438,95555300,SPY
2017-01-25,198.206298828125,229.57000732421875,229.57000732421875,228.50999450683594,228.6999969482422,84437700,SPY
2017-01-26,197.99905395507812,229.3300018310547,229.7100067138672,229.00999450683594,229.39999389648438,59970700,SPY
2017-01-27,197.68826293945312,228.97000122070312,229.58999633789062,228.75999450683594,229.4199981689453,59711100,SPY
2017-01-30,196.4622344970703,227.5500030517578,228.1999969482422,226.41000366210938,228.1699981689453,79737300,SPY
2017-01-31,196.44497680664062,227.52999877929688,227.60000610351562,226.32000732421875,226.97999572753906,75880800,SPY
2017-02-01,196.52272033691406,227.6199951171875,228.58999633789062,226.94000244140625,227.52999877929688,79117700,SPY
2017-02-02,196.65225219726562,227.77000427246094,228.10000610351562,226.82000732421875,227.6199951171875,69657600,SPY
2017-02-03,198.0077362060547,229.33999633789062,229.5500030517578,228.4600067138672,228.82000732421875,80563200,SPY
2017-02-06,197.65371704101562,228.92999267578125,229.3300018310547,228.5399932861328,228.8699951171875,57790100,SPY
2017-02-07,197.6623992919922,228.94000244140625,229.66000366210938,228.72000122070312,229.3800048828125,57931200,SPY
2017-02-08,197.92138671875,229.24000549316406,229.38999938964844,228.30999755859375,228.94000244140625,51566200,SPY
2017-02-09,199.0955810546875,230.60000610351562,230.9499969482422,229.24000549316406,229.24000549316406,65955200,SPY
2017-02-10,199.88131713867188,231.50999450683594,231.77000427246094,230.6199951171875,231.0,66015900,SPY
2017-02-13,200.96910095214844,232.77000427246094,233.07000732421875,232.0500030517578,232.0800018310547,55182100,SPY
2017-02-14,201.77203369140625,233.6999969482422,233.7100067138672,232.16000366210938,232.55999755859375,71109000,SPY
2017-02-15,202.8253936767578,234.9199981689453,235.13999938964844,233.38999938964844,233.4499969482422,86785800,SPY
2017-02-16,202.65269470214844,234.72000122070312,235.16000366210938,233.85000610351562,234.9499969482422,84722400,SPY
2017-02-17,202.97215270996094,235.08999633789062,235.08999633789062,233.92999267578125,233.9499969482422,77204100,SPY
2017-02-21,204.18087768554688,236.49000549316406,236.69000244140625,235.50999450683594,235.52000427246094,88946100,SPY
2017-02-22,203.9995880126953,236.27999877929688,236.5399932861328,235.8300018310547,236.02000427246094,62115200,SPY
2017-02-23,204.13771057128906,236.44000244140625,236.89999389648438,235.55999755859375,236.8800048828125,74615900,SPY
2017-02-24,204.39674377441406,236.74000549316406,236.7899932861328,235.41000366210938,235.4600067138672,82381600,SPY
2017-02-27,204.7162322998047,237.11000061035156,237.30999755859375,236.35000610351562,236.63999938964844,56515400,SPY
2017-02-28,204.16363525390625,236.47000122070312,236.9499969482422,236.02000427246094,236.6699981689453,96961900,SPY
2017-03-01,207.02142333984375,239.77999877929688,240.32000732421875,238.3699951171875,238.38999938964844,149158200,SPY
2017-03-02,205.71768188476562,238.27000427246094,239.57000732421875,238.2100067138672,239.55999755859375,70246000,SPY
2017-03-03,205.84719848632812,238.4199981689453,238.61000061035156,237.72999572753906,238.1699981689453,81974300,SPY
2017-03-06,205.2341766357422,237.7100067138672,238.1199951171875,237.00999450683594,237.5,55391500,SPY
2017-03-07,204.6211700439453,237.0,237.77000427246094,236.75999450683594,237.36000061035156,65103700,SPY
2017-03-08,204.24131774902344,236.55999755859375,237.63999938964844,236.39999389648438,237.33999633789062,78168800,SPY
2017-03-09,204.50038146972656,236.86000061035156,237.24000549316406,235.74000549316406,236.6999969482422,90683900,SPY
2017-03-10,205.21693420410156,237.69000244140625,238.02000427246094,236.58999633789062,237.97000122070312,81991700,SPY
2017-03-13,205.32052612304688,237.80999755859375,237.86000061035156,237.24000549316406,237.6199951171875,57256800,SPY
2017-03-14,204.53488159179688,236.89999389648438,237.24000549316406,236.19000244140625,237.17999267578125,59880800,SPY
2017-03-15,206.30479431152344,238.9499969482422,239.44000244140625,237.2899932861328,237.55999755859375,96081800,SPY
2017-03-16,205.8990478515625,238.47999572753906,239.1999969482422,238.10000610351562,239.11000061035156,78344000,SPY
2017-03-17,205.53741455078125,237.02999877929688,237.97000122070312,237.02999877929688,237.75,89002100,SPY
2017-03-20,205.31195068359375,236.77000427246094,237.36000061035156,236.32000732421875,237.02999877929688,52537000,SPY
2017-03-21,202.6758575439453,233.72999572753906,237.61000061035156,233.5800018310547,237.47000122070312,131809300,SPY
2017-03-22,203.15281677246094,234.27999877929688,234.61000061035156,233.0500030517578,233.77000427246094,97569200,SPY
2017-03-23,202.93597412109375,234.02999877929688,235.33999633789062,233.60000610351562,234.27999877929688,100410300,SPY
2017-03-24,202.78858947753906,233.86000061035156,235.0399932861328,232.9600067138672,234.3800048828125,112504900,SPY
2017-03-27,202.58045959472656,233.6199951171875,233.9199981689453,231.61000061035156,231.92999267578125,87454500,SPY
2017-03-28,204.05462646484375,235.32000732421875,235.80999755859375,233.13999938964844,233.27000427246094,93483900,SPY
2017-03-29,204.24537658691406,235.5399932861328,235.80999755859375,234.72999572753906,234.99000549316406,61950400,SPY
2017-03-30,204.895751953125,236.2899932861328,236.52000427246094,235.27000427246094,235.47000122070312,56737900,SPY
2017-03-31,204.41883850097656,235.74000549316406,236.50999450683594,235.67999267578125,235.89999389648438,73733100,SPY
2017-04-03,204.06326293945312,235.3300018310547,236.02999877929688,233.91000366210938,235.8000030517578,85546500,SPY
2017-04-04,204.19337463378906,235.47999572753906,235.5800018310547,234.55999755859375,235.0,56466200,SPY
2017-04-05,203.58631896972656,234.77999877929688,237.38999938964844,234.5399932861328,236.25999450683594,108800600,SPY
2017-04-06,204.1586456298828,235.44000244140625,236.0399932861328,234.42999267578125,234.94000244140625,69135800,SPY
2017-04-07,203.95054626464844,235.1999969482422,236.0,234.63999938964844,235.14999389648438,74412300,SPY
2017-04-10,204.0719757080078,235.33999633789062,236.25999450683594,234.72999572753906,235.36000061035156,67615300,SPY
2017-04-11,203.82916259765625,235.05999755859375,235.17999267578125,233.33999633789062,234.89999389648438,88045300,SPY
2017-04-12,202.93597412109375,234.02999877929688,234.9600067138672,233.77000427246094,234.74000549316406,81864400,SPY
2017-04-13,201.61795043945312,232.50999450683594,234.49000549316406,232.50999450683594,233.63999938964844,92880400,SPY
2017-04-17,203.40426635742188,234.57000732421875,234.57000732421875,232.8800048828125,233.11000061035156,68405400,SPY
2017-04-18,202.79727172851562,233.8699951171875,234.49000549316406,233.0800018310547,233.72000122070312,83225800,SPY
2017-04-19,202.42442321777344,233.44000244140625,234.9499969482422,233.17999267578125,234.52000427246094,68699900,SPY
2017-04-20,204.0719757080078,235.33999633789062,235.85000610351562,233.77999877929688,234.14999389648438,92572200,SPY
2017-04-21,203.4215850830078,234.58999633789062,235.30999755859375,234.1300048828125,235.25,110389800,SPY
2017-04-24,205.65879821777344,237.1699981689453,237.41000366210938,234.55999755859375,237.17999267578125,119209900,SPY
2017-04-25,206.85549926757812,238.5500030517578,238.9499969482422,237.80999755859375,237.91000366210938,76698300,SPY
2017-04-26,206.7253875732422,238.39999389648438,239.52999877929688,238.35000610351562,238.50999450683594,84702500,SPY
2017-04-27,206.89881896972656,238.60000610351562,238.9499969482422,237.97999572753906,238.77000427246094,57410300,SPY
2017-04-28,206.4479217529297,238.0800018310547,238.92999267578125,237.92999267578125,238.89999389648438,63532800,SPY
2017-05-01,206.96817016601562,238.67999267578125,239.1699981689453,238.1999969482422,238.67999267578125,66882500,SPY
2017-05-02,207.04623413085938,238.77000427246094,238.97999572753906,238.3000030517578,238.83999633789062,57375700,SPY
2017-05-03,206.7947998046875,238.47999572753906,238.8800048828125,237.6999969482422,238.77000427246094,73137700,SPY
2017-05-04,207.0375518798828,238.75999450683594,238.9199981689453,237.77999877929688,238.8300018310547,61462700,SPY
2017-05-05,207.8526611328125,239.6999969482422,239.72000122070312,238.67999267578125,239.19000244140625,62001300,SPY
2017-05-08,207.81800842285156,239.66000366210938,239.9199981689453,239.1699981689453,239.75,48385700,SPY
2017-05-09,207.62722778320312,239.44000244140625,240.19000244140625,239.0399932861328,239.9600067138672,51363200,SPY
2017-05-10,208.0001220703125,239.8699951171875,239.8699951171875,239.14999389648438,239.38999938964844,54293800,SPY
2017-05-11,207.57521057128906,239.3800048828125,239.57000732421875,238.1300048828125,239.35000610351562,62358300,SPY
2017-05-12,207.2283172607422,238.97999572753906,239.42999267578125,238.6699981689453,239.08999633789062,53912700,SPY
2017-05-15,208.3729248046875,240.3000030517578,240.44000244140625,239.4499969482422,239.47000122070312,61918900,SPY
2017-05-16,208.1822052001953,240.0800018310547,240.6699981689453,239.6300048828125,240.63999938964844,51241800,SPY
2017-05-17,204.48818969726562,235.82000732421875,240.0800018310547,235.75,240.0800018310547,172174100,SPY
2017-05-18,205.31195068359375,236.77000427246094,237.75,235.42999267578125,235.72999572753906,107047700,SPY
2017-05-19,206.6473388671875,238.30999755859375,239.0800018310547,237.27000427246094,237.3300018310547,115011400,SPY
2017-05-22,207.69659423828125,239.52000427246094,239.7100067138672,238.82000732421875,238.89999389648438,61010600,SPY
2017-05-23,208.15615844726562,240.0500030517578,240.24000549316406,239.50999450683594,239.9499969482422,48341700,SPY
2017-05-24,208.6417694091797,240.61000061035156,240.72999572753906,239.92999267578125,240.32000732421875,46927700,SPY
2017-05-25,209.6389617919922,241.75999450683594,242.0800018310547,240.9600067138672,241.1999969482422,64071700,SPY
2017-05-26,209.59559631347656,241.7100067138672,241.89999389648438,241.4499969482422,241.5399932861328,46629900,SPY
2017-05-30,209.41355895996094,241.5,241.7899932861328,241.16000366210938,241.33999633789062,35201900,SPY
2017-05-31,209.36148071289062,241.44000244140625,241.8800048828125,240.63999938964844,241.83999633789062,91796000,SPY
2017-06-01,211.02633666992188,243.36000061035156,243.3800048828125,241.63999938964844,241.97000122070312,68962000,SPY
2017-06-02,211.72879028320312,244.1699981689453,244.35000610351562,243.0800018310547,243.4199981689453,88666100,SPY
2017-06-05,211.5726776123047,243.99000549316406,244.3000030517578,243.75999450683594,243.97000122070312,44698800,SPY
2017-06-06,210.89627075195312,243.2100067138672,243.97999572753906,243.1199951171875,243.33999633789062,50375400,SPY
2017-06-07,211.28656005859375,243.66000366210938,243.9199981689453,242.8300018310547,243.60000610351562,54144300,SPY
2017-06-08,211.3905792236328,243.77999877929688,244.3300018310547,243.1699981689453,243.77000427246094,65950700,SPY
2017-06-09,211.0697021484375,243.41000366210938,245.00999450683594,241.9499969482422,244.08999633789062,132256400,SPY
2017-06-12,211.02633666992188,243.36000061035156,243.4199981689453,242.3800048828125,243.1300048828125,86108100,SPY
2017-06-13,212.0583038330078,244.5500030517578,244.61000061035156,243.5800018310547,243.97999572753906,60067000,SPY
2017-06-14,211.78948974609375,244.24000549316406,244.8699951171875,243.2899932861328,244.86000061035156,78602300,SPY
2017-06-15,211.3819122314453,243.77000427246094,243.91000366210938,242.36000061035156,242.67999267578125,66464900,SPY
2017-06-16,211.42808532714844,242.63999938964844,242.8300018310547,241.6300048828125,242.77000427246094,84553100,SPY
2017-06-19,213.18824768066406,244.66000366210938,244.72999572753906,243.47999572753906,243.58999633789062,65123800,SPY
2017-06-20,211.75048828125,243.00999450683594,244.25999450683594,242.99000549316406,244.25,56906400,SPY
2017-06-21,211.69821166992188,242.9499969482422,243.58999633789062,242.41000366210938,243.4600067138672,55977600,SPY
2017-06-22,211.60240173339844,242.83999633789062,243.52999877929688,242.63999938964844,242.9600067138672,44148100,SPY
2017-06-23,211.85508728027344,243.1300048828125,243.50999450683594,242.47000122070312,242.91000366210938,66986800,SPY
2017-06-26,211.99447631835938,243.2899932861328,244.3800048828125,243.0500030517578,243.89999389648438,56700500,SPY
2017-06-27,210.2865753173828,241.3300018310547,243.3800048828125,241.30999755859375,243.0399932861328,82247700,SPY
2017-06-28,212.16879272460938,243.49000549316406,243.72000122070312,242.22999572753906,242.5,70042600,SPY
2017-06-29,210.3040313720703,241.35000610351562,243.72000122070312,239.9600067138672,243.66000366210938,106949700,SPY
2017-06-30,210.69613647460938,241.8000030517578,242.7100067138672,241.5800018310547,242.27999877929688,86820700,SPY
2017-07-03,211.05340576171875,242.2100067138672,243.3800048828125,242.2100067138672,242.8800048828125,39153800,SPY
2017-07-05,211.5413360595703,242.77000427246094,243.00999450683594,241.6999969482422,242.6300048828125,54427600,SPY
2017-07-06,209.60694885253906,240.5500030517578,242.02999877929688,240.33999633789062,241.88999938964844,65400800,SPY
2017-07-07,210.96629333496094,242.11000061035156,242.27999877929688,240.55999755859375,241.2100067138672,57972300,SPY
2017-07-10,211.1927947998047,242.3699951171875,242.8000030517578,241.75999450683594,242.11000061035156,36663300,SPY
2017-07-11,211.0359649658203,242.19000244140625,242.5500030517578,240.85000610351562,242.3699951171875,50354600,SPY
2017-07-12,212.621826171875,244.00999450683594,244.1999969482422,243.3000030517578,243.3000030517578,59610400,SPY
2017-07-13,212.9791259765625,244.4199981689453,244.5500030517578,243.75999450683594,244.02000427246094,39471600,SPY
2017-07-14,213.97247314453125,245.55999755859375,245.97000122070312,244.30999755859375,244.4199981689453,60262700,SPY
2017-07-17,213.9463653564453,245.52999877929688,245.91000366210938,245.3300018310547,245.47000122070312,33531900,SPY
2017-07-18,214.05960083007812,245.66000366210938,245.72000122070312,244.6699981689453,245.05999755859375,42742500,SPY
2017-07-19,215.21853637695312,246.99000549316406,247.0,246.00999450683594,246.02000427246094,51034300,SPY
2017-07-20,215.31439208984375,247.10000610351562,247.4199981689453,246.47000122070312,247.27999877929688,47135200,SPY
2017-07-21,215.12266540527344,246.8800048828125,246.91000366210938,246.17999267578125,246.44000244140625,82340800,SPY
2017-07-24,215.0703887939453,246.82000732421875,246.97999572753906,246.27999877929688,246.7899932861328,46622300,SPY
2017-07-25,215.59326171875,247.4199981689453,247.8000030517578,247.16000366210938,247.67999267578125,54915600,SPY
2017-07-26,215.6019744873047,247.42999267578125,247.7899932861328,247.1300048828125,247.75,47575400,SPY
2017-07-27,215.40151977539062,247.1999969482422,248.0,245.67999267578125,247.9600067138672,70766600,SPY
2017-07-28,215.14881896972656,246.91000366210938,247.05999755859375,246.1300048828125,246.64999389648438,50088400,SPY
2017-07-31,215.02687072753906,246.77000427246094,247.47999572753906,246.52999877929688,247.3699951171875,65838700,SPY
2017-08-01,215.50613403320312,247.32000732421875,247.5,246.72000122070312,247.4600067138672,55050400,SPY
2017-08-02,215.61065673828125,247.44000244140625,247.60000610351562,246.3699951171875,247.47000122070312,47211200,SPY
2017-08-03,215.19239807128906,246.9600067138672,247.33999633789062,246.63999938964844,247.30999755859375,40856000,SPY
2017-08-04,215.58445739746094,247.41000366210938,247.7899932861328,246.97000122070312,247.52000427246094,60191800,SPY
2017-08-07,215.9853515625,247.8699951171875,247.8699951171875,247.3699951171875,247.49000549316406,31995000,SPY
2017-08-08,215.4537811279297,247.25999450683594,248.91000366210938,246.8300018310547,247.50999450683594,61719400,SPY
2017-08-09,215.44509887695312,247.25,247.30999755859375,246.05999755859375,246.47000122070312,62632600,SPY
2017-08-10,212.40403747558594,243.75999450683594,246.44000244140625,243.6999969482422,246.2899932861328,120479500,SPY
2017-08-11,212.71771240234375,244.1199951171875,244.8000030517578,243.75,244.02000427246094,74869900,SPY
2017-08-14,214.82643127441406,246.5399932861328,246.7899932861328,245.5500030517578,245.58999633789062,73291900,SPY
2017-08-15,214.80030822753906,246.50999450683594,247.0,246.16000366210938,246.97999572753906,55242700,SPY
2017-08-16,215.1749725341797,246.94000244140625,247.57000732421875,246.4499969482422,247.11000061035156,56715500,SPY
2017-08-17,211.82020568847656,243.08999633789062,246.60000610351562,243.08999633789062,246.24000549316406,128490400,SPY
2017-08-18,211.4890899658203,242.7100067138672,244.19000244140625,242.1999969482422,242.89999389648438,136748000,SPY
2017-08-21,211.65467834472656,242.89999389648438,243.1999969482422,241.8300018310547,242.63999938964844,65469700,SPY
2017-08-22,213.86795043945312,245.44000244140625,245.6199951171875,243.5500030517578,243.57000732421875,63140100,SPY
2017-08-23,213.1011505126953,244.55999755859375,245.0500030517578,244.16000366210938,244.3300018310547,50203800,SPY
2017-08-24,212.60443115234375,243.99000549316406,245.17999267578125,243.75,245.0,50741700,SPY
2017-08-25,213.1011505126953,244.55999755859375,245.61000061035156,244.38999938964844,244.89999389648438,64445900,SPY
2017-08-28,213.10984802246094,244.57000732421875,245.1999969482422,244.08999633789062,245.1699981689453,40565600,SPY
2017-08-29,213.3538360595703,244.85000610351562,245.14999389648438,242.92999267578125,243.05999755859375,51135700,SPY
2017-08-30,214.36456298828125,246.00999450683594,246.32000732421875,244.6199951171875,244.8300018310547,62030800,SPY
2017-08-31,215.65423583984375,247.49000549316406,247.77000427246094,246.0500030517578,246.72000122070312,103803900,SPY
2017-09-01,215.9591827392578,247.83999633789062,248.3300018310547,247.6699981689453,247.9199981689453,62007000,SPY
2017-09-05,214.4081573486328,246.05999755859375,247.52000427246094,244.9499969482422,247.25999450683594,91398800,SPY
2017-09-06,215.14012145996094,246.89999389648438,247.27999877929688,246.22999572753906,246.83999633789062,57916900,SPY
2017-09-07,215.11390686035156,246.8699951171875,247.27000427246094,246.39999389648438,247.25,58034700,SPY
2017-09-08,214.86126708984375,246.5800018310547,247.11000061035156,246.3000030517578,246.5399932861328,63832800,SPY
2017-09-11,217.1529541015625,249.2100067138672,249.3000030517578,248.02000427246094,248.0399932861328,71364800,SPY
2017-09-12,217.88487243652344,250.0500030517578,250.08999633789062,249.4199981689453,249.6300048828125,56896000,SPY
2017-09-13,217.98948669433594,250.1699981689453,250.2100067138672,249.58999633789062,249.72000122070312,59228000,SPY
2017-09-14,217.91976928710938,250.08999633789062,250.32000732421875,249.60000610351562,249.8000030517578,95446300,SPY
2017-09-15,218.213134765625,249.19000244140625,249.2899932861328,248.57000732421875,248.69000244140625,95432400,SPY
2017-09-18,218.67724609375,249.72000122070312,250.1199951171875,249.27999877929688,249.61000061035156,46235200,SPY
2017-09-19,218.8961944580078,249.97000122070312,250.07000732421875,249.60000610351562,250.0,47108100,SPY
2017-09-20,218.97500610351562,250.05999755859375,250.19000244140625,248.9199981689453,250.07000732421875,59574100,SPY
2017-09-21,218.3883056640625,249.38999938964844,249.97999572753906,249.19000244140625,249.8800048828125,48211400,SPY
2017-09-22,218.4320526123047,249.44000244140625,249.6300048828125,249.02000427246094,249.0500030517578,51214000,SPY
2017-09-25,217.98550415039062,248.92999267578125,249.5500030517578,248.0800018310547,249.14999389648438,57064400,SPY
2017-09-26,218.1167755126953,249.0800018310547,249.6999969482422,248.80999755859375,249.4199981689453,54082000,SPY
2017-09-27,218.96621704101562,250.0500030517578,250.49000549316406,248.8699951171875,249.8800048828125,81001400,SPY
2017-09-28,219.22891235351562,250.35000610351562,250.44000244140625,249.6300048828125,249.72999572753906,44778800,SPY
2017-09-29,219.99954223632812,251.22999572753906,251.32000732421875,250.1300048828125,250.33999633789062,85578000,SPY
2017-10-02,220.95408630371094,252.32000732421875,252.32000732421875,251.2899932861328,251.49000549316406,59023000,SPY
2017-10-03,221.42691040039062,252.86000061035156,252.88999938964844,252.22999572753906,252.32000732421875,66810200,SPY
2017-10-04,221.6896209716797,253.16000366210938,253.44000244140625,252.55999755859375,252.69000244140625,55953600,SPY
2017-10-05,223.0031280517578,254.66000366210938,254.67999267578125,253.1999969482422,253.5399932861328,63522800,SPY
2017-10-06,222.7491912841797,254.3699951171875,254.6999969482422,253.85000610351562,254.14999389648438,80646000,SPY
2017-10-09,222.38143920898438,253.9499969482422,254.6999969482422,253.64999389648438,254.6300048828125,35803100,SPY
2017-10-10,222.96810913085938,254.6199951171875,255.0500030517578,253.97999572753906,254.60000610351562,43057400,SPY
2017-10-11,223.3184051513672,255.02000427246094,255.02000427246094,254.32000732421875,254.50999450683594,47674300,SPY
2017-10-12,222.9856414794922,254.63999938964844,255.05999755859375,254.3699951171875,254.66000366210938,47065100,SPY
2017-10-13,223.2571258544922,254.9499969482422,255.27000427246094,254.63999938964844,255.13999938964844,54800400,SPY
2017-10-16,223.5548553466797,255.2899932861328,255.50999450683594,254.82000732421875,255.2100067138672,38221700,SPY
2017-10-17,223.71250915527344,255.47000122070312,255.52000427246094,254.97999572753906,255.22999572753906,31561000,SPY
2017-10-18,223.931396484375,255.72000122070312,255.9499969482422,255.5,255.89999389648438,40888300,SPY
2017-10-19,223.99266052246094,255.7899932861328,255.8300018310547,254.35000610351562,254.8300018310547,61903800,SPY
2017-10-20,225.1486053466797,257.1099853515625,257.1400146484375,255.77000427246094,256.70001220703125,89176400,SPY
2017-10-23,224.27288818359375,256.1099853515625,257.510009765625,256.0199890136719,257.4800109863281,63915300,SPY
2017-10-24,224.66697692871094,256.55999755859375,256.8299865722656,256.1499938964844,256.6000061035156,66935900,SPY
2017-10-25,223.5548553466797,255.2899932861328,256.30999755859375,254.0,256.17999267578125,103715300,SPY
2017-10-26,223.8437957763672,255.6199951171875,256.29998779296875,255.47999572753906,255.99000549316406,69798000,SPY
2017-10-27,225.6739959716797,257.7099914550781,257.8900146484375,255.6300048828125,256.4700012207031,85562500,SPY
2017-10-30,224.83335876464844,256.75,257.6000061035156,256.4100036621094,256.4700012207031,54285700,SPY
2017-10-31,225.18362426757812,257.1499938964844,257.44000244140625,256.80999755859375,257.17999267578125,60304800,SPY
2017-11-01,225.48133850097656,257.489990234375,258.42999267578125,257.07000732421875,258.0400085449219,54202700,SPY
2017-11-02,225.56893920898438,257.5899963378906,257.75,256.19000244140625,257.4100036621094,56449500,SPY
2017-11-03,226.32200622558594,258.45001220703125,258.5,257.29998779296875,257.7699890136719,59589700,SPY
2017-11-06,226.67230224609375,258.8500061035156,259.0,258.2200012207031,258.29998779296875,49652600,SPY
2017-11-07,226.5147247314453,258.6700134277344,259.3500061035156,258.0899963378906,258.9700012207031,57502200,SPY
2017-11-08,226.89999389648438,259.1099853515625,259.2200012207031,258.1499938964844,258.4700012207031,50469600,SPY
2017-11-09,226.07679748535156,258.1700134277344,258.3900146484375,256.3599853515625,257.7300109863281,95085500,SPY
2017-11-10,226.0067596435547,258.0899963378906,258.2900085449219,257.3699951171875,257.7300109863281,59984700,SPY
2017-11-13,226.21694946289062,258.3299865722656,258.5899963378906,257.2699890136719,257.30999755859375,50228600,SPY
2017-11-14,225.69155883789062,257.7300109863281,257.8500061035156,256.5199890136719,257.4100036621094,61315200,SPY
2017-11-15,224.56185913085938,256.44000244140625,257.2200012207031,255.6300048828125,256.6199951171875,80811500,SPY
2017-11-16,226.4709014892578,258.6199951171875,259.0400085449219,257.4700012207031,257.5199890136719,67777000,SPY
2017-11-17,225.80543518066406,257.8599853515625,258.5899963378906,257.7699890136719,258.2200012207031,75756800,SPY
2017-11-20,226.19068908691406,258.29998779296875,258.5199890136719,257.8599853515625,258.1400146484375,48075500,SPY
2017-11-21,227.6705780029297,259.989990234375,260.20001220703125,258.260009765625,259.17999267578125,69176800,SPY
2017-11-22,227.46920776367188,259.760009765625,260.1499938964844,259.57000732421875,260.0,45033400,SPY
2017-11-24,227.9945068359375,260.3599853515625,260.4800109863281,260.1600036621094,260.32000732421875,27856500,SPY
2017-11-27,227.8807830810547,260.2300109863281,260.75,260.0,260.4100036621094,52274900,SPY
2017-11-28,230.1925811767578,262.8699951171875,262.8999938964844,260.6499938964844,260.760009765625,98971700,SPY
2017-11-29,230.052490234375,262.7099914550781,263.6300048828125,262.20001220703125,263.0199890136719,77512100,SPY
2017-11-30,232.06655883789062,265.010009765625,266.04998779296875,263.6700134277344,263.760009765625,127894400,SPY
2017-12-01,231.58489990234375,264.4599914550781,265.30999755859375,260.760009765625,264.760009765625,164390900,SPY
2017-12-04,231.3046875,264.1400146484375,266.79998779296875,264.0799865722656,266.30999755859375,94040600,SPY
2017-12-05,230.47283935546875,263.19000244140625,265.1499938964844,263.0400085449219,263.19000244140625,77994500,SPY
2017-12-06,230.51663208007812,263.239990234375,263.7300109863281,262.7099914550781,263.29998779296875,75898600,SPY
2017-12-07,231.24342346191406,264.07000732421875,264.42999267578125,262.94000244140625,264.07000732421875,77218600,SPY
2017-12-08,232.50437927246094,265.510009765625,265.5199890136719,264.0299987792969,265.1600036621094,76563900,SPY
2017-12-11,233.20494079589844,266.30999755859375,266.3800048828125,265.4800109863281,266.30999755859375,83077500,SPY
2017-12-12,233.61648559570312,266.7799987792969,267.32000732421875,266.3500061035156,267.2099914550781,85195800,SPY
2017-12-13,233.5902557373047,266.75,267.55999755859375,266.6499938964844,267.05999755859375,102905400,SPY
2017-12-14,232.63575744628906,265.6600036621094,267.2200012207031,265.6000061035156,267.0899963378906,100666700,SPY
2017-12-15,234.57298278808594,266.510009765625,267.0400085449219,265.3900146484375,265.45001220703125,144610300,SPY
2017-12-18,236.06053161621094,268.20001220703125,268.6000061035156,267.9800109863281,268.1000061035156,83653600,SPY
2017-12-19,235.15394592285156,267.1700134277344,268.5299987792969,267.0899963378906,268.4800109863281,82382900,SPY
2017-12-20,235.03060913085938,267.0299987792969,268.3299865722656,266.69000244140625,268.2699890136719,76751500,SPY
2017-12-21,235.51470947265625,267.5799865722656,268.3900146484375,267.29998779296875,267.739990234375,67032300,SPY
2017-12-22,235.4531707763672,267.510009765625,267.6400146484375,266.8999938964844,267.6000061035156,78720900,SPY
2017-12-26,235.17152404785156,267.19000244140625,267.44000244140625,266.8900146484375,267.04998779296875,45244400,SPY
2017-12-27,235.28599548339844,267.32000732421875,267.7300109863281,267.010009765625,267.3800048828125,57751000,SPY
2017-12-28,235.77000427246094,267.8699951171875,267.9200134277344,267.45001220703125,267.8900146484375,45116100,SPY
2017-12-29,234.8810272216797,266.8599853515625,268.54998779296875,266.6400146484375,268.5299987792969,96007400,SPY
2018-01-02,236.56211853027344,268.7699890136719,268.80999755859375,267.3999938964844,267.8399963378906,86655700,SPY
2018-01-03,238.05844116210938,270.4700012207031,270.6400146484375,268.9599914550781,268.9599914550781,90070400,SPY
2018-01-04,239.0618133544922,271.6099853515625,272.1600036621094,270.5400085449219,271.20001220703125,80636400,SPY
2018-01-05,240.65496826171875,273.4200134277344,273.55999755859375,271.95001220703125,272.510009765625,83524000,SPY
2018-01-08,241.09503173828125,273.9200134277344,274.1000061035156,272.9800109863281,273.30999755859375,57319200,SPY
2018-01-09,241.64073181152344,274.5400085449219,275.25,274.0799865722656,274.3999938964844,57254000,SPY
2018-01-10,241.2711639404297,274.1199951171875,274.4200134277344,272.9200134277344,273.67999267578125,69574300,SPY
2018-01-11,243.03138732910156,276.1199951171875,276.1199951171875,274.55999755859375,274.75,62361500,SPY
2018-01-12,244.61569213867188,277.9200134277344,278.1099853515625,276.0799865722656,276.4200134277344,90816100,SPY
2018-01-16,243.7794952392578,276.9700012207031,280.0899963378906,276.17999267578125,279.3500061035156,106555100,SPY
2018-01-17,246.10311889648438,279.6099853515625,280.04998779296875,276.9700012207031,278.0299987792969,113258800,SPY
2018-01-18,245.68943786621094,279.1400146484375,279.9599914550781,278.5799865722656,279.4800109863281,100728000,SPY
2018-01-19,246.8072509765625,280.4100036621094,280.4100036621094,279.1400146484375,279.79998779296875,140920100,SPY
2018-01-22,248.81407165527344,282.69000244140625,282.69000244140625,280.1099853515625,280.1700134277344,91322400,SPY
2018-01-23,249.34219360351562,283.2900085449219,283.6199951171875,282.3699951171875,282.739990234375,97084700,SPY
2018-01-24,249.24530029296875,283.17999267578125,284.70001220703125,281.8399963378906,284.0199890136719,134816100,SPY
2018-01-25,249.35101318359375,283.29998779296875,284.2699890136719,282.3999938964844,284.1600036621094,84587300,SPY
2018-01-26,252.2378692626953,286.5799865722656,286.6300048828125,283.9599914550781,284.25,107743100,SPY
2018-01-29,250.5656280517578,284.67999267578125,286.42999267578125,284.5,285.92999267578125,90118300,SPY
2018-01-30,247.99549865722656,281.760009765625,284.739990234375,281.2200012207031,282.6000061035156,131796400,SPY
2018-01-31,248.11874389648438,281.8999938964844,283.29998779296875,280.67999267578125,282.7300109863281,108364800,SPY
2018-02-01,247.837158203125,281.5799865722656,283.05999755859375,280.67999267578125,281.07000732421875,90102500,SPY
2018-02-02,242.44168090820312,275.45001220703125,280.2300109863281,275.4100036621094,280.0799865722656,173174800,SPY
2018-02-05,232.30221557617188,263.92999267578125,275.8500061035156,263.30999755859375,273.45001220703125,294681800,SPY
2018-02-06,236.8790283203125,269.1300048828125,269.70001220703125,258.70001220703125,259.94000244140625,355026800,SPY
2018-02-07,235.593994140625,267.6700134277344,272.3599853515625,267.5799865722656,268.5,167376100,SPY
2018-02-08,226.75717163085938,257.6300048828125,268.1700134277344,257.5899963378906,268.010009765625,246449500,SPY
2018-02-09,230.1634063720703,261.5,263.6099853515625,252.9199981689453,260.79998779296875,283565300,SPY
2018-02-12,233.543212890625,265.3399963378906,267.010009765625,261.6600036621094,263.8299865722656,143736000,SPY
2018-02-13,234.12411499023438,266.0,266.6199951171875,263.30999755859375,263.9700012207031,81223600,SPY
2018-02-14,237.28395080566406,269.5899963378906,270.0,264.29998779296875,264.30999755859375,120735700,SPY
2018-02-15,240.31167602539062,273.0299987792969,273.0400085449219,268.7699890136719,271.57000732421875,111200300,SPY
2018-02-16,240.38211059570312,273.1099853515625,275.32000732421875,272.2699890136719,272.32000732421875,160420100,SPY
2018-02-20,238.87705993652344,271.3999938964844,273.6700134277344,270.5,272.0299987792969,86369700,SPY
2018-02-21,237.68881225585938,270.04998779296875,274.7200012207031,269.94000244140625,271.8999938964844,98883700,SPY
2018-02-22,237.9968719482422,270.3999938964844,273.04998779296875,269.6400146484375,271.1000061035156,110511300,SPY
2018-02-23,241.79037475585938,274.7099914550781,274.7099914550781,271.25,271.7900085449219,92766400,SPY
2018-02-26,244.59805297851562,277.8999938964844,278.010009765625,275.260009765625,275.92999267578125,86491400,SPY
2018-02-27,241.54385375976562,274.42999267578125,278.9200134277344,274.3599853515625,278.1099853515625,99099200,SPY
2018-02-28,239.09695434570312,271.6499938964844,276.19000244140625,271.2900085449219,275.67999267578125,121907800,SPY
2018-03-01,235.62037658691406,267.70001220703125,273.1700134277344,266.0,271.4100036621094,176855100,SPY
2018-03-02,236.8349609375,269.0799865722656,269.7200012207031,264.82000732421875,265.79998779296875,139083200,SPY
2018-03-05,239.572265625,272.19000244140625,272.8900146484375,267.6099853515625,267.7300109863281,97307400,SPY
2018-03-06,240.17967224121094,272.8800048828125,273.3900146484375,271.17999267578125,273.29998779296875,79213200,SPY
2018-03-07,240.0916748046875,272.7799987792969,273.17999267578125,270.20001220703125,270.4200134277344,87063500,SPY
2018-03-08,241.25347900390625,274.1000061035156,274.239990234375,272.4200134277344,273.54998779296875,66901200,SPY
2018-03-09,245.4518280029297,278.8699951171875,278.8699951171875,275.3399963378906,275.70001220703125,113625300,SPY
2018-03-12,245.143798828125,278.5199890136719,279.9100036621094,278.0799865722656,279.20001220703125,71924800,SPY
2018-03-13,243.5594482421875,276.7200012207031,280.4100036621094,276.0299987792969,279.8399963378906,91968900,SPY
2018-03-14,242.3096466064453,275.29998779296875,278.0199890136719,274.6700134277344,277.80999755859375,105895100,SPY
2018-03-15,242.04554748535156,275.0,276.6099853515625,274.42999267578125,275.8800048828125,83433000,SPY
2018-03-16,242.30809020996094,274.20001220703125,275.3900146484375,274.1400146484375,274.5,100343700,SPY
2018-03-19,239.02951049804688,270.489990234375,274.3999938964844,268.6199951171875,273.3500061035156,109208400,SPY
2018-03-20,239.43605041503906,270.95001220703125,271.6700134277344,270.17999267578125,270.94000244140625,59757300,SPY
2018-03-21,238.97654724121094,270.42999267578125,273.2699890136719,270.19000244140625,270.8999938964844,78709600,SPY
2018-03-22,233.0027618408203,263.6700134277344,268.8699951171875,263.3599853515625,267.9100036621094,148785900,SPY
2018-03-23,228.03640747070312,258.04998779296875,264.5400085449219,257.8299865722656,264.1700134277344,183534800,SPY
2018-03-26,234.27528381347656,265.1099853515625,265.42999267578125,259.4100036621094,262.1300048828125,141956100,SPY
2018-03-27,230.28988647460938,260.6000061035156,266.7699890136719,258.8399963378906,266.1700134277344,129941400,SPY
2018-03-28,229.60939025878906,259.8299865722656,262.6400146484375,258.5799865722656,260.75,146452300,SPY
2018-03-29,232.54327392578125,263.1499938964844,265.260009765625,259.8399963378906,261.1199951171875,111601600,SPY
2018-04-02,227.52394104003906,257.4700012207031,263.1300048828125,254.6699981689453,262.54998779296875,186286300,SPY
2018-04-03,230.44009399414062,260.7699890136719,261.30999755859375,256.8399963378906,258.8699951171875,119956900,SPY
2018-04-04,232.90554809570312,263.55999755859375,264.3599853515625,256.6000061035156,256.75,123715300,SPY
2018-04-05,234.74371337890625,265.6400146484375,266.6400146484375,264.32000732421875,265.54998779296875,82652600,SPY
2018-04-06,229.51222229003906,259.7200012207031,265.1099853515625,258.0,263.4200134277344,179521200,SPY
2018-04-09,230.64337158203125,261.0,264.8399963378906,259.94000244140625,261.3699951171875,105442900,SPY
2018-04-10,234.31068420410156,265.1499938964844,266.0400085449219,262.9800109863281,264.2699890136719,103529000,SPY
2018-04-11,233.0823211669922,263.760009765625,265.6400146484375,263.3900146484375,263.4700012207031,91140200,SPY
2018-04-12,234.9999237060547,265.92999267578125,267.0,265.05999755859375,265.260009765625,68890500,SPY
2018-04-13,234.31068420410156,265.1499938964844,267.5400085449219,264.010009765625,267.4100036621094,85079200,SPY
2018-04-16,236.2371063232422,267.3299865722656,268.20001220703125,266.07000732421875,267.0,63405300,SPY
2018-04-17,238.76443481445312,270.19000244140625,270.8699951171875,268.75,269.3299865722656,64682000,SPY
2018-04-18,238.94119262695312,270.3900146484375,271.29998779296875,269.8699951171875,270.69000244140625,57303900,SPY
2018-04-19,237.61569213867188,268.8900146484375,269.8800048828125,267.7200012207031,269.6499938964844,77655900,SPY
2018-04-20,235.60084533691406,266.6099853515625,269.05999755859375,265.6099853515625,268.80999755859375,99953100,SPY
2018-04-23,235.56552124023438,266.57000732421875,267.8900146484375,265.3500061035156,267.260009765625,65558000,SPY
2018-04-24,232.39306640625,262.9800109863281,267.9800109863281,261.2799987792969,267.7300109863281,112885500,SPY
2018-04-25,232.96746826171875,263.6300048828125,264.1300048828125,260.8500061035156,262.9100036621094,103840900,SPY
2018-04-26,235.3357391357422,266.30999755859375,267.25,264.2900085449219,264.7900085449219,67731900,SPY
2018-04-27,235.55667114257812,266.55999755859375,267.3399963378906,265.5,267.0,57053600,SPY
2018-04-30,233.74513244628906,264.510009765625,267.8900146484375,264.42999267578125,267.260009765625,82182300,SPY
2018-05-01,234.16043090820312,264.9800109863281,265.1000061035156,262.1099853515625,263.8699951171875,74203400,SPY
2018-05-02,232.58749389648438,263.20001220703125,265.67999267578125,262.760009765625,264.760009765625,86368900,SPY
2018-05-03,232.07492065429688,262.6199951171875,263.3599853515625,259.04998779296875,262.260009765625,136311500,SPY
2018-05-04,235.07949829101562,266.0199890136719,266.7900085449219,261.1499938964844,261.5199890136719,91222100,SPY
2018-05-07,235.87481689453125,266.9200134277344,268.0199890136719,266.1099853515625,266.8900146484375,55304900,SPY
2018-05-08,235.87481689453125,266.9200134277344,267.3299865722656,265.1499938964844,266.5,67499200,SPY
2018-05-09,238.1546630859375,269.5,269.8699951171875,267.0899963378906,267.67999267578125,59666100,SPY
2018-05-10,240.38157653808594,272.0199890136719,272.3900146484375,270.2200012207031,270.3399963378906,72063900,SPY
2018-05-11,241.11512756347656,272.8500061035156,273.1499938964844,271.5799865722656,272.1600036621094,59871500,SPY
2018-05-14,241.22998046875,272.9800109863281,274.0799865722656,272.3599853515625,273.3399963378906,54790600,SPY
2018-05-15,239.56863403320312,271.1000061035156,271.6099853515625,270.0299987792969,271.5899963378906,87036100,SPY
2018-05-16,240.57603454589844,272.239990234375,272.760009765625,271.1099853515625,271.1400146484375,53942600,SPY
2018-05-17,240.372802734375,272.010009765625,273.2300109863281,271.1300048828125,271.94000244140625,56536400,SPY
2018-05-18,239.77186584472656,271.3299865722656,272.0299987792969,270.92999267578125,271.6199951171875,64368000,SPY
2018-05-21,241.57464599609375,273.3699951171875,273.9800109863281,272.57000732421875,273.010009765625,58025900,SPY
2018-05-22,240.9030303955078,272.6099853515625,274.25,272.239990234375,273.9599914550781,52966400,SPY
2018-05-23,241.56578063964844,273.3599853515625,273.3900146484375,270.989990234375,271.1700134277344,64694200,SPY
2018-05-24,241.07086181640625,272.79998779296875,273.2200012207031,270.7799987792969,272.9100036621094,76043800,SPY
2018-05-25,240.49649047851562,272.1499938964844,272.8599853515625,271.5799865722656,272.1499938964844,56374800,SPY
2018-05-29,237.73049926757812,269.0199890136719,271.1700134277344,267.760009765625,270.30999755859375,115908600,SPY
2018-05-30,240.9030303955078,272.6099853515625,273.1099853515625,270.4200134277344,270.5,69678400,SPY
2018-05-31,239.42724609375,270.94000244140625,272.489990234375,270.260009765625,272.1499938964844,93519900,SPY
2018-06-01,241.77786254882812,273.6000061035156,273.94000244140625,272.3299865722656,272.4100036621094,71258400,SPY
2018-06-04,242.92662048339844,274.8999938964844,275.19000244140625,274.260009765625,274.5299987792969,45385200,SPY
2018-06-05,243.10337829589844,275.1000061035156,275.5299987792969,274.17999267578125,275.04998779296875,51135000,SPY
2018-06-06,245.13592529296875,277.3999938964844,277.5199890136719,275.0899963378906,275.7900085449219,62732200,SPY
2018-06-07,245.1093292236328,277.3699951171875,278.2799987792969,276.3399963378906,277.95001220703125,72969400,SPY
2018-06-08,245.833984375,278.19000244140625,278.25,276.6600036621094,276.8500061035156,72139700,SPY
2018-06-11,246.16098022460938,278.55999755859375,279.3699951171875,278.30999755859375,278.44000244140625,58892500,SPY
2018-06-12,246.47911071777344,278.9200134277344,279.3299865722656,278.19000244140625,279.0299987792969,72329000,SPY
2018-06-13,245.6927032470703,278.0299987792969,279.4800109863281,277.79998779296875,279.19000244140625,79070600,SPY
2018-06-14,246.3112030029297,278.7300109863281,279.3299865722656,278.05999755859375,279.010009765625,77097600,SPY
2018-06-15,245.99696350097656,277.1300048828125,277.510009765625,275.3500061035156,276.6000061035156,120041600,SPY
2018-06-18,245.49099731445312,276.55999755859375,276.70001220703125,274.95001220703125,275.489990234375,52917600,SPY
2018-06-19,244.55014038085938,275.5,275.75,273.5299987792969,274.0,97531500,SPY
2018-06-20,244.96722412109375,275.9700012207031,276.7200012207031,275.5899963378906,276.2699890136719,53785500,SPY
2018-06-21,243.43157958984375,274.239990234375,275.9800109863281,273.67999267578125,275.9599914550781,71061400,SPY
2018-06-22,243.8753662109375,274.739990234375,275.7900085449219,274.489990234375,275.6600036621094,54898500,SPY
2018-06-25,240.5556182861328,271.0,273.6199951171875,269.1000061035156,273.44000244140625,137854200,SPY
2018-06-26,241.08824157714844,271.6000061035156,272.55999755859375,270.7900085449219,271.6400146484375,68547400,SPY
2018-06-27,239.09097290039062,269.3500061035156,273.8699951171875,269.17999267578125,272.260009765625,105110700,SPY
2018-06-28,240.4579315185547,270.8900146484375,271.75,268.489990234375,269.2900085449219,76650500,SPY
2018-06-29,240.80416870117188,271.2799987792969,273.6600036621094,271.1499938964844,272.1199951171875,97592500,SPY
2018-07-02,241.31898498535156,271.8599853515625,272.0400085449219,269.239990234375,269.510009765625,63554800,SPY
2018-07-03,240.46681213378906,270.8999938964844,272.9800109863281,270.4200134277344,272.8699951171875,42187100,SPY
2018-07-05,242.4285125732422,273.1099853515625,273.17999267578125,270.9599914550781,272.1700134277344,56925900,SPY
2018-07-06,244.47909545898438,275.4200134277344,275.8399963378906,272.7099914550781,273.1400146484375,66493700,SPY
2018-07-09,246.6804656982422,277.8999938964844,277.9599914550781,276.5,276.54998779296875,50550400,SPY
2018-07-10,247.568115234375,278.8999938964844,279.010009765625,278.0799865722656,278.4100036621094,51966800,SPY
2018-07-11,245.7572784423828,276.8599853515625,278.0400085449219,276.5199890136719,277.1499938964844,77054700,SPY
2018-07-12,247.9853515625,279.3699951171875,279.42999267578125,277.6000061035156,278.2799987792969,60124700,SPY
2018-07-13,248.18057250976562,279.5899963378906,279.92999267578125,278.6600036621094,279.1700134277344,48216000,SPY
2018-07-16,247.9586944580078,279.3399963378906,279.79998779296875,278.8399963378906,279.6400146484375,48201000,SPY
2018-07-17,248.96168518066406,280.4700012207031,280.9100036621094,278.4100036621094,278.4700012207031,52315500,SPY
2018-07-18,249.48541259765625,281.05999755859375,281.17999267578125,280.05999755859375,280.55999755859375,44593500,SPY
2018-07-19,248.54458618164062,280.0,280.739990234375,279.4599914550781,280.30999755859375,61412100,SPY
2018-07-20,248.26043701171875,279.67999267578125,280.4800109863281,279.5,279.7699890136719,82337700,SPY
2018-07-23,248.72203063964844,280.20001220703125,280.42999267578125,279.05999755859375,279.45001220703125,47047600,SPY
2018-07-24,249.97364807128906,281.6099853515625,282.55999755859375,280.6300048828125,281.7900085449219,68026900,SPY
2018-07-25,252.10409545898438,284.010009765625,284.3699951171875,281.2799987792969,281.3299865722656,78882900,SPY
2018-07-26,251.50930786132812,283.3399963378906,284.1099853515625,283.0899963378906,283.20001220703125,57919500,SPY
2018-07-27,249.8050079345703,281.4200134277344,283.82000732421875,280.3800048828125,283.7099914550781,76768700,SPY
2018-07-30,248.50010681152344,279.95001220703125,281.69000244140625,279.3599853515625,281.510009765625,63742500,SPY
2018-07-31,249.72506713867188,281.3299865722656,282.0199890136719,280.3800048828125,280.80999755859375,68570500,SPY
2018-08-01,249.3079071044922,280.8599853515625,282.1300048828125,280.1300048828125,281.55999755859375,53853300,SPY
2018-08-02,250.66604614257812,282.3900146484375,282.5799865722656,279.1600036621094,279.3900146484375,63426400,SPY
2018-08-03,251.7401123046875,283.6000061035156,283.6600036621094,282.3299865722656,282.5299987792969,53935400,SPY
2018-08-06,252.6632080078125,284.6400146484375,284.989990234375,283.20001220703125,283.6400146484375,39400900,SPY
2018-08-07,253.49766540527344,285.5799865722656,286.010009765625,285.239990234375,285.3900146484375,43196600,SPY
2018-08-08,253.39114379882812,285.4599914550781,285.9100036621094,284.94000244140625,285.3900146484375,42114600,SPY
2018-08-09,253.04493713378906,285.07000732421875,285.9700012207031,284.9200134277344,285.5299987792969,35717000,SPY
2018-08-10,251.34954833984375,283.1600036621094,284.05999755859375,282.3599853515625,283.45001220703125,77076000,SPY
2018-08-13,250.40850830078125,282.1000061035156,284.1600036621094,281.7699890136719,283.4700012207031,65732900,SPY
2018-08-14,252.00640869140625,283.8999938964844,284.1700134277344,282.4800109863281,282.9200134277344,43842000,SPY
2018-08-15,250.12451171875,281.7799987792969,282.5400085449219,280.1600036621094,282.3800048828125,102925400,SPY
2018-08-16,252.1484375,284.05999755859375,285.0400085449219,283.3599853515625,283.3999938964844,69967900,SPY
2018-08-17,253.0360870361328,285.05999755859375,285.55999755859375,283.3699951171875,283.8299865722656,65618500,SPY
2018-08-20,253.5775909423828,285.6700134277344,285.9700012207031,285.05999755859375,285.57000732421875,39807500,SPY
2018-08-21,254.17236328125,286.3399963378906,287.30999755859375,285.7099914550781,286.25,67272000,SPY
2018-08-22,254.0214080810547,286.1700134277344,286.760009765625,285.5799865722656,285.8800048828125,44993300,SPY
2018-08-23,253.6841278076172,285.7900085449219,286.94000244140625,285.42999267578125,285.9700012207031,49204900,SPY
2018-08-24,255.2108917236328,287.510009765625,287.6700134277344,286.3800048828125,286.44000244140625,57487400,SPY
2018-08-27,257.2257080078125,289.7799987792969,289.8999938964844,288.67999267578125,288.8599853515625,57072400,SPY
2018-08-28,257.35003662109375,289.9200134277344,290.4200134277344,289.3999938964844,290.29998779296875,46943500,SPY
2018-08-29,258.7348327636719,291.4800109863281,291.739990234375,289.8900146484375,290.1600036621094,61485500,SPY
2018-08-30,257.6874084472656,290.29998779296875,291.3599853515625,289.6300048828125,290.94000244140625,61229500,SPY
2018-08-31,257.6962585449219,290.30999755859375,290.80999755859375,289.2900085449219,289.8399963378906,66140800,SPY
2018-09-04,257.2525939941406,289.80999755859375,290.2099914550781,288.67999267578125,289.8399963378906,57594400,SPY
2018-09-05,256.56011962890625,289.0299987792969,289.6400146484375,287.8900146484375,289.4100036621094,72452400,SPY
2018-09-06,255.7877960205078,288.1600036621094,289.489990234375,287.0,289.1499938964844,65909900,SPY
2018-09-07,255.2906951904297,287.6000061035156,288.70001220703125,286.7099914550781,286.9800109863281,73524800,SPY
2018-09-10,255.734619140625,288.1000061035156,289.0400085449219,287.8800048828125,288.739990234375,50210900,SPY
2018-09-11,256.577880859375,289.04998779296875,289.54998779296875,286.9800109863281,287.3699951171875,50530500,SPY
2018-09-12,256.6400146484375,289.1199951171875,289.79998779296875,288.2300109863281,289.05999755859375,59810800,SPY
2018-09-13,258.1578674316406,290.8299865722656,291.0400085449219,290.0,290.32000732421875,51034200,SPY
2018-09-14,258.2023010253906,290.8800048828125,291.2699890136719,290.0,291.05999755859375,55079900,SPY
2018-09-17,256.8353271484375,289.3399963378906,290.8599853515625,289.0299987792969,290.82000732421875,68244000,SPY
2018-09-18,258.2288818359375,290.9100036621094,291.5799865722656,289.54998779296875,289.5799865722656,61930400,SPY
2018-09-19,258.50408935546875,291.2200012207031,291.69000244140625,290.8299865722656,290.9700012207031,49080600,SPY
2018-09-20,260.5989685058594,293.5799865722656,293.94000244140625,291.239990234375,292.6400146484375,100360600,SPY
2018-09-21,260.36077880859375,291.989990234375,293.2200012207031,291.80999755859375,293.0899963378906,105479700,SPY
2018-09-24,259.495849609375,291.0199890136719,291.5,290.3699951171875,291.3399963378906,53409600,SPY
2018-09-25,259.2551574707031,290.75,291.6499938964844,290.4800109863281,291.5299987792969,44370000,SPY
2018-09-26,258.47943115234375,289.8800048828125,292.239990234375,289.4100036621094,290.9100036621094,79739700,SPY
2018-09-27,259.20172119140625,290.69000244140625,291.9100036621094,290.1000061035156,290.4100036621094,59249500,SPY
2018-09-28,259.2284240722656,290.7200012207031,291.2799987792969,289.95001220703125,289.989990234375,70091400,SPY
2018-10-01,260.12908935546875,291.7300109863281,292.92999267578125,290.9800109863281,292.1099853515625,62078900,SPY
2018-10-02,259.9774169921875,291.55999755859375,292.3599853515625,291.1400146484375,291.55999755859375,47258200,SPY
2018-10-03,260.1201477050781,291.7200012207031,293.2099914550781,291.32000732421875,292.739990234375,64694600,SPY
2018-10-04,258.08709716796875,289.44000244140625,291.239990234375,287.6600036621094,291.17999267578125,111545900,SPY
2018-10-05,256.6425476074219,287.82000732421875,290.2699890136719,286.2200012207031,289.69000244140625,105951700,SPY
2018-10-08,256.6425476074219,287.82000732421875,288.2200012207031,285.5,287.04998779296875,87742200,SPY
2018-10-09,256.2680969238281,287.3999938964844,288.8599853515625,286.7699890136719,287.3900146484375,74339000,SPY
2018-10-10,248.15371704101562,278.29998779296875,286.9100036621094,277.8800048828125,286.8299865722656,214731000,SPY
2018-10-11,242.68785095214844,272.1700134277344,278.8999938964844,270.3599853515625,277.0799865722656,274840500,SPY
2018-10-12,246.058349609375,275.95001220703125,277.0899963378906,272.3699951171875,276.7699890136719,183186500,SPY
2018-10-15,244.67625427246094,274.3999938964844,277.0400085449219,274.29998779296875,275.54998779296875,102263700,SPY
2018-10-16,250.02642822265625,280.3999938964844,280.82000732421875,276.07000732421875,276.6000061035156,118255800,SPY
2018-10-17,250.0708465576172,280.45001220703125,281.1499938964844,277.55999755859375,280.44000244140625,110626000,SPY
2018-10-18,246.45956420898438,276.3999938964844,280.07000732421875,274.9700012207031,279.3999938964844,134557500,SPY
2018-10-19,246.32582092285156,276.25,279.29998779296875,275.4700012207031,277.1300048828125,139901600,SPY
2018-10-22,245.22021484375,275.010009765625,277.3599853515625,274.4100036621094,277.0,82415800,SPY
2018-10-23,243.97183227539062,273.6099853515625,274.8699951171875,268.6099853515625,270.95001220703125,146352700,SPY
2018-10-24,236.57984924316406,265.32000732421875,273.760009765625,264.70001220703125,273.3299865722656,177806700,SPY
2018-10-25,240.82421875,270.0799865722656,271.80999755859375,266.2300109863281,267.3800048828125,138061500,SPY
2018-10-26,236.58871459960938,265.3299865722656,271.0,262.2900085449219,265.9200134277344,201574600,SPY
2018-10-29,235.27801513671875,263.8599853515625,270.25,259.8500061035156,268.79998779296875,160749100,SPY
2018-10-30,238.76443481445312,267.7699890136719,268.1199951171875,263.1199951171875,263.6700134277344,157116000,SPY
2018-10-31,241.3146514892578,270.6300048828125,273.2300109863281,270.1199951171875,270.6499938964844,128296300,SPY
2018-11-01,243.88265991210938,273.510009765625,273.7300109863281,270.3800048828125,271.6000061035156,99495000,SPY
2018-11-02,242.43817138671875,271.8900146484375,275.2300109863281,269.5899963378906,274.75,122634100,SPY
2018-11-05,243.77577209472656,273.3900146484375,274.010009765625,271.3500061035156,272.44000244140625,65622500,SPY
2018-11-06,245.3182830810547,275.1199951171875,275.29998779296875,273.25,273.32000732421875,60085900,SPY
2018-11-07,250.57017517089844,281.010009765625,281.1000061035156,277.0799865722656,277.55999755859375,102752100,SPY
2018-11-08,250.1155242919922,280.5,281.2200012207031,279.2200012207031,280.1099853515625,65584900,SPY
2018-11-09,247.6722412109375,277.760009765625,279.239990234375,276.17999267578125,279.0299987792969,98812600,SPY
2018-11-12,243.0444793701172,272.57000732421875,277.4599914550781,271.989990234375,277.19000244140625,99673600,SPY
2018-11-13,242.58970642089844,272.05999755859375,275.3299865722656,271.25,273.0899963378906,98176600,SPY
2018-11-14,240.93121337890625,270.20001220703125,274.6099853515625,268.45001220703125,274.1600036621094,125335900,SPY
2018-11-15,243.44573974609375,273.0199890136719,273.5400085449219,267.010009765625,268.7799987792969,135101400,SPY
2018-11-16,244.07887268066406,273.7300109863281,274.75,271.2099914550781,271.7900085449219,126668000,SPY
2018-11-19,239.95034790039062,269.1000061035156,273.3800048828125,268.07000732421875,273.04998779296875,103061700,SPY
2018-11-20,235.5098114013672,264.1199951171875,267.0,263.1499938964844,265.3599853515625,136021300,SPY
2018-11-21,236.3123016357422,265.0199890136719,267.1499938964844,265.010009765625,265.8599853515625,75563700,SPY
2018-11-23,234.73410034179688,263.25,264.82000732421875,263.07000732421875,263.17999267578125,42807900,SPY
2018-11-26,238.52365112304688,267.5,267.75,265.3399963378906,265.7799987792969,79981400,SPY
2018-11-27,239.32620239257812,268.3999938964844,268.3999938964844,265.6600036621094,266.3399963378906,75502400,SPY
2018-11-28,244.83677673339844,274.5799865722656,274.5799865722656,268.3299865722656,269.6000061035156,127629600,SPY
2018-11-29,244.30178833007812,273.9800109863281,275.54998779296875,272.42999267578125,273.7099914550781,82346400,SPY
2018-11-30,245.79086303710938,275.6499938964844,276.2799987792969,273.45001220703125,273.80999755859375,98204200,SPY
2018-12-03,249.04554748535156,279.29998779296875,280.3999938964844,277.510009765625,280.2799987792969,103176300,SPY
2018-12-04,240.97573852539062,270.25,278.8500061035156,269.8999938964844,278.3699951171875,177986000,SPY
2018-12-06,240.61016845703125,269.8399963378906,269.9700012207031,262.44000244140625,265.9200134277344,204185400,SPY
2018-12-07,235.0193634033203,263.57000732421875,271.2200012207031,262.6300048828125,269.4599914550781,161018900,SPY
2018-12-10,235.4652099609375,264.07000732421875,265.1600036621094,258.6199951171875,263.3699951171875,151445900,SPY
2018-12-11,235.51866149902344,264.1300048828125,267.8699951171875,262.4800109863281,267.6600036621094,121504400,SPY
2018-12-12,236.70460510253906,265.4599914550781,269.0,265.3699951171875,267.4700012207031,97976700,SPY
2018-12-13,236.62440490722656,265.3699951171875,267.489990234375,264.1199951171875,266.5199890136719,96662700,SPY
2018-12-14,232.25518798828125,260.4700012207031,264.0299987792969,259.8500061035156,262.9599914550781,116961100,SPY
2018-12-17,227.69873046875,255.36000061035156,260.6499938964844,253.52999877929688,259.3999938964844,165492300,SPY
2018-12-18,227.44908142089844,255.0800018310547,257.95001220703125,253.27999877929688,257.20001220703125,134515100,SPY
2018-12-19,224.04286193847656,251.25999450683594,259.3999938964844,249.35000610351562,255.1699981689453,214992800,SPY
2018-12-20,220.3958740234375,247.1699981689453,251.6199951171875,244.64999389648438,249.86000061035156,252053400,SPY
2018-12-21,215.88003540039062,240.6999969482422,249.7100067138672,239.97999572753906,246.74000549316406,255345600,SPY
2018-12-24,210.1758575439453,234.33999633789062,240.83999633789062,234.27000427246094,239.0399932861328,147311600,SPY
2018-12-26,220.79501342773438,246.17999267578125,246.17999267578125,233.75999450683594,235.97000122070312,218485400,SPY
2018-12-27,222.49014282226562,248.07000732421875,248.2899932861328,238.9600067138672,242.57000732421875,186267300,SPY
2018-12-28,222.203125,247.75,251.39999389648438,246.4499969482422,249.5800018310547,153100200,SPY
2018-12-31,224.14935302734375,249.9199981689453,250.19000244140625,247.47000122070312,249.55999755859375,144299400,SPY
2019-01-02,224.382568359375,250.17999267578125,251.2100067138672,245.9499969482422,245.97999572753906,126925200,SPY
2019-01-03,219.02810668945312,244.2100067138672,248.57000732421875,243.6699981689453,248.22999572753906,144140700,SPY
2019-01-04,226.3646697998047,252.38999938964844,253.11000061035156,247.1699981689453,247.58999633789062,142628800,SPY
2019-01-07,228.14947509765625,254.3800048828125,255.9499969482422,251.69000244140625,252.69000244140625,103139100,SPY
2019-01-08,230.29306030273438,256.7699890136719,257.30999755859375,254.0,256.82000732421875,102512600,SPY
2019-01-09,231.36929321289062,257.9700012207031,258.9100036621094,256.19000244140625,257.55999755859375,95006600,SPY
2019-01-10,232.18540954589844,258.8800048828125,259.1600036621094,255.5,256.260009765625,96823900,SPY
2019-01-11,232.27513122558594,258.9800109863281,259.010009765625,257.0299987792969,257.67999267578125,73858100,SPY
2019-01-14,230.8579864501953,257.3999938964844,258.29998779296875,256.4100036621094,256.8599853515625,70908200,SPY
2019-01-15,233.50387573242188,260.3500061035156,260.70001220703125,257.80999755859375,257.82000732421875,85208300,SPY
2019-01-16,234.0689239501953,260.9800109863281,261.9700012207031,260.6000061035156,260.8299865722656,77636700,SPY
2019-01-17,235.84471130371094,262.9599914550781,263.9200134277344,259.9599914550781,260.010009765625,96118400,SPY
2019-01-18,238.98374938964844,266.4599914550781,266.9800109863281,263.0,264.9800109863281,127900300,SPY
2019-01-22,235.75498962402344,262.8599853515625,265.05999755859375,261.05999755859375,264.82000732421875,115531200,SPY
2019-01-23,236.24835205078125,263.4100036621094,264.7900085449219,260.6600036621094,264.010009765625,86030300,SPY
2019-01-24,236.3738555908203,263.54998779296875,264.20001220703125,262.0799865722656,263.2099914550781,59204100,SPY
2019-01-25,238.37393188476562,265.7799987792969,266.70001220703125,263.6600036621094,265.6099853515625,96883400,SPY
2019-01-28,236.562255859375,263.760009765625,263.8299865722656,261.7900085449219,263.3900146484375,85613700,SPY
2019-01-29,236.24835205078125,263.4100036621094,264.54998779296875,262.4800109863281,263.9200134277344,66136300,SPY
2019-01-30,239.98828125,267.5799865722656,268.5199890136719,264.25,265.1000061035156,92473700,SPY
2019-01-31,242.09605407714844,269.92999267578125,270.4700012207031,267.2699890136719,267.510009765625,104012100,SPY
2019-02-01,242.21263122558594,270.05999755859375,271.20001220703125,269.17999267578125,270.1499938964844,85782500,SPY
2019-02-04,243.9166717529297,271.9599914550781,272.0299987792969,269.3599853515625,270.1099853515625,60744800,SPY
2019-02-05,244.9391326904297,273.1000061035156,273.44000244140625,271.8800048828125,272.44000244140625,79552800,SPY
2019-02-06,244.6162567138672,272.739990234375,273.3399963378906,271.9200134277344,272.7900085449219,58347800,SPY
2019-02-07,242.28439331054688,270.1400146484375,271.54998779296875,268.2900085449219,270.94000244140625,95482000,SPY
2019-02-08,242.58033752441406,270.4700012207031,270.5799865722656,267.8299865722656,268.75,75788900,SPY
2019-02-11,242.7147979736328,270.6199951171875,271.489990234375,270.0299987792969,271.20001220703125,68021400,SPY
2019-02-12,245.83602905273438,274.1000061035156,274.5199890136719,272.3399963378906,272.4200134277344,72270200,SPY
2019-02-13,246.63427734375,274.989990234375,275.92999267578125,274.55999755859375,275.0299987792969,65277200,SPY
2019-02-14,246.087158203125,274.3800048828125,275.6400146484375,272.8699951171875,273.7799987792969,83234400,SPY
2019-02-15,248.76885986328125,277.3699951171875,277.4100036621094,276.1300048828125,276.3599853515625,97088700,SPY
2019-02-19,249.19927978515625,277.8500061035156,278.5799865722656,276.4700012207031,276.4800109863281,59120800,SPY
2019-02-20,249.7015380859375,278.4100036621094,278.9200134277344,277.25,277.80999755859375,76610800,SPY
2019-02-21,248.81365966796875,277.4200134277344,278.1000061035156,276.3500061035156,277.70001220703125,64214700,SPY
2019-02-22,250.35630798339844,279.1400146484375,279.3599853515625,277.3999938964844,278.1099853515625,78114600,SPY
2019-02-25,250.6970977783203,279.5199890136719,281.30999755859375,279.42999267578125,280.7300109863281,69030700,SPY
2019-02-26,250.51779174804688,279.32000732421875,280.29998779296875,278.8999938964844,279.1300048828125,56844100,SPY
2019-02-27,250.41015625,279.20001220703125,279.5899963378906,277.4800109863281,278.5199890136719,56921600,SPY
2019-02-28,249.9438018798828,278.67999267578125,279.45001220703125,278.32000732421875,278.9599914550781,69268300,SPY
2019-03-01,251.50433349609375,280.4200134277344,280.8800048828125,278.82000732421875,280.44000244140625,78880500,SPY
2019-03-04,250.58944702148438,279.3999938964844,281.8699951171875,276.8399963378906,281.6000061035156,106494600,SPY
2019-03-05,250.2486572265625,279.0199890136719,279.760009765625,278.4100036621094,279.5400085449219,59114600,SPY
2019-03-06,248.7329559326172,277.3299865722656,279.1600036621094,276.9700012207031,279.1499938964844,75039800,SPY
2019-03-07,246.65220642089844,275.010009765625,276.989990234375,274.07000732421875,276.8299865722656,94885100,SPY
2019-03-08,246.15892028808594,274.4599914550781,274.6499938964844,272.4200134277344,272.94000244140625,85795800,SPY
2019-03-11,249.72848510742188,278.44000244140625,278.6199951171875,275.2300109863281,275.260009765625,65098900,SPY
2019-03-12,250.67022705078125,279.489990234375,280.07000732421875,278.8500061035156,279.05999755859375,79667500,SPY
2019-03-13,252.32945251464844,281.3399963378906,282.3800048828125,280.29998779296875,280.4800109863281,80639200,SPY
2019-03-14,252.16796875,281.1600036621094,281.8399963378906,280.6700134277344,281.3699951171875,67518400,SPY
2019-03-15,253.4138641357422,281.30999755859375,282.2099914550781,280.3299865722656,280.5400085449219,81309000,SPY
2019-03-18,254.3328094482422,282.3299865722656,282.6600036621094,281.29998779296875,281.54998779296875,62199800,SPY
2019-03-19,254.39584350585938,282.3999938964844,284.3599853515625,281.4100036621094,283.510009765625,90268100,SPY
2019-03-20,253.63003540039062,281.54998779296875,283.5,280.32000732421875,282.1600036621094,84609200,SPY
2019-03-21,256.4947204589844,284.7300109863281,285.17999267578125,280.5899963378906,280.6400146484375,79550400,SPY
2019-03-22,251.55819702148438,279.25,283.79998779296875,279.17999267578125,283.2200012207031,122659300,SPY
2019-03-25,251.36903381347656,279.0400085449219,280.19000244140625,277.6400146484375,278.8699951171875,85575200,SPY
2019-03-26,253.24264526367188,281.1199951171875,282.17999267578125,279.55999755859375,280.989990234375,68125900,SPY
2019-03-27,251.9184112548828,279.6499938964844,281.760009765625,277.92999267578125,281.1099853515625,72224700,SPY
2019-03-28,252.8734130859375,280.7099914550781,281.2099914550781,279.07000732421875,280.3500061035156,56238500,SPY
2019-03-29,254.46780395507812,282.4800109863281,282.8399963378906,281.1400146484375,282.3900146484375,82186800,SPY
2019-04-01,257.48565673828125,285.8299865722656,286.1600036621094,284.3999938964844,284.70001220703125,77617900,SPY
2019-04-02,257.61175537109375,285.9700012207031,286.2300109863281,285.0899963378906,286.0400085449219,40070400,SPY
2019-04-03,258.0171813964844,286.4200134277344,287.760009765625,285.75,287.32000732421875,68243200,SPY
2019-04-04,258.70166015625,287.17999267578125,287.4599914550781,286.010009765625,286.7799987792969,48997500,SPY
2019-04-05,259.9538879394531,288.57000732421875,288.6300048828125,287.6000061035156,287.9200134277344,58621700,SPY
2019-04-08,260.15203857421875,288.7900085449219,288.9100036621094,287.3699951171875,288.1000061035156,53566300,SPY
2019-04-09,258.8188781738281,287.30999755859375,288.0799865722656,286.70001220703125,287.7200012207031,66142300,SPY
2019-04-10,259.70184326171875,288.2900085449219,288.3900146484375,287.30999755859375,287.7699890136719,52601500,SPY
2019-04-11,259.6296691894531,288.2099914550781,288.8399963378906,287.5799865722656,288.8299865722656,55093100,SPY
2019-04-12,261.3862609863281,290.1600036621094,290.4700012207031,288.260009765625,290.0,69727800,SPY
2019-04-15,261.2151794433594,289.9700012207031,290.3500061035156,289.0799865722656,290.239990234375,49596700,SPY
2019-04-16,261.3862609863281,290.1600036621094,291.010009765625,289.5,290.95001220703125,52153200,SPY
2019-04-17,260.7466735839844,289.45001220703125,291.42999267578125,288.989990234375,291.3999938964844,58268300,SPY
2019-04-18,261.2601623535156,290.0199890136719,290.32000732421875,288.6600036621094,290.1000061035156,68708500,SPY
2019-04-22,261.4853820800781,290.2699890136719,290.44000244140625,289.07000732421875,289.1700134277344,40160100,SPY
2019-04-23,263.8365173339844,292.8800048828125,293.1400146484375,290.4200134277344,290.67999267578125,52246600,SPY
2019-04-24,263.25103759765625,292.2300109863281,293.1600036621094,292.07000732421875,292.7900085449219,50392900,SPY
2019-04-25,263.0888671875,292.04998779296875,292.7799987792969,290.7300109863281,292.1199951171875,57770900,SPY
2019-04-26,264.31396484375,293.4100036621094,293.489990234375,291.239990234375,292.1000061035156,50916400,SPY
2019-04-29,264.7283630371094,293.8699951171875,294.45001220703125,293.4100036621094,293.510009765625,57197700,SPY
2019-04-30,264.8634338378906,294.0199890136719,294.3399963378906,291.9200134277344,293.489990234375,81111700,SPY
2019-05-01,262.8725891113281,291.80999755859375,294.95001220703125,291.79998779296875,294.7200012207031,71671900,SPY
2019-05-02,262.3050842285156,291.17999267578125,292.70001220703125,289.5199890136719,291.67999267578125,65030200,SPY
2019-05-03,264.8724670410156,294.0299987792969,294.3399963378906,291.29998779296875,292.82000732421875,56543700,SPY
2019-05-06,263.782470703125,292.82000732421875,293.30999755859375,288.8999938964844,289.25,107198100,SPY
2019-05-07,259.37738037109375,287.92999267578125,290.80999755859375,285.80999755859375,290.1499938964844,144729900,SPY
2019-05-08,259.01708984375,287.5299987792969,289.42999267578125,286.8699951171875,287.5299987792969,91568300,SPY
2019-05-09,258.23333740234375,286.6600036621094,287.3299865722656,283.29998779296875,285.2300109863281,103471100,SPY
2019-05-10,259.5305480957031,288.1000061035156,288.94000244140625,282.29998779296875,285.6199951171875,112429300,SPY
2019-05-13,253.0084991455078,280.8599853515625,283.489990234375,279.92999267578125,282.4200134277344,127290500,SPY
2019-05-14,255.29661560058594,283.3999938964844,285.1000061035156,281.8500061035156,281.989990234375,77003200,SPY
2019-05-15,256.7919921875,285.05999755859375,285.7699890136719,281.3599853515625,281.5899963378906,73956400,SPY
2019-05-16,259.1702880859375,287.70001220703125,289.2099914550781,285.760009765625,285.8399963378906,76749600,SPY
2019-05-17,257.4946594238281,285.8399963378906,288.6000061035156,285.1199951171875,285.1400146484375,100353000,SPY
2019-05-20,255.79205322265625,283.95001220703125,285.9599914550781,283.1199951171875,284.05999755859375,62877600,SPY
2019-05-21,258.0981750488281,286.510009765625,286.92999267578125,285.54998779296875,285.8299865722656,46847100,SPY
2019-05-22,257.3055419921875,285.6300048828125,286.69000244140625,285.1000061035156,285.45001220703125,49482500,SPY
2019-05-23,254.1616668701172,282.1400146484375,283.2099914550781,280.57000732421875,283.1600036621094,98733800,SPY
2019-05-24,254.73806762695312,282.7799987792969,284.20001220703125,282.0899963378906,283.739990234375,55268100,SPY
2019-05-28,252.36898803710938,280.1499938964844,284.1499938964844,280.1300048828125,283.0899963378906,70029400,SPY
2019-05-29,250.67529296875,278.2699890136719,279.3599853515625,276.7099914550781,278.9100036621094,104972900,SPY
2019-05-30,251.36000061035156,279.0299987792969,280.0400085449219,277.80999755859375,279.1099853515625,62523800,SPY
2019-05-31,247.9728240966797,275.2699890136719,277.1199951171875,275.239990234375,276.20001220703125,86862800,SPY
2019-06-03,247.3422088623047,274.57000732421875,276.54998779296875,273.0899963378906,275.30999755859375,96428000,SPY
2019-06-04,252.71121215820312,280.5299987792969,280.67999267578125,276.6199951171875,277.1199951171875,77231900,SPY
2019-06-05,254.90028381347656,282.9599914550781,282.989990234375,280.32000732421875,282.3299865722656,71169700,SPY
2019-06-06,256.5577392578125,284.79998779296875,285.54998779296875,282.57000732421875,283.2900085449219,69430400,SPY
2019-06-07,259.12518310546875,287.6499938964844,288.8500061035156,285.739990234375,285.92999267578125,74272200,SPY
2019-06-10,260.3141784667969,288.9700012207031,290.82000732421875,288.8699951171875,289.3699951171875,60799100,SPY
2019-06-11,260.251220703125,288.8999938964844,291.3999938964844,288.17999267578125,290.989990234375,58641300,SPY
2019-06-12,259.79180908203125,288.3900146484375,289.260009765625,287.82000732421875,288.6400146484375,47096300,SPY
2019-06-13,260.8637390136719,289.5799865722656,289.9800109863281,288.6199951171875,289.3999938964844,48945200,SPY
2019-06-14,260.5755310058594,289.260009765625,289.92999267578125,288.4100036621094,289.260009765625,52324700,SPY
2019-06-17,260.6745300292969,289.3699951171875,290.2200012207031,289.17999267578125,289.5199890136719,39205700,SPY
2019-06-18,263.4041748046875,292.3999938964844,293.57000732421875,290.989990234375,291.3900146484375,85434800,SPY
2019-06-19,263.9987487792969,293.05999755859375,293.6499938964844,291.4700012207031,292.54998779296875,78674400,SPY
2019-06-20,266.5209655761719,295.8599853515625,296.30999755859375,293.1300048828125,296.0400085449219,116570000,SPY
2019-06-21,266.1335754394531,294.0,295.5199890136719,293.760009765625,294.1300048828125,83309500,SPY
2019-06-24,265.8077392578125,293.6400146484375,294.5799865722656,293.4700012207031,294.2300109863281,47582700,SPY
2019-06-25,263.2007141113281,290.760009765625,293.7300109863281,290.6400146484375,293.70001220703125,82028700,SPY
2019-06-26,262.9381103515625,290.4700012207031,292.30999755859375,290.3500061035156,291.75,51584900,SPY
2019-06-27,263.8705749511719,291.5,292.05999755859375,290.8900146484375,291.30999755859375,40355200,SPY
2019-06-28,265.2284240722656,293.0,293.54998779296875,292.010009765625,292.5799865722656,59350900,SPY
2019-07-01,267.63623046875,295.6600036621094,296.9200134277344,294.3299865722656,296.67999267578125,78705600,SPY
2019-07-02,268.33331298828125,296.42999267578125,296.489990234375,294.67999267578125,295.6099853515625,61504500,SPY
2019-07-03,270.4786376953125,298.79998779296875,298.82000732421875,297.0199890136719,297.17999267578125,40898900,SPY
2019-07-05,270.1708679199219,298.4599914550781,298.6400146484375,296.010009765625,297.44000244140625,51677300,SPY
2019-07-08,268.68634033203125,296.82000732421875,298.260009765625,296.2200012207031,297.010009765625,45841800,SPY
2019-07-09,269.0212097167969,297.19000244140625,297.5199890136719,295.4800109863281,295.5400085449219,41101300,SPY
2019-07-10,270.3066101074219,298.6099853515625,299.6600036621094,297.7799987792969,298.3699951171875,58448500,SPY
2019-07-11,270.940185546875,299.30999755859375,299.5799865722656,298.20001220703125,299.32000732421875,50826100,SPY
2019-07-12,272.1532897949219,300.6499938964844,300.7300109863281,299.510009765625,299.8500061035156,40326000,SPY
2019-07-15,272.2436828613281,300.75,301.1300048828125,300.19000244140625,301.1300048828125,33900000,SPY
2019-07-16,271.3658142089844,299.7799987792969,300.8800048828125,299.44000244140625,300.6499938964844,36650100,SPY
2019-07-17,269.51910400390625,297.739990234375,299.92999267578125,297.739990234375,299.75,36036300,SPY
2019-07-18,270.5058898925781,298.8299865722656,299.25,296.70001220703125,297.19000244140625,51392600,SPY
2019-07-19,269.003173828125,297.1700134277344,300.07000732421875,296.9800109863281,300.0400085449219,58678600,SPY
2019-07-22,269.6639099121094,297.8999938964844,298.5,297.0400085449219,297.6099853515625,43638100,SPY
2019-07-23,271.5920104980469,300.0299987792969,300.0299987792969,298.2200012207031,299.1400146484375,44564500,SPY
2019-07-24,272.868408203125,301.44000244140625,301.44000244140625,299.0899963378906,299.19000244140625,47213200,SPY
2019-07-25,271.56488037109375,300.0,301.0,299.1099853515625,300.94000244140625,55394100,SPY
2019-07-26,273.38433837890625,302.010009765625,302.2300109863281,300.6199951171875,300.760009765625,45084100,SPY
2019-07-29,272.8864440917969,301.4599914550781,302.010009765625,300.8500061035156,301.8800048828125,38126500,SPY
2019-07-30,272.2166442871094,300.7200012207031,301.1700134277344,299.489990234375,299.9100036621094,45849000,SPY
2019-07-31,269.2384948730469,297.42999267578125,301.20001220703125,295.20001220703125,300.989990234375,104245200,SPY
2019-08-01,266.8940124511719,294.8399963378906,300.8699951171875,293.9599914550781,297.6000061035156,142646600,SPY
2019-08-02,264.8843688964844,292.6199951171875,294.1199951171875,290.8999938964844,293.8500061035156,116749700,SPY
2019-08-05,256.9184875488281,283.82000732421875,288.2099914550781,281.7200012207031,288.0899963378906,178745400,SPY
2019-08-06,260.52117919921875,287.79998779296875,288.0400085449219,284.2799987792969,285.9100036621094,120711700,SPY
2019-08-07,260.67523193359375,287.9700012207031,288.82000732421875,282.0400085449219,284.3999938964844,140572300,SPY
2019-08-08,265.78961181640625,293.6199951171875,293.6199951171875,289.010009765625,289.6199951171875,87713900,SPY
2019-08-09,263.9791259765625,291.6199951171875,293.239990234375,289.6499938964844,292.5799865722656,93730000,SPY
2019-08-12,260.7657165527344,288.07000732421875,291.6099853515625,287.0199890136719,289.9599914550781,65527600,SPY
2019-08-13,264.821044921875,292.54998779296875,294.1499938964844,287.3599853515625,287.739990234375,94299800,SPY
2019-08-14,256.9909362792969,283.8999938964844,288.739990234375,283.760009765625,288.07000732421875,135622100,SPY
2019-08-15,257.66973876953125,284.6499938964844,285.6400146484375,282.3900146484375,284.8800048828125,99556600,SPY
2019-08-16,261.4717102050781,288.8500061035156,289.3299865722656,284.7099914550781,286.4800109863281,83018300,SPY
2019-08-19,264.6219177246094,292.3299865722656,293.0799865722656,291.44000244140625,292.19000244140625,53571800,SPY
2019-08-20,262.5941162109375,290.0899963378906,292.3599853515625,289.95001220703125,291.7699890136719,51596400,SPY
2019-08-21,264.7304992675781,292.45001220703125,292.8599853515625,291.7200012207031,292.4800109863281,49524700,SPY
2019-08-22,264.6490173339844,292.3599853515625,293.92999267578125,290.3999938964844,293.2300109863281,51666400,SPY
2019-08-23,257.8508605957031,284.8500061035156,292.760009765625,283.4700012207031,290.9200134277344,149161500,SPY
2019-08-26,260.7022399902344,288.0,288.0,285.5799865722656,287.2699890136719,72423800,SPY
2019-08-27,259.6794128417969,286.8699951171875,289.95001220703125,286.0299987792969,289.5400085449219,66668900,SPY
2019-08-28,261.5079650878906,288.8900146484375,289.07000732421875,285.25,286.1400146484375,59696700,SPY
2019-08-29,264.8481750488281,292.5799865722656,293.1600036621094,290.6099853515625,291.7200012207031,57899400,SPY
2019-08-30,264.7304992675781,292.45001220703125,294.239990234375,291.4200134277344,294.2200012207031,62901200,SPY
2019-09-03,263.1826477050781,290.739990234375,291.5799865722656,289.2699890136719,290.57000732421875,69101400,SPY
2019-09-04,266.1697998046875,294.0400085449219,294.05999755859375,292.30999755859375,293.1400146484375,46887300,SPY
2019-09-05,269.591552734375,297.82000732421875,298.8299865722656,294.0,296.7900085449219,83258100,SPY
2019-09-06,269.7997131347656,298.04998779296875,298.760009765625,297.4200134277344,298.1700134277344,49584300,SPY
2019-09-09,269.935546875,298.20001220703125,299.239990234375,297.1600036621094,299.1400146484375,51260300,SPY
2019-09-10,269.87213134765625,298.1300048828125,298.20001220703125,295.9700012207031,297.3599853515625,57947100,SPY
2019-09-11,271.79119873046875,300.25,300.3399963378906,297.75,298.4700012207031,68821100,SPY
2019-09-12,272.73260498046875,301.2900085449219,302.4599914550781,300.4100036621094,301.25,72908700,SPY
2019-09-13,272.5514831542969,301.0899963378906,302.1700134277344,300.67999267578125,301.7799987792969,62104800,SPY
2019-09-16,271.7096862792969,300.1600036621094,301.1400146484375,299.45001220703125,299.8399963378906,58191200,SPY
2019-09-17,272.39764404296875,300.9200134277344,301.0199890136719,299.75,299.94000244140625,41475500,SPY
2019-09-18,272.5606384277344,301.1000061035156,301.2200012207031,298.239990234375,300.489990234375,73375800,SPY
2019-09-19,272.5425109863281,301.0799865722656,302.6300048828125,300.7099914550781,301.5299987792969,76560500,SPY
2019-09-20,271.2548522949219,298.2799987792969,300.6700134277344,297.4100036621094,300.3599853515625,89565000,SPY
2019-09-23,271.191162109375,298.2099914550781,299.0,297.2699890136719,297.54998779296875,43476800,SPY
2019-09-24,269.0631103515625,295.8699951171875,299.8399963378906,294.80999755859375,299.4100036621094,94869400,SPY
2019-09-25,270.65460205078125,297.6199951171875,298.1099853515625,294.3299865722656,295.9599914550781,71854000,SPY
2019-09-26,270.09075927734375,297.0,297.8599853515625,295.45001220703125,297.6300048828125,56179700,SPY
2019-09-27,268.6357727050781,295.3999938964844,297.95001220703125,293.69000244140625,297.8299865722656,84746600,SPY
2019-09-30,269.8816223144531,296.7699890136719,297.54998779296875,295.9200134277344,295.9700012207031,51662400,SPY
2019-10-01,266.6714172363281,293.239990234375,298.4599914550781,293.0,297.739990234375,88242400,SPY
2019-10-02,261.96075439453125,288.05999755859375,291.510009765625,286.6400146484375,291.5,122539500,SPY
2019-10-03,264.10693359375,290.4200134277344,290.45001220703125,284.82000732421875,287.80999755859375,85278800,SPY
2019-10-04,267.6808776855469,294.3500061035156,294.6300048828125,291.0799865722656,291.1400146484375,65091200,SPY
2019-10-07,266.52593994140625,293.0799865722656,295.260009765625,292.7699890136719,293.4700012207031,59610500,SPY
2019-10-08,262.38812255859375,288.5299987792969,291.8500061035156,288.489990234375,291.0400085449219,95708100,SPY
2019-10-09,264.87994384765625,291.2699890136719,292.29998779296875,290.05999755859375,290.75,62359400,SPY
2019-10-10,266.6714172363281,293.239990234375,294.2099914550781,291.0,291.17999267578125,55296300,SPY
2019-10-11,269.43603515625,296.2799987792969,298.739990234375,296.1400146484375,296.2699890136719,98720400,SPY
2019-10-14,269.13592529296875,295.95001220703125,296.6700134277344,295.57000732421875,295.92999267578125,40394800,SPY
2019-10-15,271.8004150390625,298.8800048828125,299.70001220703125,296.9700012207031,297.1000061035156,46754500,SPY
2019-10-16,271.3639221191406,298.3999938964844,299.1600036621094,297.9200134277344,298.3699951171875,48928200,SPY
2019-10-17,272.1641540527344,299.2799987792969,300.239990234375,298.5199890136719,299.67999267578125,45736600,SPY
2019-10-18,270.9728088378906,297.9700012207031,299.3999938964844,297.0299987792969,298.69000244140625,64304000,SPY
2019-10-21,272.8099060058594,299.989990234375,300.2099914550781,298.94000244140625,299.4200134277344,39048600,SPY
2019-10-22,271.91864013671875,299.010009765625,300.8999938964844,298.9100036621094,300.5799865722656,48594700,SPY
2019-10-23,272.7098693847656,299.8800048828125,299.94000244140625,298.5,298.7300109863281,34352200,SPY
2019-10-24,273.15545654296875,300.3699951171875,301.07000732421875,299.4599914550781,300.9100036621094,35453100,SPY
2019-10-25,274.27398681640625,301.6000061035156,302.20001220703125,299.67999267578125,299.739990234375,45205400,SPY
2019-10-28,275.81988525390625,303.29998779296875,303.8500061035156,302.9100036621094,302.94000244140625,42147000,SPY
2019-10-29,275.7381591796875,303.2099914550781,304.2300109863281,302.8599853515625,303.0,44284900,SPY
2019-10-30,276.58392333984375,304.1400146484375,304.54998779296875,301.989990234375,303.42999267578125,49643900,SPY
2019-10-31,275.8472595214844,303.3299865722656,304.1300048828125,301.7300109863281,304.1300048828125,69053800,SPY
2019-11-01,278.4027099609375,306.1400146484375,306.19000244140625,304.739990234375,304.9200134277344,71141500,SPY
2019-11-04,279.52117919921875,307.3699951171875,308.0,306.9599914550781,307.8500061035156,60606900,SPY
2019-11-05,279.2120361328125,307.0299987792969,307.9200134277344,306.7099914550781,307.5899963378906,42933200,SPY
2019-11-06,279.27569580078125,307.1000061035156,307.3999938964844,306.05999755859375,307.0299987792969,46487100,SPY
2019-11-07,280.2578430175781,308.17999267578125,309.6499938964844,307.6600036621094,308.57000732421875,54272300,SPY
2019-11-08,280.948974609375,308.94000244140625,309.0,307.0299987792969,307.79998779296875,49032100,SPY
2019-11-11,280.412353515625,308.3500061035156,308.5400085449219,307.2699890136719,307.4200134277344,35797300,SPY
2019-11-12,281.00347900390625,309.0,309.989990234375,308.1499938964844,308.75,46484600,SPY
2019-11-13,281.094482421875,309.1000061035156,309.5400085449219,307.6600036621094,307.9100036621094,53917700,SPY
2019-11-14,281.50360107421875,309.54998779296875,309.6400146484375,308.0899963378906,308.7900085449219,51219900,SPY
2019-11-15,283.5408020019531,311.7900085449219,311.8399963378906,310.260009765625,311.0199890136719,62023600,SPY
2019-11-18,283.7498779296875,312.0199890136719,312.2799987792969,311.0299987792969,311.5299987792969,49228000,SPY
2019-11-19,283.6680908203125,311.92999267578125,312.69000244140625,311.2200012207031,312.67999267578125,67804700,SPY
2019-11-20,282.6131591796875,310.7699890136719,311.8500061035156,309.05999755859375,311.2799987792969,79406200,SPY
2019-11-21,282.158447265625,310.2699890136719,311.010009765625,309.3900146484375,310.8900146484375,54664700,SPY
2019-11-22,282.78594970703125,310.9599914550781,311.239990234375,309.8500061035156,311.0899963378906,44850200,SPY
2019-11-25,284.9776306152344,313.3699951171875,313.3699951171875,311.9800109863281,311.9800109863281,48647200,SPY
2019-11-26,285.6232604980469,314.0799865722656,314.2799987792969,313.05999755859375,313.4100036621094,37569000,SPY
2019-11-27,286.89642333984375,315.4800109863281,315.4800109863281,314.3699951171875,314.6099853515625,44444600,SPY
2019-11-29,285.83245849609375,314.30999755859375,315.1300048828125,314.05999755859375,314.8599853515625,36592700,SPY
2019-12-02,283.4043884277344,311.6400146484375,314.6600036621094,311.1700134277344,314.5899963378906,75767800,SPY
2019-12-03,281.50360107421875,309.54998779296875,309.6400146484375,307.1300048828125,308.6499938964844,73941700,SPY
2019-12-04,283.2406005859375,311.4599914550781,312.1199951171875,310.32000732421875,310.70001220703125,49080000,SPY
2019-12-05,283.7498779296875,312.0199890136719,312.25,310.5799865722656,312.2300109863281,40709000,SPY
2019-12-06,286.3416748046875,314.8699951171875,315.30999755859375,314.1099853515625,314.1199951171875,48927000,SPY
2019-12-09,285.44140625,313.8800048828125,315.17999267578125,313.79998779296875,314.44000244140625,34838500,SPY
2019-12-10,285.12310791015625,313.5299987792969,314.54998779296875,312.80999755859375,313.82000732421875,52649800,SPY
2019-12-11,285.9324645996094,314.4200134277344,314.70001220703125,313.44000244140625,314.0299987792969,53429100,SPY
2019-12-12,288.3968505859375,317.1300048828125,317.989990234375,314.1700134277344,314.42999267578125,96389600,SPY
2019-12-13,288.56982421875,317.32000732421875,318.6700134277344,316.0199890136719,316.8699951171875,81503900,SPY
2019-12-16,290.5521240234375,319.5,320.1499938964844,317.25,319.2200012207031,82749700,SPY
2019-12-17,290.6158752441406,319.57000732421875,320.25,319.4800109863281,319.9200134277344,61097700,SPY
2019-12-18,290.6340026855469,319.5899963378906,320.25,319.5299987792969,320.0,48133000,SPY
2019-12-19,291.8253479003906,320.8999938964844,320.9800109863281,319.5199890136719,319.79998779296875,85310500,SPY
2019-12-20,293.104736328125,320.7300109863281,321.9700012207031,319.3900146484375,320.4599914550781,147142100,SPY
2019-12-23,293.5526123046875,321.2200012207031,321.6499938964844,321.05999755859375,321.5899963378906,52990000,SPY
2019-12-24,293.5617370605469,321.2300109863281,321.5199890136719,320.8999938964844,321.4700012207031,20270000,SPY
2019-12-26,295.1244201660156,322.94000244140625,322.95001220703125,321.6400146484375,321.6499938964844,30911200,SPY
2019-12-27,295.05126953125,322.8599853515625,323.79998779296875,322.2799987792969,323.739990234375,42528800,SPY
2019-12-30,293.42462158203125,321.0799865722656,323.1000061035156,320.54998779296875,322.95001220703125,49729100,SPY
2019-12-31,294.137451171875,321.8599853515625,322.1300048828125,320.1499938964844,320.5299987792969,57077300,SPY
2020-01-02,296.8880920410156,324.8699951171875,324.8900146484375,322.5299987792969,323.5400085449219,59151200,SPY
2020-01-03,294.6399841308594,322.4100036621094,323.6400146484375,321.1000061035156,321.1600036621094,77709700,SPY
2020-01-06,295.76409912109375,323.6400146484375,323.7300109863281,320.3599853515625,320.489990234375,55653900,SPY
2020-01-07,294.9324951171875,322.7300109863281,323.5400085449219,322.239990234375,323.0199890136719,40496400,SPY
2020-01-08,296.5043640136719,324.45001220703125,325.7799987792969,322.6700134277344,322.94000244140625,68296000,SPY
2020-01-09,298.5149230957031,326.6499938964844,326.7300109863281,325.5199890136719,326.1600036621094,48473300,SPY
2020-01-10,297.6558532714844,325.7099914550781,327.4599914550781,325.20001220703125,327.2900085449219,53029300,SPY
2020-01-13,299.70294189453125,327.95001220703125,327.9599914550781,325.9200134277344,326.3900146484375,47086800,SPY
2020-01-14,299.2459411621094,327.45001220703125,328.6199951171875,326.8399963378906,327.4700012207031,62832800,SPY
2020-01-15,299.9222412109375,328.19000244140625,329.0199890136719,327.260009765625,327.3500061035156,72056600,SPY
2020-01-16,302.4170837402344,330.9200134277344,330.9200134277344,329.45001220703125,329.70001220703125,54050300,SPY
2020-01-17,303.3583679199219,331.95001220703125,332.17999267578125,330.8500061035156,331.70001220703125,95846000,SPY
2020-01-21,302.7643737792969,331.29998779296875,332.17999267578125,330.82000732421875,330.8999938964844,77742400,SPY
2020-01-22,302.80084228515625,331.3399963378906,332.95001220703125,331.1700134277344,332.239990234375,48914900,SPY
2020-01-23,303.14825439453125,331.7200012207031,332.1700134277344,329.4100036621094,330.6300048828125,51963000,SPY
2020-01-24,300.4522705078125,328.7699890136719,332.5299987792969,327.3599853515625,332.44000244140625,87578400,SPY
2020-01-27,295.63616943359375,323.5,325.1199951171875,322.6600036621094,323.0299987792969,84062500,SPY
2020-01-28,298.7342224121094,326.8900146484375,327.8500061035156,323.6000061035156,325.05999755859375,63834000,SPY
2020-01-29,298.48748779296875,326.6199951171875,328.6300048828125,326.3999938964844,328.3800048828125,53888900,SPY
2020-01-30,299.4560852050781,327.67999267578125,327.9100036621094,323.5400085449219,324.3599853515625,75491800,SPY
2020-01-31,294.01873779296875,321.7300109863281,327.1700134277344,320.7300109863281,327.0,113845600,SPY
2020-02-03,296.2028503417969,324.1199951171875,326.1600036621094,323.2200012207031,323.3500061035156,69083000,SPY
2020-02-04,300.71728515625,329.05999755859375,330.010009765625,327.7200012207031,328.07000732421875,62573200,SPY
2020-02-05,304.19000244140625,332.8599853515625,333.0899963378906,330.6700134277344,332.2699890136719,65951100,SPY
2020-02-06,305.2135009765625,333.9800109863281,334.19000244140625,332.79998779296875,333.9100036621094,50359700,SPY
2020-02-07,303.5868835449219,332.20001220703125,333.989990234375,331.6000061035156,332.82000732421875,64139400,SPY
2020-02-10,305.8531799316406,334.67999267578125,334.75,331.19000244140625,331.2300109863281,42070000,SPY
2020-02-11,306.38330078125,335.260009765625,337.0199890136719,334.67999267578125,336.1600036621094,54864500,SPY
2020-02-12,308.3572692871094,337.4200134277344,337.6499938964844,336.42999267578125,336.8299865722656,43992700,SPY
2020-02-13,308.0281677246094,337.05999755859375,338.1199951171875,335.55999755859375,335.8599853515625,54501900,SPY
2020-02-14,308.5216979980469,337.6000061035156,337.7300109863281,336.20001220703125,337.510009765625,64582200,SPY
2020-02-18,307.7266845703125,336.7300109863281,337.6700134277344,335.2099914550781,336.510009765625,57226200,SPY
2020-02-19,309.1979064941406,338.3399963378906,339.0799865722656,337.4800109863281,337.7900085449219,48814700,SPY
2020-02-20,307.9277648925781,336.95001220703125,338.6400146484375,333.67999267578125,337.739990234375,74163400,SPY
2020-02-21,304.7566223144531,333.4800109863281,335.80999755859375,332.5799865722656,335.4700012207031,113788200,SPY
2020-02-24,294.649169921875,322.4200134277344,333.55999755859375,321.239990234375,323.1400146484375,161088400,SPY
2020-02-25,285.7207336425781,312.6499938964844,324.6099853515625,311.69000244140625,323.94000244140625,218913200,SPY
2020-02-26,284.66973876953125,311.5,318.1099853515625,310.70001220703125,314.17999267578125,194773800,SPY
2020-02-27,271.884765625,297.510009765625,311.55999755859375,297.510009765625,305.4599914550781,284353500,SPY
2020-02-28,270.7424621582031,296.260009765625,297.8900146484375,285.5400085449219,288.70001220703125,384975800,SPY
2020-03-02,282.4674072265625,309.0899963378906,309.1600036621094,294.4599914550781,298.2099914550781,238703600,SPY
2020-03-03,274.37957763671875,300.239990234375,313.8399963378906,297.57000732421875,309.5,300139100,SPY
2020-03-04,285.9126281738281,312.8599853515625,313.1000061035156,303.3299865722656,306.1199951171875,176613400,SPY
2020-03-05,276.4084777832031,302.4599914550781,308.4700012207031,300.010009765625,304.9800109863281,186366800,SPY
2020-03-06,271.83905029296875,297.4599914550781,298.7799987792969,290.2300109863281,293.1499938964844,228667200,SPY
2020-03-09,250.60989379882812,274.2300109863281,284.19000244140625,273.45001220703125,275.29998779296875,309417300,SPY
2020-03-10,263.57763671875,288.4200134277344,288.5199890136719,273.5,284.6400146484375,276444100,SPY
2020-03-11,250.72865295410156,274.3599853515625,281.94000244140625,270.8800048828125,280.70001220703125,255316300,SPY
2020-03-12,226.73968505859375,248.11000061035156,266.6600036621094,247.67999267578125,256.0,392220700,SPY
2020-03-13,246.12283325195312,269.32000732421875,271.4800109863281,248.52000427246094,263.0899963378906,329566100,SPY
2020-03-16,219.19113159179688,239.85000610351562,256.8999938964844,237.36000061035156,241.17999267578125,297240000,SPY
2020-03-17,231.02572631835938,252.8000030517578,256.1700134277344,237.07000732421875,245.0399932861328,262070500,SPY
2020-03-18,219.3282470703125,240.0,248.3699951171875,228.02000427246094,236.25,327597100,SPY
2020-03-19,219.7942657470703,240.50999450683594,247.3800048828125,232.22000122070312,239.25,289322000,SPY
2020-03-20,210.32244873046875,228.8000030517578,244.47000122070312,228.5,242.52999877929688,347158800,SPY
2020-03-23,204.9448699951172,222.9499969482422,229.67999267578125,218.25999450683594,228.19000244140625,326025200,SPY
2020-03-24,223.5135498046875,243.14999389648438,244.10000610351562,233.8000030517578,234.4199981689453,235494500,SPY
2020-03-25,226.85958862304688,246.7899932861328,256.3500061035156,239.75,244.8699951171875,299430300,SPY
2020-03-26,240.10586547851562,261.20001220703125,262.79998779296875,249.0500030517578,249.52000427246094,257632800,SPY
2020-03-27,232.9541473388672,253.4199981689453,260.80999755859375,251.0500030517578,253.27000427246094,224341200,SPY
2020-03-30,240.51953125,261.6499938964844,262.42999267578125,253.52999877929688,255.6999969482422,171369500,SPY
2020-03-31,236.9344940185547,257.75,263.3299865722656,256.2200012207031,260.55999755859375,194881100,SPY
2020-04-01,226.2712860107422,246.14999389648438,257.6600036621094,243.89999389648438,247.97999572753906,189554600,SPY
2020-04-02,231.49253845214844,251.8300018310547,252.67999267578125,244.58999633789062,245.19000244140625,177660400,SPY
2020-04-03,228.1465606689453,248.19000244140625,253.32000732421875,245.22000122070312,250.75999450683594,135561200,SPY
2020-04-06,243.4702606201172,264.8599853515625,267.0,248.1699981689453,257.8399963378906,188061200,SPY
2020-04-07,243.71849060058594,265.1300048828125,275.0299987792969,264.8900146484375,274.2099914550781,201427200,SPY
2020-04-08,251.89971923828125,274.0299987792969,276.0,265.25,267.9599914550781,153774500,SPY
2020-04-09,255.73291015625,278.20001220703125,281.20001220703125,275.4700012207031,277.5799865722656,189999200,SPY
2020-04-13,253.3980712890625,275.6600036621094,277.510009765625,271.4100036621094,277.1400146484375,114839100,SPY
2020-04-14,260.87158203125,283.7900085449219,284.8999938964844,275.510009765625,280.9800109863281,134143400,SPY
2020-04-15,255.32852172851562,277.760009765625,283.94000244140625,275.4599914550781,277.57000732421875,121775000,SPY
2020-04-16,256.560302734375,279.1000061035156,280.0299987792969,275.760009765625,279.1499938964844,131798300,SPY
2020-04-17,263.4913635253906,286.6400146484375,287.29998779296875,282.3999938964844,285.3800048828125,146684800,SPY
2020-04-20,258.84918212890625,281.5899963378906,286.7900085449219,281.3500061035156,282.6099853515625,100109300,SPY
2020-04-21,250.9897003173828,273.0400085449219,278.0400085449219,272.0199890136719,276.7300109863281,126385700,SPY
2020-04-22,256.560302734375,279.1000061035156,281.0,276.9100036621094,278.3500061035156,92951600,SPY
2020-04-23,256.5418701171875,279.0799865722656,283.94000244140625,278.75,280.489990234375,104709700,SPY
2020-04-24,260.1177978515625,282.9700012207031,283.70001220703125,278.5,280.7300109863281,85063200,SPY
2020-04-27,263.86822509765625,287.04998779296875,288.2699890136719,284.6199951171875,285.1199951171875,77896600,SPY
2020-04-28,262.6548767089844,285.7300109863281,291.3999938964844,285.3999938964844,291.0199890136719,105270000,SPY
2020-04-29,269.5307922363281,293.2099914550781,294.8800048828125,290.4100036621094,291.5299987792969,118745600,SPY
2020-04-30,267.021240234375,290.4800109863281,293.32000732421875,288.5899963378906,291.7099914550781,122901700,SPY
2020-05-01,259.95233154296875,282.7900085449219,290.6600036621094,281.5199890136719,285.30999755859375,125180000,SPY
2020-05-04,260.6692810058594,283.57000732421875,283.8999938964844,279.1300048828125,280.739990234375,80873200,SPY
2020-05-05,263.0777587890625,286.19000244140625,289.25,283.7099914550781,286.6400146484375,79569900,SPY
2020-05-06,261.29437255859375,284.25,288.4599914550781,283.7799987792969,288.0400085449219,73632600,SPY
2020-05-07,264.4473571777344,287.67999267578125,289.7799987792969,287.1300048828125,287.75,75250400,SPY
2020-05-08,268.8229064941406,292.44000244140625,292.95001220703125,289.8599853515625,291.0899963378906,76452400,SPY
2020-05-11,268.87811279296875,292.5,294.0,289.8800048828125,290.3399963378906,79514200,SPY
2020-05-12,263.5188903808594,286.6700134277344,294.239990234375,286.5199890136719,293.7900085449219,95870800,SPY
2020-05-13,258.85845947265625,281.6000061035156,287.19000244140625,278.9599914550781,286.05999755859375,144721100,SPY
2020-05-14,261.95623779296875,284.9700012207031,285.1099853515625,272.989990234375,278.95001220703125,121977900,SPY
2020-05-15,263.1604309082031,286.2799987792969,286.3299865722656,281.3399963378906,282.3699951171875,111146300,SPY
2020-05-18,271.17620849609375,295.0,296.75,292.70001220703125,293.04998779296875,119703800,SPY
2020-05-19,268.39093017578125,291.9700012207031,296.2099914550781,291.95001220703125,294.3500061035156,95189300,SPY
2020-05-20,272.9503173828125,296.92999267578125,297.8699951171875,295.57000732421875,295.82000732421875,85861700,SPY
2020-05-21,271.0659484863281,294.8800048828125,297.6700134277344,293.69000244140625,296.7900085449219,78293900,SPY
2020-05-22,271.5806884765625,295.44000244140625,295.6300048828125,293.2200012207031,294.57000732421875,63958200,SPY
2020-05-26,274.9266662597656,299.0799865722656,302.19000244140625,295.4599914550781,301.92999267578125,88951400,SPY
2020-05-27,279.0173645019531,303.5299987792969,303.57000732421875,296.8699951171875,302.1199951171875,104817400,SPY
2020-05-28,278.5025939941406,302.9700012207031,306.8399963378906,302.239990234375,304.6499938964844,90405200,SPY
2020-05-29,279.7435607910156,304.32000732421875,304.9599914550781,299.4700012207031,302.4599914550781,119090800,SPY
2020-06-01,280.87420654296875,305.54998779296875,306.2099914550781,303.05999755859375,303.6199951171875,55758300,SPY
2020-06-02,283.1998291015625,308.0799865722656,308.1300048828125,305.1000061035156,306.54998779296875,74267200,SPY
2020-06-03,286.9688415527344,312.17999267578125,313.2200012207031,309.94000244140625,310.239990234375,92567600,SPY
2020-06-04,286.2149963378906,311.3599853515625,313.0,309.0799865722656,311.1099853515625,75794400,SPY
2020-06-05,293.550537109375,319.3399963378906,321.2699890136719,317.1600036621094,317.2300109863281,150524700,SPY
2020-06-08,297.098876953125,323.20001220703125,323.4100036621094,319.6300048828125,320.2200012207031,73641200,SPY
2020-06-09,294.8834228515625,320.7900085449219,323.2799987792969,319.3599853515625,320.29998779296875,77479200,SPY
2020-06-10,293.2380065917969,319.0,322.3900146484375,318.2200012207031,321.4200134277344,95000800,SPY
2020-06-11,276.3331604003906,300.6099853515625,312.1499938964844,300.010009765625,311.4599914550781,209243600,SPY
2020-06-12,279.64239501953125,304.2099914550781,309.0799865722656,298.6000061035156,308.239990234375,194678900,SPY
2020-06-15,282.253173828125,307.04998779296875,308.2799987792969,296.739990234375,298.0199890136719,135782700,SPY
2020-06-16,287.685791015625,312.9599914550781,315.6400146484375,307.6700134277344,315.4800109863281,137627500,SPY
2020-06-17,286.49078369140625,311.6600036621094,314.3900146484375,310.8599853515625,314.07000732421875,83398900,SPY
2020-06-18,286.6011047363281,311.7799987792969,312.29998779296875,309.510009765625,310.010009765625,80828700,SPY
2020-06-19,284.9631652832031,308.6400146484375,314.3800048828125,306.5299987792969,314.1700134277344,135549600,SPY
2020-06-22,286.7912902832031,310.6199951171875,311.04998779296875,306.75,307.989990234375,74649400,SPY
2020-06-23,288.1116638183594,312.04998779296875,314.5,311.6099853515625,313.489990234375,68471200,SPY
2020-06-24,280.7622375488281,304.0899963378906,310.510009765625,302.1000061035156,309.8399963378906,132813500,SPY
2020-06-25,283.7721252441406,307.3500061035156,307.6400146484375,301.2799987792969,303.4700012207031,89468000,SPY
2020-06-26,277.0321350097656,300.04998779296875,306.3900146484375,299.4200134277344,306.1600036621094,127961000,SPY
2020-06-29,281.1038513183594,304.4599914550781,304.6099853515625,298.92999267578125,301.4100036621094,79773300,SPY
2020-06-30,284.7046813964844,308.3599853515625,310.20001220703125,303.82000732421875,303.989990234375,113394800,SPY
2020-07-01,286.6990051269531,310.5199890136719,311.8900146484375,309.07000732421875,309.57000732421875,72396500,SPY
2020-07-02,288.27777099609375,312.2300109863281,315.70001220703125,311.510009765625,314.239990234375,69344200,SPY
2020-07-06,292.7279968261719,317.04998779296875,317.67999267578125,315.55999755859375,316.3699951171875,61713800,SPY
2020-07-07,289.70892333984375,313.7799987792969,317.5199890136719,313.3699951171875,315.3800048828125,82910000,SPY
2020-07-08,291.9247741699219,316.17999267578125,316.29998779296875,312.70001220703125,314.6099853515625,54638600,SPY
2020-07-09,290.2628479003906,314.3800048828125,317.1000061035156,310.67999267578125,316.8399963378906,83354200,SPY
2020-07-10,293.2265625,317.5899963378906,317.8800048828125,312.760009765625,314.30999755859375,57550400,SPY
2020-07-13,290.6874694824219,314.8399963378906,322.7099914550781,314.1300048828125,320.1300048828125,102997500,SPY
2020-07-14,294.4545593261719,318.9200134277344,319.760009765625,312.0,313.29998779296875,93657000,SPY
2020-07-15,297.1597595214844,321.8500061035156,323.0400085449219,319.2699890136719,322.4100036621094,87196500,SPY
2020-07-16,296.1811218261719,320.7900085449219,321.2799987792969,319.0899963378906,319.7900085449219,54622500,SPY
2020-07-17,297.0397644042969,321.7200012207031,322.57000732421875,319.739990234375,321.8800048828125,62774900,SPY
2020-07-20,299.4402770996094,324.32000732421875,325.1300048828125,320.6199951171875,321.42999267578125,56308800,SPY
2020-07-21,300.0773620605469,325.010009765625,326.92999267578125,323.94000244140625,326.45001220703125,57292200,SPY
2020-07-22,301.785400390625,326.8599853515625,327.20001220703125,324.5,324.6199951171875,57792900,SPY
2020-07-23,298.1846618652344,322.9599914550781,327.2300109863281,321.4800109863281,326.4700012207031,75738000,SPY
2020-07-24,296.2641906738281,320.8800048828125,321.989990234375,319.25,320.95001220703125,73766600,SPY
2020-07-27,298.4246826171875,323.2200012207031,323.4100036621094,320.7699890136719,321.6300048828125,48293000,SPY
2020-07-28,296.5320129394531,321.1700134277344,323.6400146484375,320.8500061035156,322.42999267578125,57495000,SPY
2020-07-29,300.178955078125,325.1199951171875,325.7300109863281,322.0799865722656,322.1199951171875,48454200,SPY
2020-07-30,299.10797119140625,323.9599914550781,324.4100036621094,319.6400146484375,321.8999938964844,61861700,SPY
2020-07-31,301.4715881347656,326.5199890136719,326.6300048828125,321.3299865722656,325.8999938964844,84986800,SPY
2020-08-03,303.5673828125,328.7900085449219,329.6199951171875,327.7300109863281,328.32000732421875,53077900,SPY
2020-08-04,304.7399597167969,330.05999755859375,330.05999755859375,327.8599853515625,327.8599853515625,41917900,SPY
2020-08-05,306.63275146484375,332.1099853515625,332.3900146484375,331.17999267578125,331.4700012207031,42697700,SPY
2020-08-06,308.6824035644531,334.3299865722656,334.4599914550781,331.1300048828125,331.4800109863281,43679400,SPY
2020-08-07,308.9040222167969,334.57000732421875,334.8800048828125,332.29998779296875,333.2799987792969,57308300,SPY
2020-08-10,309.8273620605469,335.57000732421875,335.7699890136719,332.9599914550781,335.05999755859375,44282100,SPY
2020-08-11,307.269775390625,332.79998779296875,337.5400085449219,332.010009765625,336.8500061035156,69601100,SPY
2020-08-12,311.5539245605469,337.44000244140625,338.2799987792969,335.4100036621094,335.44000244140625,53774400,SPY
2020-08-13,310.99066162109375,336.8299865722656,338.25,335.8299865722656,336.6099853515625,41816100,SPY
2020-08-14,310.9998779296875,336.8399963378906,337.4200134277344,335.6199951171875,336.4100036621094,47260400,SPY
2020-08-17,311.9877624511719,337.9100036621094,338.3399963378906,336.8500061035156,337.94000244140625,35481000,SPY
2020-08-18,312.6618347167969,338.6400146484375,339.1000061035156,336.6099853515625,338.3399963378906,38733900,SPY
2020-08-19,311.35992431640625,337.2300109863281,339.6099853515625,336.6199951171875,339.04998779296875,68054200,SPY
2020-08-20,312.3293762207031,338.2799987792969,338.79998779296875,335.2200012207031,335.3599853515625,42207800,SPY
2020-08-21,313.4373779296875,339.4800109863281,339.7200012207031,337.54998779296875,337.9200134277344,55106600,SPY
2020-08-24,316.6134948730469,342.9200134277344,343.0,339.45001220703125,342.1199951171875,48588700,SPY
2020-08-25,317.7214660644531,344.1199951171875,344.2099914550781,342.2699890136719,343.5299987792969,38463400,SPY
2020-08-26,320.90679931640625,347.57000732421875,347.8599853515625,344.1700134277344,344.760009765625,50790200,SPY
2020-08-27,321.6084289550781,348.3299865722656,349.8999938964844,346.5299987792969,348.510009765625,58034100,SPY
2020-08-28,323.685791015625,350.5799865722656,350.7200012207031,348.1499938964844,349.44000244140625,48588900,SPY
2020-08-31,322.5133056640625,349.30999755859375,351.29998779296875,349.05999755859375,350.3500061035156,66099200,SPY
2020-09-01,325.5508117675781,352.6000061035156,352.7099914550781,349.239990234375,350.2099914550781,54908700,SPY
2020-09-02,330.2595520019531,357.70001220703125,358.75,353.42999267578125,354.6700134277344,69540000,SPY
2020-09-03,318.89404296875,345.3900146484375,356.3800048828125,342.5899963378906,355.8699951171875,148011100,SPY
2020-09-04,316.290283203125,342.57000732421875,347.8299865722656,334.8699951171875,346.1300048828125,139156300,SPY
2020-09-08,307.64837646484375,333.2099914550781,342.6400146484375,332.8800048828125,336.7099914550781,114465300,SPY
2020-09-09,313.7236022949219,339.7900085449219,342.4599914550781,336.6099853515625,337.54998779296875,91462300,SPY
2020-09-10,308.27618408203125,333.8900146484375,342.5299987792969,332.8500061035156,341.82000732421875,90569500,SPY
2020-09-11,308.43316650390625,334.05999755859375,336.9700012207031,331.0,335.82000732421875,84680200,SPY
2020-09-14,312.4955749511719,338.4599914550781,340.3800048828125,334.2200012207031,337.489990234375,65605700,SPY
2020-09-15,314.07440185546875,340.1700134277344,342.0199890136719,338.4700012207031,341.1199951171875,52920900,SPY
2020-09-16,312.8279724121094,338.82000732421875,343.05999755859375,338.5199890136719,341.510009765625,82096000,SPY
2020-09-17,310.07659912109375,335.8399963378906,337.70001220703125,332.989990234375,333.55999755859375,91523300,SPY
2020-09-18,306.5067443847656,330.6499938964844,335.489990234375,327.9700012207031,335.3699951171875,105877900,SPY
2020-09-21,303.095458984375,326.9700012207031,327.1300048828125,321.7300109863281,325.70001220703125,99450800,SPY
2020-09-22,306.18231201171875,330.29998779296875,330.8999938964844,325.8599853515625,328.57000732421875,63612100,SPY
2020-09-23,299.08172607421875,322.6400146484375,331.20001220703125,322.1000061035156,330.8999938964844,93112200,SPY
2020-09-24,299.87884521484375,323.5,326.79998779296875,319.79998779296875,321.2200012207031,76681300,SPY
2020-09-25,304.7269592285156,328.7300109863281,329.5799865722656,321.6400146484375,322.5799865722656,71069400,SPY
2020-09-28,309.788330078125,334.19000244140625,334.9599914550781,332.1499938964844,333.2200012207031,64584600,SPY
2020-09-29,308.1011657714844,332.3699951171875,334.7699890136719,331.6199951171875,333.9700012207031,51304000,SPY
2020-09-30,310.4372253417969,334.8900146484375,338.2900085449219,332.8800048828125,333.0899963378906,104081100,SPY
2020-10-01,312.4301452636719,337.0400085449219,338.739990234375,335.010009765625,337.69000244140625,88698700,SPY
2020-10-02,309.4638671875,333.8399963378906,337.010009765625,331.19000244140625,331.70001220703125,89431100,SPY
2020-10-05,314.9515380859375,339.760009765625,339.9599914550781,336.010009765625,336.05999755859375,45713100,SPY
2020-10-06,310.4742431640625,334.92999267578125,342.1700134277344,334.3800048828125,339.9100036621094,90128900,SPY
2020-10-07,315.8785705566406,340.760009765625,341.6300048828125,338.0899963378906,338.1199951171875,56999600,SPY
2020-10-08,318.677978515625,343.7799987792969,343.8500061035156,341.8599853515625,342.8500061035156,45242500,SPY
2020-10-09,321.52386474609375,346.8500061035156,347.3500061035156,344.8900146484375,345.55999755859375,59528600,SPY
2020-10-12,326.6964111328125,352.42999267578125,354.0199890136719,349.05999755859375,349.5899963378906,80388500,SPY
2020-10-13,324.5644226074219,350.1300048828125,352.4700012207031,349.0899963378906,352.2799987792969,73255500,SPY
2020-10-14,322.5249938964844,347.92999267578125,351.92999267578125,347.1400146484375,350.75,57727900,SPY
2020-10-15,322.12640380859375,347.5,348.0199890136719,343.1300048828125,343.7099914550781,60357700,SPY
2020-10-16,321.93170166015625,347.2900085449219,350.75,347.1000061035156,348.9599914550781,89501900,SPY
2020-10-19,317.03729248046875,342.010009765625,349.3299865722656,341.0400085449219,348.6499938964844,68425600,SPY
2020-10-20,318.3072509765625,343.3800048828125,346.8800048828125,342.6400146484375,343.4599914550781,60051900,SPY
2020-10-21,317.70477294921875,342.7300109863281,345.6700134277344,342.3999938964844,343.3299865722656,63575000,SPY
2020-10-22,319.4474182128906,344.6099853515625,345.239990234375,340.6499938964844,342.9599914550781,55399300,SPY
2020-10-23,320.53192138671875,345.7799987792969,345.989990234375,343.1300048828125,345.92999267578125,49143900,SPY
2020-10-26,314.6086120605469,339.3900146484375,342.9800109863281,335.6199951171875,342.1300048828125,91473000,SPY
2020-10-27,313.52398681640625,338.2200012207031,340.1199951171875,337.989990234375,339.760009765625,65994100,SPY
2020-10-28,302.80810546875,326.6600036621094,338.25,326.1300048828125,332.1000061035156,127094300,SPY
2020-10-29,305.8857116699219,329.9800109863281,333.3999938964844,325.0899963378906,326.9100036621094,90597700,SPY
2020-10-30,302.6968688964844,326.5400085449219,329.69000244140625,322.6000061035156,328.2799987792969,120287300,SPY
2020-11-02,306.0897216796875,330.20001220703125,332.3599853515625,327.239990234375,330.20001220703125,86068300,SPY
2020-11-03,311.4939270019531,336.0299987792969,338.25,330.2900085449219,333.69000244140625,93294200,SPY
2020-11-04,318.45562744140625,343.5400085449219,347.94000244140625,339.5899963378906,340.8599853515625,126959700,SPY
2020-11-05,324.6662292480469,350.239990234375,352.19000244140625,348.8599853515625,349.239990234375,82039700,SPY
2020-11-06,324.5921936035156,350.1600036621094,351.510009765625,347.6499938964844,349.92999267578125,74973000,SPY
2020-11-09,328.6709289550781,354.55999755859375,364.3800048828125,354.05999755859375,363.9700012207031,172304200,SPY
2020-11-10,328.1889343261719,354.0400085449219,355.17999267578125,350.510009765625,353.489990234375,85552000,SPY
2020-11-11,330.6268005371094,356.6700134277344,357.55999755859375,355.05999755859375,356.3999938964844,58649000,SPY
2020-11-12,327.41943359375,353.2099914550781,356.7200012207031,351.260009765625,355.5799865722656,67546200,SPY
2020-11-13,331.95245361328125,358.1000061035156,358.8999938964844,354.7099914550781,355.2699890136719,62892200,SPY
2020-11-16,336.0960388183594,362.57000732421875,362.7799987792969,359.5899963378906,360.9800109863281,74541100,SPY
2020-11-17,334.2883605957031,360.6199951171875,361.9200134277344,358.3399963378906,359.9700012207031,66111000,SPY
2020-11-18,330.265380859375,356.2799987792969,361.5,356.239990234375,360.9100036621094,70591300,SPY
2020-11-19,331.6557922363281,357.7799987792969,358.17999267578125,354.1499938964844,355.6000061035156,59940900,SPY
2020-11-20,329.3846435546875,355.3299865722656,357.7200012207031,355.25,357.5,70417300,SPY
2020-11-23,331.3591003417969,357.4599914550781,358.82000732421875,354.8699951171875,357.2799987792969,63230600,SPY
2020-11-24,336.6986389160156,363.2200012207031,363.80999755859375,359.2900085449219,360.2099914550781,62415900,SPY
2020-11-25,336.1794738769531,362.6600036621094,363.1600036621094,361.4800109863281,363.1300048828125,45330900,SPY
2020-11-27,337.1157531738281,363.6700134277344,364.17999267578125,362.5799865722656,363.8399963378906,28514100,SPY
2020-11-30,335.62322998046875,362.05999755859375,363.1199951171875,359.1700134277344,362.8299865722656,83872700,SPY
2020-12-01,339.2940979003906,366.0199890136719,367.67999267578125,364.92999267578125,365.57000732421875,74231400,SPY
2020-12-02,340.0079040527344,366.7900085449219,366.9599914550781,364.20001220703125,364.82000732421875,45927000,SPY
2020-12-03,339.9151916503906,366.69000244140625,368.19000244140625,365.5,366.67999267578125,62882000,SPY
2020-12-04,342.844482421875,369.8500061035156,369.8500061035156,367.2200012207031,367.32000732421875,50749900,SPY
2020-12-07,342.1400451660156,369.0899963378906,369.6199951171875,367.7200012207031,369.0199890136719,48944300,SPY
2020-12-08,343.14111328125,370.1700134277344,370.7799987792969,367.6700134277344,367.7200012207031,42458900,SPY
2020-12-09,340.0635681152344,366.8500061035156,371.04998779296875,365.95001220703125,370.8800048828125,74098300,SPY
2020-12-10,339.9523010253906,366.7300109863281,367.8599853515625,364.42999267578125,365.3699951171875,57735400,SPY
2020-12-11,339.5537109375,366.29998779296875,366.739990234375,363.260009765625,364.8999938964844,57698600,SPY
2020-12-14,338.0334777832031,364.6600036621094,369.79998779296875,364.4700012207031,368.6400146484375,69216200,SPY
2020-12-15,342.6034851074219,369.5899963378906,369.5899963378906,365.9200134277344,367.3999938964844,63865300,SPY
2020-12-16,343.14111328125,370.1700134277344,371.1600036621094,368.8699951171875,369.82000732421875,58420500,SPY
2020-12-17,345.0599365234375,372.239990234375,372.4599914550781,371.04998779296875,371.94000244140625,64119500,SPY
2020-12-18,343.6821594238281,369.17999267578125,371.1499938964844,367.0199890136719,370.9700012207031,136542300,SPY
2020-12-21,342.4533996582031,367.8599853515625,378.4599914550781,362.0299987792969,364.9700012207031,96386700,SPY
2020-12-22,341.8761901855469,367.239990234375,368.3299865722656,366.0299987792969,368.2099914550781,47949000,SPY
2020-12-23,342.18341064453125,367.57000732421875,369.6199951171875,367.2200012207031,368.2799987792969,46201400,SPY
2020-12-24,343.5145568847656,369.0,369.0299987792969,367.45001220703125,368.0799865722656,26457900,SPY
2020-12-28,346.4657287597656,372.1700134277344,372.5899963378906,371.07000732421875,371.739990234375,39000400,SPY
2020-12-29,345.8046875,371.4599914550781,374.0,370.8299865722656,373.80999755859375,53680500,SPY
2020-12-30,346.298095703125,371.989990234375,373.1000061035156,371.57000732421875,372.3399963378906,49455300,SPY
2020-12-31,348.0575866699219,373.8800048828125,374.6600036621094,371.2300109863281,371.7799987792969,78520700,SPY
2021-01-04,343.31915283203125,368.7900085449219,375.45001220703125,364.82000732421875,375.30999755859375,110210800,SPY
2021-01-05,345.6837158203125,371.3299865722656,372.5,368.04998779296875,368.1000061035156,66426200,SPY
2021-01-06,347.7503662109375,373.54998779296875,376.9800109863281,369.1199951171875,369.7099914550781,107997700,SPY
2021-01-07,352.91705322265625,379.1000061035156,379.8999938964844,375.9100036621094,376.1000061035156,68766800,SPY
2021-01-08,354.9279479980469,381.260009765625,381.489990234375,377.1000061035156,380.5899963378906,71677200,SPY
2021-01-11,352.5354309082031,378.69000244140625,380.5799865722656,377.7200012207031,377.8500061035156,51034700,SPY
2021-01-12,352.6098327636719,378.7699890136719,379.8599853515625,376.3599853515625,378.8900146484375,52547700,SPY
2021-01-13,353.5593566894531,379.7900085449219,380.8599853515625,377.8500061035156,378.69000244140625,45303600,SPY
2021-01-14,352.3212890625,378.4599914550781,381.1300048828125,378.1000061035156,380.5899963378906,49989100,SPY
2021-01-15,349.7518615722656,375.70001220703125,377.5799865722656,373.70001220703125,376.7200012207031,107160000,SPY
2021-01-19,352.4981384277344,378.6499938964844,379.2300109863281,376.75,378.3399963378906,51233300,SPY
2021-01-20,357.37628173828125,383.8900146484375,384.7900085449219,380.69000244140625,381.1099853515625,61836100,SPY
2021-01-21,357.7020263671875,384.239990234375,384.95001220703125,383.25,384.489990234375,47840100,SPY
2021-01-22,356.4360046386719,382.8800048828125,384.1300048828125,381.8399963378906,382.25,52860500,SPY
2021-01-25,357.8416748046875,384.3900146484375,384.7699890136719,378.4599914550781,383.6700134277344,70402000,SPY
2021-01-26,357.28314208984375,383.7900085449219,385.8500061035156,383.5400085449219,385.4100036621094,42665300,SPY
2021-01-27,348.55096435546875,374.4100036621094,380.32000732421875,372.010009765625,380.2200012207031,123351100,SPY
2021-01-28,351.548583984375,377.6300048828125,381.92999267578125,375.8900146484375,376.3599853515625,94198100,SPY
2021-01-29,344.5107421875,370.07000732421875,376.6700134277344,368.2699890136719,375.6300048828125,126765100,SPY
2021-02-01,350.2453308105469,376.2300109863281,377.3399963378906,370.3800048828125,373.7200012207031,75817600,SPY
2021-02-02,355.1977844238281,381.54998779296875,383.2200012207031,376.32000732421875,379.6499938964844,64450700,SPY
2021-02-03,355.47711181640625,381.8500061035156,383.70001220703125,380.4800109863281,382.44000244140625,52427100,SPY
2021-02-04,359.51727294921875,386.19000244140625,386.239990234375,381.9700012207031,382.9599914550781,47142600,SPY
2021-02-05,360.9323425292969,387.7099914550781,388.4700012207031,386.1400146484375,388.20001220703125,48669800,SPY
2021-02-08,363.5390319824219,390.510009765625,390.55999755859375,388.3500061035156,389.2699890136719,38365200,SPY
2021-02-09,363.29693603515625,390.25,390.8900146484375,389.1700134277344,389.6099853515625,35551100,SPY
2021-02-10,363.13873291015625,390.0799865722656,392.2799987792969,387.5,392.1199951171875,59154400,SPY
2021-02-11,363.7252197265625,390.7099914550781,391.69000244140625,388.1000061035156,391.239990234375,42913300,SPY
2021-02-12,365.52191162109375,392.6400146484375,392.8999938964844,389.7699890136719,389.8500061035156,50593300,SPY
2021-02-16,365.20538330078125,392.29998779296875,394.1700134277344,391.5299987792969,393.9599914550781,50972400,SPY
2021-02-17,365.2891540527344,392.3900146484375,392.6600036621094,389.3299865722656,390.4200134277344,52290600,SPY
2021-02-18,363.7345886230469,390.7200012207031,391.5199890136719,387.739990234375,389.5899963378906,59712800,SPY
2021-02-19,363.0921936035156,390.0299987792969,392.3800048828125,389.54998779296875,392.07000732421875,83241000,SPY
2021-02-22,360.29931640625,387.0299987792969,389.6199951171875,386.739990234375,387.05999755859375,67414200,SPY
2021-02-23,360.7369384765625,387.5,388.95001220703125,380.20001220703125,384.6600036621094,107284100,SPY
2021-02-24,364.7119140625,391.7699890136719,392.2300109863281,385.2699890136719,386.3299865722656,72433900,SPY
2021-02-25,355.9238586425781,382.3299865722656,391.8800048828125,380.7799987792969,390.4100036621094,146670500,SPY
2021-02-26,354.090087890625,380.3599853515625,385.5799865722656,378.2300109863281,384.3500061035156,152701600,SPY
2021-03-01,362.67315673828125,389.5799865722656,390.9200134277344,380.57000732421875,385.5899963378906,105348800,SPY
2021-03-02,359.8432312011719,386.5400085449219,390.07000732421875,386.0,389.82000732421875,79595300,SPY
2021-03-03,355.07684326171875,381.4200134277344,386.8299865722656,381.30999755859375,385.7900085449219,119940200,SPY
2021-03-04,350.68292236328125,376.70001220703125,384.0,371.8800048828125,381.2200012207031,183433000,SPY
2021-03-05,357.1341857910156,383.6300048828125,384.760009765625,372.6400146484375,380.4599914550781,152039600,SPY
2021-03-08,355.3560791015625,381.7200012207031,387.67999267578125,381.4200134277344,384.6600036621094,123149200,SPY
2021-03-09,360.4296875,387.1700134277344,389.9100036621094,385.30999755859375,385.8500061035156,113633600,SPY
2021-03-10,362.67315673828125,389.5799865722656,391.3999938964844,388.1700134277344,389.69000244140625,109899400,SPY
2021-03-11,366.3503723144531,393.5299987792969,395.6499938964844,391.739990234375,392.2300109863281,86245000,SPY
2021-03-12,366.8439025878906,394.05999755859375,394.2099914550781,391.20001220703125,392.07000732421875,64653600,SPY
2021-03-15,369.03143310546875,396.4100036621094,396.69000244140625,392.0299987792969,394.3299865722656,73427200,SPY
2021-03-16,368.5660095214844,395.9100036621094,397.8299865722656,395.0799865722656,397.07000732421875,73722500,SPY
2021-03-17,369.82275390625,397.260009765625,398.1199951171875,393.29998779296875,394.5299987792969,97959300,SPY
2021-03-18,364.4420471191406,391.4800109863281,396.7200012207031,390.75,394.4800109863281,115349100,SPY
2021-03-19,363.7677307128906,389.4800109863281,391.57000732421875,387.1499938964844,389.8800048828125,113624500,SPY
2021-03-22,366.67242431640625,392.5899963378906,394.07000732421875,389.9700012207031,390.0299987792969,73778600,SPY
2021-03-23,363.78643798828125,389.5,393.4599914550781,388.6600036621094,391.9100036621094,90686600,SPY
2021-03-24,361.93707275390625,387.5199890136719,392.75,387.4700012207031,391.0,97588600,SPY
2021-03-25,363.97314453125,389.70001220703125,390.54998779296875,383.8999938964844,385.9800109863281,116128600,SPY
2021-03-26,369.83856201171875,395.9800109863281,396.4100036621094,390.2900085449219,390.92999267578125,114409100,SPY
2021-03-29,369.6517639160156,395.7799987792969,396.75,392.80999755859375,394.3999938964844,108107600,SPY
2021-03-30,368.671142578125,394.7300109863281,395.45001220703125,393.0199890136719,394.4200134277344,76262200,SPY
2021-03-31,370.1653747558594,396.3299865722656,398.0,395.30999755859375,395.3399963378906,112734200,SPY
2021-04-01,374.16290283203125,400.6099853515625,400.6700134277344,398.17999267578125,398.3999938964844,99682900,SPY
2021-04-05,379.53338623046875,406.3599853515625,406.94000244140625,403.3800048828125,403.4599914550781,91684800,SPY
2021-04-06,379.3091735839844,406.1199951171875,407.239990234375,405.3999938964844,405.760009765625,62021000,SPY
2021-04-07,379.74810791015625,406.5899963378906,406.9599914550781,405.45001220703125,405.94000244140625,55836300,SPY
2021-04-08,381.5506896972656,408.5199890136719,408.5799865722656,406.92999267578125,407.92999267578125,57863100,SPY
2021-04-09,384.32464599609375,411.489990234375,411.6700134277344,408.260009765625,408.3900146484375,61104600,SPY
2021-04-12,384.4647521972656,411.6400146484375,411.92999267578125,410.20001220703125,410.8500061035156,56704900,SPY
2021-04-13,385.6042175292969,412.8599853515625,413.5299987792969,411.1199951171875,411.5299987792969,56551000,SPY
2021-04-14,384.28729248046875,411.45001220703125,413.9599914550781,410.8699951171875,412.8299865722656,61659900,SPY
2021-04-15,388.4155578613281,415.8699951171875,416.1600036621094,413.69000244140625,413.739990234375,60229800,SPY
2021-04-16,389.7136535644531,417.260009765625,417.9100036621094,415.7300109863281,417.25,82037300,SPY
2021-04-19,387.79901123046875,415.2099914550781,416.739990234375,413.7900085449219,416.260009765625,78498500,SPY
2021-04-20,384.959716796875,412.1700134277344,415.0899963378906,410.5899963378906,413.9100036621094,81851800,SPY
2021-04-21,388.6022644042969,416.07000732421875,416.2900085449219,411.3599853515625,411.510009765625,66793000,SPY
2021-04-22,385.0531311035156,412.2699890136719,416.7799987792969,411.1300048828125,415.8900146484375,97582800,SPY
2021-04-23,389.2280578613281,416.739990234375,418.25,412.7900085449219,412.8699951171875,73209200,SPY
2021-04-26,390.04058837890625,417.6099853515625,418.2200012207031,416.80999755859375,417.44000244140625,52182400,SPY
2021-04-27,389.95648193359375,417.5199890136719,418.1400146484375,416.29998779296875,417.92999267578125,51303100,SPY
2021-04-28,389.844482421875,417.3999938964844,419.010009765625,416.8999938964844,417.80999755859375,51238900,SPY
2021-04-29,392.32891845703125,420.05999755859375,420.7200012207031,416.44000244140625,420.32000732421875,78544300,SPY
2021-04-30,389.75103759765625,417.29998779296875,418.5400085449219,416.3399963378906,417.6300048828125,85527000,SPY
2021-05-03,390.591796875,418.20001220703125,419.8399963378906,417.6700134277344,419.42999267578125,68128300,SPY
2021-05-04,388.1820373535156,415.6199951171875,416.6000061035156,411.6700134277344,416.07000732421875,101591200,SPY
2021-05-05,388.30340576171875,415.75,417.6300048828125,415.1499938964844,417.3800048828125,60162200,SPY
2021-05-06,391.4042053222656,419.07000732421875,419.2099914550781,413.67999267578125,415.8299865722656,74321400,SPY
2021-05-07,394.2529296875,422.1199951171875,422.82000732421875,419.1600036621094,419.8900146484375,67733800,SPY
2021-05-10,390.3488464355469,417.94000244140625,422.739990234375,417.80999755859375,422.5,81852400,SPY
2021-05-11,386.8650207519531,414.2099914550781,415.2699890136719,410.05999755859375,413.1000061035156,116888000,SPY
2021-05-12,378.64599609375,405.4100036621094,412.5899963378906,404.0,411.2300109863281,134811000,SPY
2021-05-13,383.194580078125,410.2799987792969,412.3500061035156,407.0199890136719,407.07000732421875,106394000,SPY
2021-05-14,389.0785827636719,416.5799865722656,417.489990234375,413.17999267578125,413.2099914550781,82201600,SPY
2021-05-17,388.08856201171875,415.5199890136719,416.3900146484375,413.3599853515625,415.3900146484375,65129200,SPY
2021-05-18,384.7449035644531,411.94000244140625,416.05999755859375,411.7699890136719,415.79998779296875,59810200,SPY
2021-05-19,383.7361755371094,410.8599853515625,411.04998779296875,405.3299865722656,406.9200134277344,106467100,SPY
2021-05-20,387.8644714355469,415.2799987792969,416.6300048828125,411.6700134277344,411.79998779296875,78022200,SPY
2021-05-21,387.5469055175781,414.94000244140625,418.20001220703125,414.45001220703125,416.8699951171875,76578700,SPY
2021-05-24,391.4976806640625,419.1700134277344,420.32000732421875,417.0799865722656,417.3399963378906,51376700,SPY
2021-05-25,390.6290588378906,418.239990234375,420.7099914550781,417.6199951171875,420.3299865722656,57451400,SPY
2021-05-26,391.4042053222656,419.07000732421875,419.6099853515625,417.760009765625,418.8699951171875,43088600,SPY
2021-05-27,391.6097106933594,419.2900085449219,420.7200012207031,418.989990234375,420.1700134277344,56707700,SPY
2021-05-28,392.31024169921875,420.0400085449219,421.25,419.7900085449219,420.9700012207031,58520200,SPY
2021-06-01,391.964599609375,419.6700134277344,422.7200012207031,419.20001220703125,422.57000732421875,54216600,SPY
2021-06-02,392.5810546875,420.3299865722656,421.2300109863281,419.2900085449219,420.3699951171875,49097100,SPY
2021-06-03,391.1240539550781,418.7699890136719,419.989990234375,416.2799987792969,417.8500061035156,58138800,SPY
2021-06-04,394.70123291015625,422.6000061035156,422.9200134277344,418.8399963378906,420.75,55938800,SPY
2021-06-07,394.3183288574219,422.19000244140625,422.7799987792969,421.19000244140625,422.5899963378906,51555000,SPY
2021-06-08,394.40234375,422.2799987792969,423.2099914550781,420.32000732421875,423.1099853515625,47134300,SPY
2021-06-09,393.8139343261719,421.6499938964844,423.260009765625,421.4100036621094,423.17999267578125,48436300,SPY
2021-06-10,395.64453125,423.6099853515625,424.6300048828125,421.54998779296875,422.9599914550781,51020100,SPY
2021-06-11,396.29833984375,424.30999755859375,424.42999267578125,422.82000732421875,424.20001220703125,45570800,SPY
2021-06-14,397.1855773925781,425.260009765625,425.3699951171875,423.1000061035156,424.42999267578125,42358500,SPY
2021-06-15,396.4571228027344,424.4800109863281,425.4599914550781,423.5400085449219,425.4200134277344,51508500,SPY
2021-06-16,394.24359130859375,422.1099853515625,424.8699951171875,419.9200134277344,424.6300048828125,80386100,SPY
2021-06-17,394.1128234863281,421.9700012207031,423.0199890136719,419.32000732421875,421.6700134277344,90949700,SPY
2021-06-18,388.7960205078125,414.9200134277344,417.8299865722656,414.70001220703125,417.0899963378906,118676300,SPY
2021-06-21,394.3619384765625,420.8599853515625,421.05999755859375,415.92999267578125,416.79998779296875,72822000,SPY
2021-06-22,396.4703369140625,423.1099853515625,424.0,420.0799865722656,420.8500061035156,57700300,SPY
2021-06-23,395.9925231933594,422.6000061035156,424.04998779296875,422.510009765625,423.19000244140625,49445400,SPY
2021-06-24,398.3351135253906,425.1000061035156,425.54998779296875,424.6199951171875,424.8900146484375,45110300,SPY
2021-06-25,399.75006103515625,426.6099853515625,427.0899963378906,425.54998779296875,425.8999938964844,58129500,SPY
2021-06-28,400.5558166503906,427.4700012207031,427.6499938964844,425.8900146484375,427.1700134277344,53159600,SPY
2021-06-29,400.7713928222656,427.70001220703125,428.55999755859375,427.1300048828125,427.8800048828125,35970500,SPY
2021-06-30,401.1086730957031,428.05999755859375,428.7799987792969,427.17999267578125,427.2099914550781,64827900,SPY
2021-07-01,403.3295593261719,430.42999267578125,430.6000061035156,428.79998779296875,428.8699951171875,53441000,SPY
2021-07-02,406.412353515625,433.7200012207031,434.1000061035156,430.5199890136719,431.6700134277344,57697700,SPY
2021-07-06,405.67205810546875,432.92999267578125,434.010009765625,430.010009765625,433.7799987792969,68710400,SPY
2021-07-07,407.1058654785156,434.4599914550781,434.760009765625,431.510009765625,433.6600036621094,63549500,SPY
2021-07-08,403.7886657714844,430.9200134277344,431.7300109863281,427.5199890136719,428.7799987792969,97595200,SPY
2021-07-09,408.0989685058594,435.5199890136719,435.8399963378906,430.7099914550781,432.5299987792969,76238600,SPY
2021-07-12,409.5608825683594,437.0799865722656,437.3500061035156,434.9700012207031,435.42999267578125,52889600,SPY
2021-07-13,408.1646423339844,435.5899963378906,437.8399963378906,435.30999755859375,436.239990234375,52911300,SPY
2021-07-14,408.7737121582031,436.239990234375,437.9200134277344,434.9100036621094,437.3999938964844,64130400,SPY
2021-07-15,407.3775329589844,434.75,435.5299987792969,432.7200012207031,434.80999755859375,55126400,SPY
2021-07-16,404.1822204589844,431.3399963378906,436.05999755859375,430.9200134277344,436.010009765625,75874700,SPY
2021-07-19,398.2132873535156,424.9700012207031,431.4100036621094,421.9700012207031,426.19000244140625,147987000,SPY
2021-07-20,403.9198303222656,431.05999755859375,432.4200134277344,424.8299865722656,425.67999267578125,99608200,SPY
2021-07-21,407.1900939941406,434.54998779296875,434.70001220703125,431.010009765625,432.3399963378906,64724400,SPY
2021-07-22,408.0428161621094,435.4599914550781,435.7200012207031,433.69000244140625,434.739990234375,47878500,SPY
2021-07-23,412.24066162109375,439.94000244140625,440.29998779296875,436.7900085449219,437.5199890136719,63766600,SPY
2021-07-26,413.2527770996094,441.0199890136719,441.0299987792969,439.260009765625,439.30999755859375,43719200,SPY
2021-07-27,411.3692321777344,439.010009765625,439.94000244140625,435.989990234375,439.9100036621094,67397100,SPY
2021-07-28,411.20062255859375,438.8299865722656,440.29998779296875,437.30999755859375,439.67999267578125,52472400,SPY
2021-07-29,412.906005859375,440.6499938964844,441.79998779296875,439.80999755859375,439.82000732421875,47435300,SPY
2021-07-30,410.9007263183594,438.510009765625,440.05999755859375,437.7699890136719,437.9100036621094,68951200,SPY
2021-08-02,410.03863525390625,437.5899963378906,440.92999267578125,437.2099914550781,440.3399963378906,58783300,SPY
2021-08-03,413.3745422363281,441.1499938964844,441.2799987792969,436.1000061035156,438.44000244140625,58053900,SPY
2021-08-04,411.3411865234375,438.9800109863281,441.1199951171875,438.7300109863281,439.7799987792969,46732200,SPY
2021-08-05,413.9461669921875,441.760009765625,441.8500061035156,439.8800048828125,440.2200012207031,38969700,SPY
2021-08-06,414.6301574707031,442.489990234375,442.94000244140625,441.79998779296875,442.1000061035156,46930000,SPY
2021-08-09,414.2928771972656,442.1300048828125,442.79998779296875,441.30999755859375,442.4599914550781,41222600,SPY
2021-08-10,414.8081970214844,442.67999267578125,443.44000244140625,441.8800048828125,442.6099853515625,43339300,SPY
2021-08-11,415.8390197753906,443.7799987792969,443.8800048828125,442.6199951171875,443.82000732421875,44034300,SPY
2021-08-12,417.085205078125,445.1099853515625,445.260009765625,442.6600036621094,443.6199951171875,38909400,SPY
2021-08-13,417.8442687988281,445.9200134277344,445.94000244140625,445.07000732421875,445.5899963378906,39470300,SPY
2021-08-16,418.828125,446.9700012207031,447.1099853515625,442.8699951171875,444.5299987792969,73740000,SPY
2021-08-17,416.0826416015625,444.0400085449219,444.9599914550781,440.8500061035156,444.239990234375,92673900,SPY
2021-08-18,411.528564453125,439.17999267578125,444.6300048828125,438.9200134277344,442.9599914550781,89351900,SPY
2021-08-19,412.165771484375,439.8599853515625,441.1400146484375,436.1199951171875,436.2699890136719,92812200,SPY
2021-08-20,415.44537353515625,443.3599853515625,443.7099914550781,439.7099914550781,440.2300109863281,72008700,SPY
2021-08-23,419.099853515625,447.260009765625,448.2300109863281,443.44000244140625,445.1600036621094,54973000,SPY
2021-08-24,419.7651672363281,447.9700012207031,448.5400085449219,447.4200134277344,447.9700012207031,38744700,SPY
2021-08-25,420.6460266113281,448.9100036621094,449.4599914550781,447.7699890136719,448.1700134277344,40529700,SPY
2021-08-26,418.1628723144531,446.260009765625,448.8599853515625,446.1600036621094,448.6099853515625,57829600,SPY
2021-08-27,421.9016418457031,450.25,450.6499938964844,447.05999755859375,447.1199951171875,77235100,SPY
2021-08-30,423.7569885253906,452.2300109863281,453.07000732421875,450.7099914550781,450.9700012207031,48357400,SPY
2021-08-31,423.129150390625,451.55999755859375,452.489990234375,450.9200134277344,452.1300048828125,59300200,SPY
2021-09-01,423.3540954589844,451.79998779296875,453.1099853515625,451.54998779296875,452.55999755859375,48721400,SPY
2021-09-02,424.6565246582031,453.19000244140625,454.04998779296875,451.9100036621094,453.32000732421875,42501000,SPY
2021-09-03,424.5533752441406,453.0799865722656,453.6300048828125,451.54998779296875,451.9800109863281,47170500,SPY
2021-09-07,423.0353698730469,451.4599914550781,452.80999755859375,450.739990234375,452.7099914550781,51671500,SPY
2021-09-08,422.5199890136719,450.9100036621094,451.6700134277344,448.8599853515625,450.8900146484375,56181900,SPY
2021-09-09,420.7115478515625,448.9800109863281,452.57000732421875,448.7200012207031,450.70001220703125,57970400,SPY
2021-09-10,417.3944091796875,445.44000244140625,451.489990234375,445.30999755859375,451.0400085449219,89948200,SPY
2021-09-13,418.46270751953125,446.5799865722656,448.9200134277344,444.1099853515625,448.6400146484375,83738600,SPY
2021-09-14,416.2044982910156,444.1700134277344,448.3399963378906,443.2200012207031,448.1199951171875,78197100,SPY
2021-09-15,419.68084716796875,447.8800048828125,448.4100036621094,443.44000244140625,444.6199951171875,78792200,SPY
2021-09-16,419.01556396484375,447.1700134277344,448.3599853515625,444.0199890136719,447.32000732421875,77786700,SPY
2021-09-17,414.93389892578125,441.3999938964844,445.3699951171875,441.0199890136719,444.9200134277344,118425000,SPY
2021-09-20,408.0152587890625,434.0400085449219,436.55999755859375,428.8599853515625,434.8800048828125,166445500,SPY
2021-09-21,407.62969970703125,433.6300048828125,437.9100036621094,433.07000732421875,436.5299987792969,92526100,SPY
2021-09-22,411.6061706542969,437.8599853515625,440.0299987792969,433.75,436.04998779296875,102350100,SPY
2021-09-23,416.607177734375,443.17999267578125,444.8900146484375,439.6000061035156,439.8500061035156,76396000,SPY
2021-09-24,417.2934265136719,443.9100036621094,444.6700134277344,441.2099914550781,441.44000244140625,62094800,SPY
2021-09-27,416.0995788574219,442.6400146484375,444.04998779296875,441.8999938964844,442.80999755859375,61371100,SPY
2021-09-28,407.7143859863281,433.7200012207031,440.0400085449219,432.94000244140625,439.69000244140625,130436300,SPY
2021-09-29,408.400634765625,434.45001220703125,437.0400085449219,433.8500061035156,435.19000244140625,82329200,SPY
2021-09-30,403.4090576171875,429.1400146484375,436.7699890136719,428.7799987792969,436.0199890136719,140506000,SPY
2021-10-01,408.203125,434.239990234375,436.0299987792969,427.2300109863281,430.9800109863281,129240100,SPY
2021-10-04,402.9389953613281,428.6400146484375,433.9599914550781,426.3599853515625,433.0,128570000,SPY
2021-10-05,407.13153076171875,433.1000061035156,435.489990234375,429.3900146484375,430.239990234375,90682500,SPY
2021-10-06,408.8236083984375,434.8999938964844,435.1199951171875,427.5400085449219,429.2699890136719,113032200,SPY
2021-10-07,412.3581848144531,438.6600036621094,441.67999267578125,438.20001220703125,438.3900146484375,72437500,SPY
2021-10-08,411.6061706542969,437.8599853515625,439.8900146484375,437.19000244140625,439.4800109863281,74557400,SPY
2021-10-11,408.6261901855469,434.69000244140625,440.260009765625,434.6199951171875,437.1600036621094,65233300,SPY
2021-10-12,407.62030029296875,433.6199951171875,436.1000061035156,432.7799987792969,435.6700134277344,71181200,SPY
2021-10-13,409.0867919921875,435.17999267578125,436.04998779296875,431.5400085449219,434.7099914550781,72974000,SPY
2021-10-14,415.9679260253906,442.5,442.6600036621094,438.5799865722656,439.0799865722656,70236800,SPY
2021-10-15,419.1358947753906,445.8699951171875,446.260009765625,444.0899963378906,444.75,66260200,SPY
2021-10-18,420.3767395019531,447.19000244140625,447.54998779296875,443.2699890136719,443.9700012207031,62213200,SPY
2021-10-19,423.619873046875,450.6400146484375,450.7099914550781,448.2699890136719,448.9200134277344,46996800,SPY
2021-10-20,425.28375244140625,452.4100036621094,452.7300109863281,451.010009765625,451.1300048828125,49571600,SPY
2021-10-21,426.3929748535156,453.5899963378906,453.8299865722656,451.30999755859375,451.7699890136719,41305400,SPY
2021-10-22,425.9512023925781,453.1199951171875,454.6700134277344,451.04998779296875,453.1300048828125,58845100,SPY
2021-10-25,428.2354431152344,455.54998779296875,455.8999938964844,452.3900146484375,454.2799987792969,45214500,SPY
2021-10-26,428.620849609375,455.9599914550781,458.489990234375,455.55999755859375,457.20001220703125,56075100,SPY
2021-10-27,426.7220458984375,453.94000244140625,457.1600036621094,453.8599853515625,456.45001220703125,72438000,SPY
2021-10-28,430.8393249511719,458.32000732421875,458.3999938964844,455.45001220703125,455.4599914550781,51437900,SPY
2021-10-29,431.7135925292969,459.25,459.55999755859375,455.55999755859375,455.8699951171875,70162400,SPY
2021-11-01,432.4562683105469,460.0400085449219,460.70001220703125,458.20001220703125,460.29998779296875,48433600,SPY
2021-11-02,434.2047119140625,461.8999938964844,462.2300109863281,460.0799865722656,460.2200012207031,48908400,SPY
2021-11-03,436.85565185546875,464.7200012207031,465.1499938964844,460.8299865722656,461.29998779296875,52509800,SPY
2021-11-04,438.914306640625,466.9100036621094,467.0,464.989990234375,465.3599853515625,52847100,SPY
2021-11-05,440.4371337890625,468.5299987792969,470.6499938964844,466.9200134277344,469.2799987792969,66390600,SPY
2021-11-08,440.8132019042969,468.92999267578125,470.2300109863281,468.20001220703125,469.70001220703125,50405200,SPY
2021-11-09,439.3561096191406,467.3800048828125,469.57000732421875,465.8800048828125,469.32000732421875,51149100,SPY
2021-11-10,435.8215637207031,463.6199951171875,467.3800048828125,462.0400085449219,465.5799865722656,69429700,SPY
2021-11-11,435.96258544921875,463.7699890136719,465.2900085449219,463.75,465.2099914550781,34848500,SPY
2021-11-12,439.252685546875,467.2699890136719,467.8599853515625,464.1099853515625,465.1199951171875,53466700,SPY
2021-11-15,439.4031066894531,467.42999267578125,468.80999755859375,466.2300109863281,468.6400146484375,46980500,SPY
2021-11-16,441.1421813964844,469.2799987792969,470.489990234375,467.07000732421875,467.1499938964844,48857500,SPY
2021-11-17,440.0705871582031,468.1400146484375,469.19000244140625,467.4800109863281,469.0,47858300,SPY
2021-11-18,441.5653076171875,469.7300109863281,470.010009765625,466.3399963378906,469.239990234375,50625600,SPY
2021-11-19,440.7756652832031,468.8900146484375,470.94000244140625,468.5,469.6099853515625,57315600,SPY
2021-11-22,439.5348205566406,467.57000732421875,473.5400085449219,467.3500061035156,470.8900146484375,72762000,SPY
2021-11-23,440.1175231933594,468.19000244140625,469.1000061035156,464.45001220703125,467.2200012207031,73206500,SPY
2021-11-24,441.2926330566406,469.44000244140625,469.57000732421875,465.19000244140625,466.05999755859375,61858800,SPY
2021-11-26,431.450439453125,458.9700012207031,463.8999938964844,457.7699890136719,462.3399963378906,112669600,SPY
2021-11-29,436.74285888671875,464.6000061035156,466.55999755859375,461.7300109863281,464.07000732421875,86268800,SPY
2021-11-30,428.2449035644531,455.55999755859375,464.0299987792969,455.29998779296875,462.0,148559600,SPY
2021-12-01,423.48822021484375,450.5,464.6700134277344,450.2900085449219,461.6400146484375,131939200,SPY
2021-12-02,429.9745788574219,457.3999938964844,459.07000732421875,450.30999755859375,450.7300109863281,127637800,SPY
2021-12-03,426.2331848144531,453.4200134277344,460.29998779296875,448.9200134277344,459.1700134277344,137331600,SPY
2021-12-06,431.2812194824219,458.7900085449219,460.7900085449219,453.55999755859375,456.1300048828125,98977500,SPY
2021-12-07,440.2021484375,468.2799987792969,468.8800048828125,458.6499938964844,464.4100036621094,95484700,SPY
2021-12-08,441.36785888671875,469.5199890136719,470.0,466.8299865722656,468.70001220703125,72238800,SPY
2021-12-09,438.3879089355469,466.3500061035156,469.6300048828125,466.1400146484375,468.1499938964844,61272600,SPY
2021-12-10,442.5146179199219,470.739990234375,470.8999938964844,466.510009765625,469.2300109863281,77159800,SPY
2021-12-13,438.5947265625,466.57000732421875,470.55999755859375,466.2699890136719,470.19000244140625,87724700,SPY
2021-12-14,435.5771484375,463.3599853515625,465.739990234375,460.25,463.0899963378906,97264100,SPY
2021-12-15,442.383056640625,470.6000061035156,470.8599853515625,460.739990234375,463.4200134277344,116899300,SPY
2021-12-16,438.48187255859375,466.45001220703125,472.8699951171875,464.79998779296875,472.57000732421875,116568600,SPY
2021-12-17,433.815185546875,459.8699951171875,464.739990234375,458.05999755859375,461.54998779296875,135511600,SPY
2021-12-20,429.2022705078125,454.9800109863281,455.3999938964844,451.1400146484375,454.4800109863281,107134800,SPY
2021-12-21,436.82452392578125,463.05999755859375,463.2099914550781,456.30999755859375,458.6099853515625,69806300,SPY
2021-12-22,441.19219970703125,467.69000244140625,467.80999755859375,462.5799865722656,462.7900085449219,58890200,SPY
2021-12-23,443.937255859375,470.6000061035156,472.19000244140625,468.6400146484375,468.75,56439700,SPY
2021-12-27,450.2199401855469,477.260009765625,477.30999755859375,472.010009765625,472.05999755859375,56808600,SPY
2021-12-28,449.8520202636719,476.8699951171875,478.80999755859375,476.05999755859375,477.7200012207031,47274600,SPY
2021-12-29,450.427490234375,477.4800109863281,478.55999755859375,475.9200134277344,476.9800109863281,54503000,SPY
2021-12-30,449.1822814941406,476.1600036621094,479.0,475.6700134277344,477.92999267578125,55329000,SPY
2021-12-31,448.0502014160156,474.9599914550781,476.8599853515625,474.6700134277344,475.6400146484375,65237400,SPY
2022-01-03,450.6444396972656,477.7099914550781,477.8500061035156,473.8500061035156,476.29998779296875,72668200,SPY
2022-01-04,450.4935302734375,477.54998779296875,479.9800109863281,475.5799865722656,479.2200012207031,71178700,SPY
2022-01-05,441.8430480957031,468.3800048828125,477.9800109863281,468.2799987792969,477.1600036621094,104538900,SPY
2022-01-06,441.427978515625,467.94000244140625,470.82000732421875,465.42999267578125,467.8900146484375,86858900,SPY
2022-01-07,439.68280029296875,466.0899963378906,469.20001220703125,464.6499938964844,467.95001220703125,85111600,SPY
2022-01-10,439.1356506347656,465.510009765625,465.739990234375,456.6000061035156,462.70001220703125,119362000,SPY
2022-01-11,443.1354675292969,469.75,469.8500061035156,462.04998779296875,465.2300109863281,74303100,SPY
2022-01-12,444.33343505859375,471.0199890136719,473.20001220703125,468.94000244140625,471.5899963378906,67605400,SPY
2022-01-13,438.211181640625,464.5299987792969,472.8800048828125,463.44000244140625,472.19000244140625,91173100,SPY
2022-01-14,438.3904113769531,464.7200012207031,465.0899963378906,459.8999938964844,461.19000244140625,95890900,SPY
2022-01-18,430.6266784667969,456.489990234375,459.9599914550781,455.30999755859375,459.739990234375,109709100,SPY
2022-01-19,426.1552734375,451.75,459.6099853515625,451.4599914550781,458.1300048828125,109357600,SPY
2022-01-20,421.4385986328125,446.75,458.739990234375,444.5,453.75,122379700,SPY
2022-01-21,413.1654357910156,437.9800109863281,448.05999755859375,437.95001220703125,445.55999755859375,202271200,SPY
2022-01-24,414.91998291015625,439.8399963378906,440.3800048828125,420.760009765625,432.0299987792969,251783900,SPY
2022-01-25,409.85430908203125,434.4700012207031,439.7200012207031,427.1499938964844,433.05999755859375,167997300,SPY
2022-01-26,408.8260498046875,433.3800048828125,444.0400085449219,428.8599853515625,440.7200012207031,186391100,SPY
2022-01-27,406.8072814941406,431.239990234375,441.5899963378906,429.45001220703125,438.260009765625,149878300,SPY
2022-01-28,416.9104919433594,441.95001220703125,442.0,427.82000732421875,432.67999267578125,164457400,SPY
2022-01-31,424.41949462890625,449.9100036621094,450.2799987792969,439.80999755859375,441.239990234375,152251400,SPY
2022-02-01,427.28729248046875,452.95001220703125,453.6300048828125,446.94000244140625,450.67999267578125,123155400,SPY
2022-02-02,431.43798828125,457.3500061035156,458.1199951171875,453.04998779296875,455.5,117361000,SPY
2022-02-03,421.2970275878906,446.6000061035156,452.9700012207031,445.7099914550781,450.95001220703125,118024400,SPY
2022-02-04,423.278076171875,448.70001220703125,452.7799987792969,443.8299865722656,446.3500061035156,118454400,SPY
2022-02-07,421.9196472167969,447.260009765625,450.989990234375,445.8500061035156,449.510009765625,84472900,SPY
2022-02-08,425.39111328125,450.94000244140625,451.9200134277344,445.2200012207031,446.7300109863281,81012000,SPY
2022-02-09,431.6172180175781,457.5400085449219,457.8800048828125,455.010009765625,455.2200012207031,92589900,SPY
2022-02-10,423.8629150390625,449.32000732421875,457.7099914550781,447.20001220703125,451.3399963378906,140103700,SPY
2022-02-11,415.50482177734375,440.4599914550781,451.6099853515625,438.94000244140625,449.4100036621094,153214600,SPY
2022-02-14,414.146484375,439.0199890136719,441.6000061035156,435.3399963378906,439.9200134277344,123006300,SPY
2022-02-15,420.8254089355469,446.1000061035156,446.2799987792969,443.17999267578125,443.7300109863281,88482700,SPY
2022-02-16,421.2970275878906,446.6000061035156,448.05999755859375,441.94000244140625,443.92999267578125,84863600,SPY
2022-02-17,412.2974853515625,437.05999755859375,446.57000732421875,436.4200134277344,443.2200012207031,102259100,SPY
2022-02-18,409.62786865234375,434.2300109863281,438.6600036621094,431.82000732421875,437.3299865722656,132642900,SPY
2022-02-22,405.2319030761719,429.57000732421875,435.5,425.8599853515625,431.8900146484375,124391800,SPY
2022-02-23,398.04364013671875,421.95001220703125,433.260009765625,421.3500061035156,432.6600036621094,132578000,SPY
2022-02-24,404.03387451171875,428.29998779296875,428.760009765625,410.6400146484375,411.0199890136719,213942900,SPY
2022-02-25,412.94842529296875,437.75,437.8399963378906,427.8599853515625,429.6099853515625,121804500,SPY
2022-02-28,411.8919677734375,436.6300048828125,438.20001220703125,430.70001220703125,432.0299987792969,145615000,SPY
2022-03-01,405.6187744140625,429.9800109863281,437.1700134277344,427.1099853515625,435.0400085449219,137785900,SPY
2022-03-02,413.08050537109375,437.8900146484375,439.7200012207031,431.57000732421875,432.3699951171875,117726500,SPY
2022-03-03,411.0240173339844,435.7099914550781,441.1099853515625,433.79998779296875,440.4700012207031,105501700,SPY
2022-03-04,407.6846008300781,432.1700134277344,433.3699951171875,427.8800048828125,431.75,113978200,SPY
2022-03-07,395.66632080078125,419.42999267578125,432.29998779296875,419.3599853515625,431.54998779296875,137896600,SPY
2022-03-08,392.66650390625,416.25,427.2099914550781,415.1199951171875,419.6199951171875,164772700,SPY
2022-03-09,403.1943054199219,427.4100036621094,429.510009765625,422.82000732421875,425.1400146484375,116990800,SPY
2022-03-10,401.3736572265625,425.4800109863281,426.42999267578125,420.44000244140625,422.5199890136719,93972700,SPY
2022-03-11,396.2701110839844,420.07000732421875,428.7699890136719,419.5299987792969,428.1199951171875,95636300,SPY
2022-03-14,393.37408447265625,417.0,424.54998779296875,415.7900085449219,420.8900146484375,95729200,SPY
2022-03-15,402.0245056152344,426.1700134277344,426.8399963378906,418.4200134277344,419.7699890136719,106219100,SPY
2022-03-16,410.93914794921875,435.6199951171875,435.67999267578125,424.79998779296875,429.8900146484375,144954800,SPY
2022-03-17,416.0803527832031,441.07000732421875,441.07000732421875,433.19000244140625,433.5899963378906,102676900,SPY
2022-03-18,420.63751220703125,444.5199890136719,444.8599853515625,437.2200012207031,438.0,106345500,SPY
2022-03-21,420.5146179199219,444.3900146484375,446.4599914550781,440.67999267578125,444.3399963378906,88349800,SPY
2022-03-22,425.4352111816406,449.5899963378906,450.5799865722656,445.8599853515625,445.8599853515625,74650400,SPY
2022-03-23,419.95623779296875,443.79998779296875,448.489990234375,443.7099914550781,446.9100036621094,79426100,SPY
2022-03-24,426.2868347167969,450.489990234375,450.5,444.760009765625,445.94000244140625,64736900,SPY
2022-03-25,428.3686828613281,452.69000244140625,452.9800109863281,448.42999267578125,451.1600036621094,77101300,SPY
2022-03-28,431.4156799316406,455.9100036621094,455.9100036621094,450.05999755859375,452.05999755859375,68529800,SPY
2022-03-29,436.752685546875,461.54998779296875,462.07000732421875,457.17999267578125,460.0199890136719,86581500,SPY
2022-03-30,434.05572509765625,458.70001220703125,461.20001220703125,456.4700012207031,460.3399963378906,79666900,SPY
2022-03-31,427.37506103515625,451.6400146484375,458.760009765625,451.1600036621094,457.8900146484375,121699900,SPY
2022-04-01,428.58624267578125,452.9200134277344,453.4599914550781,449.1400146484375,453.30999755859375,89048800,SPY
2022-04-04,432.2577819824219,456.79998779296875,456.9100036621094,452.260009765625,453.1300048828125,59601000,SPY
2022-04-05,426.7978210449219,451.0299987792969,457.8299865722656,449.82000732421875,455.2200012207031,74214500,SPY
2022-04-06,422.53009033203125,446.5199890136719,448.92999267578125,443.4700012207031,446.8900146484375,106898000,SPY
2022-04-07,424.65924072265625,448.7699890136719,450.69000244140625,443.5299987792969,445.5899963378906,78097200,SPY
2022-04-08,423.5237121582031,447.57000732421875,450.6300048828125,445.94000244140625,447.9700012207031,79272700,SPY
2022-04-11,416.2847595214844,439.9200134277344,445.0,439.3900146484375,444.1099853515625,89770500,SPY
2022-04-12,414.74237060546875,438.2900085449219,445.75,436.6499938964844,443.0799865722656,84363600,SPY
2022-04-13,419.4925842285156,443.30999755859375,444.1099853515625,437.8399963378906,438.0299987792969,74070400,SPY
2022-04-14,414.2691955566406,437.7900085449219,444.7300109863281,437.67999267578125,443.54998779296875,97869500,SPY
2022-04-18,414.439453125,437.9700012207031,439.75,435.6099853515625,436.80999755859375,66002500,SPY
2022-04-19,421.1296691894531,445.0400085449219,445.79998779296875,437.67999267578125,437.8599853515625,77821000,SPY
2022-04-20,420.81732177734375,444.7099914550781,447.57000732421875,443.4800109863281,446.9200134277344,65224400,SPY
2022-04-21,414.52471923828125,438.05999755859375,450.010009765625,437.1000061035156,448.5400085449219,85417300,SPY
2022-04-22,403.1504821777344,426.0400085449219,438.0799865722656,425.44000244140625,436.9100036621094,132471800,SPY
2022-04-25,405.48773193359375,428.510009765625,428.69000244140625,418.8399963378906,423.6700134277344,119647700,SPY
2022-04-26,393.7445068359375,416.1000061035156,426.0400085449219,416.07000732421875,425.8299865722656,103996300,SPY
2022-04-27,394.85162353515625,417.2699890136719,422.9200134277344,415.010009765625,417.239990234375,122030000,SPY
2022-04-28,404.82537841796875,427.80999755859375,429.6400146484375,417.6000061035156,422.2900085449219,105449100,SPY
2022-04-29,389.8647766113281,412.0,425.8699951171875,411.2099914550781,423.5899963378906,145491100,SPY
2022-05-02,392.2115783691406,414.4800109863281,415.9200134277344,405.0199890136719,412.07000732421875,158312500,SPY
2022-05-03,394.00946044921875,416.3800048828125,418.92999267578125,413.3599853515625,415.010009765625,100028200,SPY
2022-05-04,406.0081787109375,429.05999755859375,429.6600036621094,413.7099914550781,417.0799865722656,144247900,SPY
2022-05-05,391.57757568359375,413.80999755859375,425.0,409.44000244140625,424.54998779296875,172929100,SPY
2022-05-06,389.240234375,411.3399963378906,414.79998779296875,405.7300109863281,411.1000061035156,151770800,SPY
2022-05-09,376.7778015136719,398.1700134277344,406.4100036621094,396.5,405.1000061035156,155586100,SPY
2022-05-10,377.6483459472656,399.0899963378906,406.0799865722656,394.82000732421875,404.489990234375,132497200,SPY
2022-05-11,371.6490173339844,392.75,404.0400085449219,391.9599914550781,398.07000732421875,142361000,SPY
2022-05-12,371.2610168457031,392.3399963378906,395.79998779296875,385.1499938964844,389.3699951171875,125090800,SPY
2022-05-13,380.1370849609375,401.7200012207031,403.17999267578125,395.6099853515625,396.7099914550781,104174400,SPY
2022-05-16,378.59466552734375,400.0899963378906,403.9700012207031,397.6000061035156,399.9800109863281,78622400,SPY
2022-05-17,386.3825378417969,408.32000732421875,408.57000732421875,402.5799865722656,406.5299987792969,83029700,SPY
2022-05-18,370.8067932128906,391.8599853515625,403.79998779296875,390.54998779296875,403.5,117674500,SPY
2022-05-19,368.5357971191406,389.4599914550781,394.1400146484375,387.1099853515625,388.6199951171875,98510700,SPY
2022-05-20,368.6966552734375,389.6300048828125,397.0299987792969,380.5400085449219,393.25,131432200,SPY
2022-05-23,375.594970703125,396.9200134277344,397.7300109863281,390.3800048828125,392.8299865722656,76414900,SPY
2022-05-24,372.7277526855469,393.8900146484375,395.1499938964844,386.9599914550781,392.55999755859375,91448800,SPY
2022-05-25,376.02081298828125,397.3699951171875,399.45001220703125,391.8900146484375,392.30999755859375,91472900,SPY
2022-05-26,383.5342102050781,405.30999755859375,407.0400085449219,398.45001220703125,398.6700134277344,82168300,SPY
2022-05-27,392.94964599609375,415.260009765625,415.3800048828125,407.70001220703125,407.9100036621094,84768700,SPY
2022-05-31,390.7448425292969,412.92999267578125,416.4599914550781,410.0299987792969,413.54998779296875,95937000,SPY
2022-06-01,387.584228515625,409.5899963378906,416.239990234375,406.92999267578125,415.1700134277344,86585800,SPY
2022-06-02,394.9652099609375,417.3900146484375,417.44000244140625,407.0400085449219,409.4200134277344,79609600,SPY
2022-06-03,388.48321533203125,410.5400085449219,414.0400085449219,409.510009765625,412.3999938964844,71874300,SPY
2022-06-06,389.6661071777344,411.7900085449219,416.6099853515625,410.54998779296875,414.7799987792969,57508900,SPY
2022-06-07,393.40380859375,415.739990234375,416.2200012207031,407.6099853515625,408.1000061035156,59272400,SPY
2022-06-08,389.126708984375,411.2200012207031,415.82000732421875,410.3800048828125,413.92999267578125,64350000,SPY
2022-06-09,379.8721008300781,401.44000244140625,411.739990234375,401.44000244140625,409.3399963378906,86289800,SPY
2022-06-10,368.8574523925781,389.79998779296875,395.7799987792969,389.75,394.8800048828125,132893900,SPY
2022-06-13,354.8526611328125,375.0,381.80999755859375,373.29998779296875,379.8500061035156,170004900,SPY
2022-06-14,353.7833557128906,373.8699951171875,377.94000244140625,370.5899963378906,376.8500061035156,104011800,SPY
2022-06-15,358.8269958496094,379.20001220703125,383.8999938964844,372.1199951171875,377.3599853515625,125666800,SPY
2022-06-16,346.9512634277344,366.6499938964844,370.94000244140625,364.0799865722656,370.510009765625,134473300,SPY
2022-06-17,347.69921875,365.8599853515625,369.3800048828125,362.1700134277344,365.510009765625,111113900,SPY
2022-06-21,356.4520263671875,375.07000732421875,376.5299987792969,371.80999755859375,371.8900146484375,76811900,SPY
2022-06-22,355.8058166503906,374.3900146484375,378.7200012207031,370.17999267578125,370.6199951171875,90059400,SPY
2022-06-23,359.2935791015625,378.05999755859375,378.8299865722656,372.8900146484375,376.6400146484375,79292100,SPY
2022-06-24,370.7170104980469,390.0799865722656,390.0899963378906,381.3699951171875,381.3999938964844,98050300,SPY
2022-06-27,369.3009338378906,388.5899963378906,391.3599853515625,387.44000244140625,391.04998779296875,66009600,SPY
2022-06-28,361.75506591796875,380.6499938964844,393.1600036621094,380.5299987792969,390.2300109863281,86548900,SPY
2022-06-29,361.46051025390625,380.3399963378906,382.2699890136719,378.4200134277344,381.2300109863281,65676000,SPY
2022-06-30,358.5238037109375,377.25,380.6600036621094,372.55999755859375,376.239990234375,112508300,SPY
2022-07-01,362.3157958984375,381.239990234375,381.70001220703125,373.79998779296875,376.55999755859375,74839700,SPY
2022-07-05,363.0,381.9599914550781,381.9800109863281,372.8999938964844,375.8800048828125,81438000,SPY
2022-07-06,364.2259826660156,383.25,385.8699951171875,379.6000061035156,382.1099853515625,70426200,SPY
2022-07-07,369.6810607910156,388.989990234375,389.8299865722656,383.2699890136719,385.1199951171875,64525900,SPY
2022-07-08,369.376953125,388.6700134277344,390.6400146484375,385.6600036621094,387.2699890136719,72397800,SPY
2022-07-11,365.1573486328125,384.2300109863281,386.8699951171875,383.5,385.8500061035156,58366900,SPY
2022-07-12,361.9261169433594,380.8299865722656,386.1600036621094,378.989990234375,383.6499938964844,62219200,SPY
2022-07-13,360.0253601074219,378.8299865722656,381.9200134277344,374.6600036621094,375.1000061035156,84224600,SPY
2022-07-14,359.1510314941406,377.9100036621094,379.04998779296875,371.0400085449219,373.6099853515625,89704800,SPY
2022-07-15,366.0126953125,385.1300048828125,385.25,380.5400085449219,382.54998779296875,79060400,SPY
2022-07-18,362.99053955078125,381.95001220703125,389.0899963378906,380.6600036621094,388.3800048828125,63203600,SPY
2022-07-19,372.7982177734375,392.2699890136719,392.8699951171875,385.3900146484375,386.0799865722656,78506000,SPY
2022-07-20,375.174072265625,394.7699890136719,396.260009765625,391.0299987792969,392.4700012207031,71843800,SPY
2022-07-21,378.9945983886719,398.7900085449219,398.8399963378906,391.6300048828125,394.1600036621094,64903900,SPY
2022-07-22,375.47821044921875,395.0899963378906,400.17999267578125,392.75,398.9200134277344,72197300,SPY
2022-07-25,375.9344177246094,395.57000732421875,396.4700012207031,393.2099914550781,395.75,53631500,SPY
2022-07-26,371.4867248535156,390.8900146484375,394.05999755859375,389.95001220703125,393.8399963378906,52946400,SPY
2022-07-27,381.1329040527344,401.0400085449219,402.8800048828125,394.04998779296875,394.3599853515625,82342100,SPY
2022-07-28,385.9132385253906,406.07000732421875,406.79998779296875,398.1499938964844,401.8900146484375,73966600,SPY
2022-07-29,391.53936767578125,411.989990234375,413.0299987792969,406.7699890136719,407.5799865722656,87003700,SPY
2022-08-01,390.3800048828125,410.7699890136719,413.4100036621094,408.3999938964844,409.1499938964844,69997500,SPY
2022-08-02,387.8044128417969,408.05999755859375,413.0,406.82000732421875,409.1199951171875,63435400,SPY
2022-08-03,393.8772888183594,414.45001220703125,415.67999267578125,410.0,410.29998779296875,67820600,SPY
2022-08-04,393.61114501953125,414.1700134277344,415.0899963378906,412.44000244140625,414.3699951171875,45656600,SPY
2022-08-05,392.9458923339844,413.4700012207031,414.1499938964844,409.6000061035156,409.6600036621094,56814900,SPY
2022-08-08,392.4897766113281,412.989990234375,417.6199951171875,411.8299865722656,415.25,53886100,SPY
2022-08-09,390.9311828613281,411.3500061035156,412.75,410.2200012207031,412.2200012207031,44931800,SPY
2022-08-10,399.14227294921875,419.989990234375,420.1400146484375,416.7200012207031,418.7799987792969,68665700,SPY
2022-08-11,399.14227294921875,419.989990234375,424.95001220703125,419.2099914550781,422.989990234375,59489700,SPY
2022-08-12,405.8992919921875,427.1000061035156,427.2099914550781,421.0299987792969,422.0299987792969,61694500,SPY
2022-08-15,407.5719299316406,428.8599853515625,429.4100036621094,424.7099914550781,424.7699890136719,54048300,SPY
2022-08-16,408.3702697753906,429.70001220703125,431.7300109863281,426.8800048828125,427.7300109863281,59289000,SPY
2022-08-17,405.4716491699219,426.6499938964844,429.5,424.5400085449219,425.9100036621094,63563400,SPY
2022-08-18,406.650146484375,427.8900146484375,428.6099853515625,425.5,426.8599853515625,49023200,SPY
2022-08-19,401.185546875,422.1400146484375,425.260009765625,421.2200012207031,424.9800109863281,68016900,SPY
2022-08-22,392.8318786621094,413.3500061035156,417.2300109863281,412.3999938964844,417.04998779296875,77695600,SPY
2022-08-23,391.88153076171875,412.3500061035156,415.4200134277344,411.7699890136719,412.8999938964844,49105200,SPY
2022-08-24,393.135986328125,413.6700134277344,415.1099853515625,411.3900146484375,412.1099853515625,49177800,SPY
2022-08-25,398.68609619140625,419.510009765625,419.55999755859375,414.0899963378906,415.239990234375,50942300,SPY
2022-08-26,385.19091796875,405.30999755859375,419.9599914550781,405.25,419.3900146484375,103087000,SPY
2022-08-29,382.64404296875,402.6300048828125,405.8399963378906,401.20001220703125,402.20001220703125,65370800,SPY
2022-08-30,378.443359375,398.2099914550781,404.1000061035156,396.0,403.8500061035156,85652400,SPY
2022-08-31,375.56378173828125,395.17999267578125,401.239990234375,395.0400085449219,399.92999267578125,76029700,SPY
2022-09-01,376.7422790527344,396.4200134277344,396.7799987792969,390.0400085449219,392.8900146484375,78740100,SPY
2022-09-02,372.769775390625,392.239990234375,401.55999755859375,390.3299865722656,400.2799987792969,99632100,SPY
2022-09-06,371.36322021484375,390.760009765625,394.1199951171875,388.4200134277344,393.1300048828125,76637400,SPY
2022-09-07,378.0346984863281,397.7799987792969,398.5899963378906,390.20001220703125,390.42999267578125,70964200,SPY
2022-09-08,380.5056457519531,400.3800048828125,400.8599853515625,394.1199951171875,395.3900146484375,80821700,SPY
2022-09-09,386.41693115234375,406.6000061035156,407.510009765625,402.4599914550781,402.739990234375,76706900,SPY
2022-09-12,390.570068359375,410.9700012207031,411.7300109863281,408.4599914550781,408.7799987792969,69256300,SPY
2022-09-13,373.58697509765625,393.1000061035156,403.1000061035156,391.9200134277344,401.8299865722656,122947100,SPY
2022-09-14,375.0125427246094,394.6000061035156,396.20001220703125,391.1199951171875,394.4700012207031,85023700,SPY
2022-09-15,370.7549743652344,390.1199951171875,395.9599914550781,388.7799987792969,392.9599914550781,87633800,SPY
2022-09-16,367.92657470703125,385.55999755859375,386.25,382.1099853515625,384.1400146484375,103084800,SPY
2022-09-19,370.7797546386719,388.54998779296875,388.54998779296875,382.17999267578125,382.260009765625,73278500,SPY
2022-09-20,366.52374267578125,384.0899963378906,386.1199951171875,381.20001220703125,385.05999755859375,77274900,SPY
2022-09-21,360.1302185058594,377.3900146484375,389.30999755859375,377.3800048828125,386.1099853515625,106746600,SPY
2022-09-22,357.10516357421875,374.2200012207031,378.29998779296875,373.44000244140625,376.5799865722656,89472600,SPY
2022-09-23,351.12188720703125,367.95001220703125,370.6199951171875,363.2900085449219,370.5799865722656,122346900,SPY
2022-09-26,347.6483459472656,364.30999755859375,370.2099914550781,363.0299987792969,366.4100036621094,92581200,SPY
2022-09-27,346.7609558105469,363.3800048828125,370.3999938964844,360.8699951171875,368.0199890136719,108294100,SPY
2022-09-28,353.58392333984375,370.5299987792969,372.29998779296875,362.6000061035156,364.3800048828125,110802200,SPY
2022-09-29,346.19793701171875,362.7900085449219,367.1099853515625,359.70001220703125,366.80999755859375,112952300,SPY
2022-09-30,340.8444519042969,357.17999267578125,365.9100036621094,357.0400085449219,361.79998779296875,153711200,SPY
2022-10-03,349.8431396484375,366.6099853515625,368.54998779296875,359.2099914550781,361.0799865722656,89756500,SPY
2022-10-04,360.6836242675781,377.9700012207031,378.0,366.57000732421875,372.3999938964844,103602800,SPY
2022-10-05,359.8438720703125,377.0899963378906,379.4599914550781,370.95001220703125,373.3900146484375,88065700,SPY
2022-10-06,356.1318359375,373.20001220703125,378.7200012207031,372.67999267578125,375.6199951171875,82333500,SPY
2022-10-07,346.19793701171875,362.7900085449219,373.2900085449219,360.94000244140625,368.9700012207031,107789500,SPY
2022-10-10,343.5545654296875,360.0199890136719,364.2099914550781,357.6700134277344,363.9599914550781,76042800,SPY
2022-10-11,341.37884521484375,357.739990234375,363.0299987792969,355.7099914550781,358.239990234375,92482800,SPY
2022-10-12,340.2528076171875,356.55999755859375,359.82000732421875,356.29998779296875,358.1700134277344,76991800,SPY
2022-10-13,349.232421875,365.9700012207031,367.510009765625,348.1099853515625,349.2099914550781,147254500,SPY
2022-10-14,341.27386474609375,357.6300048828125,370.260009765625,356.9599914550781,368.54998779296875,123737000,SPY
2022-10-17,350.0435485839844,366.82000732421875,367.9800109863281,357.2799987792969,364.010009765625,93168200,SPY
2022-10-18,354.1564636230469,371.1300048828125,375.45001220703125,367.5199890136719,375.1300048828125,97162900,SPY
2022-10-19,351.646728515625,368.5,371.8500061035156,365.54998779296875,368.989990234375,79746900,SPY
2022-10-20,348.6981201171875,365.4100036621094,372.6700134277344,364.6099853515625,368.0299987792969,88283100,SPY
2022-10-21,357.1719665527344,374.2900085449219,374.79998779296875,363.5400085449219,365.1199951171875,131038400,SPY
2022-10-24,361.54248046875,378.8699951171875,380.05999755859375,373.1099853515625,375.8900146484375,85436900,SPY
2022-10-25,367.3158264160156,384.9200134277344,385.25,378.6700134277344,378.7900085449219,78846300,SPY
2022-10-26,364.5483703613281,382.0199890136719,387.5799865722656,381.3500061035156,381.6199951171875,104087300,SPY
2022-10-27,362.6017150878906,379.9800109863281,385.0,379.3299865722656,383.07000732421875,81971800,SPY
2022-10-28,371.2281799316406,389.0199890136719,389.5199890136719,379.67999267578125,379.8699951171875,100302000,SPY
2022-10-31,368.5467834472656,386.2099914550781,388.3999938964844,385.260009765625,386.44000244140625,96631300,SPY
2022-11-01,366.93402099609375,384.5199890136719,390.3900146484375,383.2900085449219,390.1400146484375,85407600,SPY
2022-11-02,357.72540283203125,374.8699951171875,388.6300048828125,374.760009765625,383.8999938964844,126990400,SPY
2022-11-03,354.0419616699219,371.010009765625,374.20001220703125,368.7900085449219,371.4700012207031,87100100,SPY
2022-11-04,359.13775634765625,376.3500061035156,378.8699951171875,370.0,377.0,103505200,SPY
2022-11-07,362.5731506347656,379.95001220703125,380.57000732421875,375.5299987792969,377.7099914550781,68286900,SPY
2022-11-08,364.52935791015625,382.0,385.1199951171875,377.7200012207031,381.1099853515625,84641100,SPY
2022-11-09,357.0192565917969,374.1300048828125,381.1400146484375,373.6099853515625,379.92999267578125,78495500,SPY
2022-11-10,376.63897705078125,394.69000244140625,395.0400085449219,385.6400146484375,388.04998779296875,141455800,SPY
2022-11-11,380.2842712402344,398.510009765625,399.3500061035156,393.6099853515625,395.5899963378906,93839900,SPY
2022-11-14,377.04925537109375,395.1199951171875,400.17999267578125,394.8299865722656,396.6600036621094,71903500,SPY
2022-11-15,380.26513671875,398.489990234375,402.30999755859375,394.489990234375,401.1499938964844,93194500,SPY
2022-11-16,377.36419677734375,395.45001220703125,397.7799987792969,394.7900085449219,396.7799987792969,68508500,SPY
2022-11-17,376.2095031738281,394.239990234375,394.95001220703125,390.1400146484375,390.4599914550781,74496300,SPY
2022-11-18,377.9176940917969,396.0299987792969,397.80999755859375,393.0400085449219,397.739990234375,92922500,SPY
2022-11-21,376.5434875488281,394.5899963378906,395.82000732421875,392.6600036621094,394.6400146484375,51243200,SPY
2022-11-22,381.6107177734375,399.8999938964844,400.07000732421875,395.1499938964844,396.6300048828125,60429000,SPY
2022-11-23,384.01544189453125,402.4200134277344,402.92999267578125,399.30999755859375,399.54998779296875,68261600,SPY
2022-11-25,383.92950439453125,402.3299865722656,402.9100036621094,401.5400085449219,401.8299865722656,30545400,SPY
2022-11-28,377.80316162109375,395.9100036621094,400.80999755859375,395.1099853515625,399.0899963378906,67881600,SPY
2022-11-29,377.154296875,395.2300109863281,397.29998779296875,393.29998779296875,396.04998779296875,52310000,SPY
2022-11-30,389.03485107421875,407.67999267578125,407.67999267578125,393.4800109863281,395.489990234375,144566700,SPY
2022-12-01,388.74859619140625,407.3800048828125,410.0,404.75,408.7699890136719,76398200,SPY
2022-12-02,388.30010986328125,406.9100036621094,407.8599853515625,402.1400146484375,402.25,85342700,SPY
2022-12-05,381.3148498535156,399.5899963378906,404.92999267578125,398.1700134277344,403.95001220703125,77289800,SPY
2022-12-06,375.8182678222656,393.8299865722656,399.989990234375,391.6400146484375,399.4200134277344,77972200,SPY
2022-12-07,375.1789855957031,393.1600036621094,395.6400146484375,391.9700012207031,392.94000244140625,65927900,SPY
2022-12-08,378.1180419921875,396.239990234375,397.3599853515625,393.2699890136719,395.1400146484375,60737900,SPY
2022-12-09,375.29339599609375,393.2799987792969,397.6199951171875,393.1499938964844,394.94000244140625,81447700,SPY
2022-12-12,380.7041320800781,398.95001220703125,398.95001220703125,393.4100036621094,394.1099853515625,75405800,SPY
2022-12-13,383.5860290527344,401.9700012207031,410.489990234375,399.07000732421875,410.2200012207031,123782500,SPY
2022-12-14,381.1335754394531,399.3999938964844,405.5,396.30999755859375,401.6099853515625,108111300,SPY
2022-12-15,371.8103942871094,389.6300048828125,395.25,387.8900146484375,394.29998779296875,117705900,SPY
2022-12-16,367.4207763671875,383.2699890136719,386.5799865722656,381.0400085449219,385.17999267578125,119858000,SPY
2022-12-19,364.30511474609375,380.0199890136719,383.82000732421875,378.2799987792969,383.4700012207031,79878100,SPY
2022-12-20,364.80364990234375,380.5400085449219,382.2300109863281,377.8500061035156,379.2300109863281,74427200,SPY
2022-12-21,370.25836181640625,386.2300109863281,387.4100036621094,382.69000244140625,383.25,78167400,SPY
2022-12-22,364.97613525390625,380.7200012207031,386.2099914550781,374.7699890136719,383.04998779296875,100120900,SPY
2022-12-23,367.0756530761719,382.9100036621094,383.05999755859375,378.0299987792969,379.6499938964844,59857300,SPY
2022-12-27,365.62811279296875,381.3999938964844,383.1499938964844,379.6499938964844,382.7900085449219,51638200,SPY
2022-12-28,361.0840759277344,376.6600036621094,383.3900146484375,376.4200134277344,381.3299865722656,70911500,SPY
2022-12-29,367.583740234375,383.44000244140625,384.3500061035156,379.0799865722656,379.6300048828125,66970900,SPY
2022-12-30,366.6154479980469,382.42999267578125,382.5799865722656,378.42999267578125,380.6400146484375,84022200,SPY
2023-01-03,365.072021484375,380.82000732421875,386.42999267578125,377.8299865722656,384.3699951171875,74850700,SPY
2023-01-04,367.8905029296875,383.760009765625,385.8800048828125,380.0,383.17999267578125,85934100,SPY
2023-01-05,363.691650390625,379.3800048828125,381.8399963378906,378.760009765625,381.7200012207031,76970500,SPY
2023-01-06,372.03179931640625,388.0799865722656,389.25,379.4100036621094,382.6099853515625,104189600,SPY
2023-01-09,371.8209228515625,387.8599853515625,393.70001220703125,387.6700134277344,390.3699951171875,73978100,SPY
2023-01-10,374.42840576171875,390.5799865722656,390.6499938964844,386.2699890136719,387.25,65358100,SPY
2023-01-11,379.16412353515625,395.5199890136719,395.6000061035156,391.3800048828125,392.2300109863281,68881100,SPY
2023-01-12,380.5445556640625,396.9599914550781,398.489990234375,392.4200134277344,396.6700134277344,90157700,SPY
2023-01-13,382.0209045410156,398.5,399.1000061035156,393.3399963378906,393.6199951171875,63903900,SPY
2023-01-17,381.3211669921875,397.7699890136719,400.2300109863281,397.05999755859375,398.4800109863281,62677300,SPY
2023-01-18,375.3007507324219,391.489990234375,400.1199951171875,391.2799987792969,399.010009765625,99632300,SPY
2023-01-19,372.56866455078125,388.6400146484375,391.0799865722656,387.260009765625,389.3599853515625,86958900,SPY
2023-01-20,379.5092468261719,395.8800048828125,396.0400085449219,388.3800048828125,390.1000061035156,91806400,SPY
2023-01-23,384.0628356933594,400.6300048828125,402.6499938964844,395.7200012207031,396.7200012207031,84178800,SPY
2023-01-24,383.6506042480469,400.20001220703125,401.1499938964844,397.6400146484375,398.8800048828125,59524900,SPY
2023-01-25,383.79443359375,400.3500061035156,400.70001220703125,393.55999755859375,395.95001220703125,84800300,SPY
2023-01-26,388.0124816894531,404.75,404.9200134277344,400.0299987792969,403.1300048828125,72287400,SPY
2023-01-27,388.904052734375,405.67999267578125,408.1600036621094,403.44000244140625,403.6600036621094,68346200,SPY
2023-01-30,384.02447509765625,400.5899963378906,405.1300048828125,400.2799987792969,402.79998779296875,74202000,SPY
2023-01-31,389.6709289550781,406.4800109863281,406.5299987792969,400.7699890136719,401.1300048828125,86811800,SPY
2023-02-01,393.8122253417969,410.79998779296875,413.6700134277344,402.3500061035156,405.2099914550781,101459200,SPY
2023-02-02,399.54498291015625,416.7799987792969,418.30999755859375,412.8800048828125,414.8599853515625,101654500,SPY
2023-02-03,395.2981872558594,412.3500061035156,416.9700012207031,411.0899963378906,411.5899963378906,94736800,SPY
2023-02-06,392.88238525390625,409.8299865722656,411.2900085449219,408.1000061035156,409.7900085449219,60295300,SPY
2023-02-07,398.02081298828125,415.19000244140625,416.489990234375,407.57000732421875,408.8699951171875,90990700,SPY
2023-02-08,393.6684875488281,410.6499938964844,414.5299987792969,409.92999267578125,413.1300048828125,76227500,SPY
2023-02-09,390.2557067871094,407.0899963378906,414.57000732421875,405.80999755859375,414.4100036621094,78694900,SPY
2023-02-10,391.16644287109375,408.0400085449219,408.44000244140625,405.010009765625,405.8599853515625,70769700,SPY
2023-02-13,395.7583312988281,412.8299865722656,412.9700012207031,408.239990234375,408.7200012207031,64913500,SPY
2023-02-14,395.576171875,412.6400146484375,415.04998779296875,408.510009765625,411.239990234375,88389300,SPY
2023-02-15,396.86083984375,413.9800109863281,414.05999755859375,409.4700012207031,410.3500061035156,61555700,SPY
2023-02-16,391.3965148925781,408.2799987792969,412.9100036621094,408.1400146484375,408.7900085449219,76431500,SPY
2023-02-17,390.4186706542969,407.260009765625,407.510009765625,404.04998779296875,406.05999755859375,89257800,SPY
2023-02-21,382.5865173339844,399.0899963378906,404.1600036621094,398.82000732421875,403.05999755859375,82655900,SPY
2023-02-22,382.059326171875,398.5400085449219,401.1300048828125,397.0199890136719,399.5199890136719,83742300,SPY
2023-02-23,384.09161376953125,400.6600036621094,402.20001220703125,396.25,401.55999755859375,96242400,SPY
2023-02-24,379.9886169433594,396.3800048828125,397.25,393.6400146484375,395.4200134277344,108194400,SPY
2023-02-27,381.28277587890625,397.7300109863281,401.2900085449219,396.75,399.8699951171875,80444700,SPY
2023-02-28,379.8735046386719,396.260009765625,399.2799987792969,396.1499938964844,397.2300109863281,96438600,SPY
2023-03-01,378.41644287109375,394.739990234375,396.69000244140625,393.3800048828125,395.4100036621094,99706800,SPY
2023-03-02,381.3594970703125,397.80999755859375,398.69000244140625,392.3299865722656,392.67999267578125,85127800,SPY
2023-03-03,387.4756774902344,404.19000244140625,404.45001220703125,399.0299987792969,399.7099914550781,90120000,SPY
2023-03-06,387.74407958984375,404.4700012207031,407.45001220703125,404.010009765625,405.04998779296875,72795900,SPY
2023-03-07,381.8004150390625,398.2699890136719,404.6700134277344,397.6300048828125,404.4200134277344,108310600,SPY
2023-03-08,382.4236145019531,398.9200134277344,399.7099914550781,396.5899963378906,398.3900146484375,74746600,SPY
2023-03-09,375.367919921875,391.55999755859375,401.4800109863281,390.5299987792969,399.739990234375,111945300,SPY
2023-03-10,369.9515686035156,385.9100036621094,393.1600036621094,384.32000732421875,390.989990234375,189253000,SPY
2023-03-13,369.42431640625,385.3599853515625,390.3900146484375,380.6499938964844,381.80999755859375,157790000,SPY
2023-03-14,375.5308837890625,391.7300109863281,393.45001220703125,387.04998779296875,390.5,149752400,SPY
2023-03-15,373.1822509765625,389.2799987792969,389.489990234375,383.7099914550781,385.8900146484375,172996900,SPY
2023-03-16,379.7297058105469,396.1099853515625,396.4700012207031,386.2900085449219,386.82000732421875,143254200,SPY
2023-03-17,375.28973388671875,389.989990234375,394.3999938964844,388.54998779296875,393.2200012207031,140553400,SPY
2023-03-20,378.8983459472656,393.739990234375,394.1700134277344,390.07000732421875,390.79998779296875,93055800,SPY
2023-03-21,383.87347412109375,398.9100036621094,399.4100036621094,395.5799865722656,397.239990234375,91524200,SPY
2023-03-22,377.32977294921875,392.1099853515625,402.489990234375,392.07000732421875,398.7300109863281,111746600,SPY
2023-03-23,378.349853515625,393.1700134277344,399.2900085449219,390.3500061035156,395.0899963378906,119351300,SPY
2023-03-24,380.8326110839844,395.75,395.8399963378906,389.3999938964844,391.8399963378906,107682400,SPY
2023-03-27,381.5446472167969,396.489990234375,398.9200134277344,395.55999755859375,398.1199951171875,74010400,SPY
2023-03-28,380.688232421875,395.6000061035156,396.489990234375,393.69000244140625,395.7699890136719,62871700,SPY
2023-03-29,386.22149658203125,401.3500061035156,401.6000061035156,398.67999267578125,399.92999267578125,77497900,SPY
2023-03-30,388.48297119140625,403.70001220703125,404.3500061035156,401.760009765625,404.0899963378906,69840000,SPY
2023-03-31,393.9584655761719,409.3900146484375,409.70001220703125,404.54998779296875,404.6600036621094,112062600,SPY
2023-04-03,395.4596252441406,410.95001220703125,411.3699951171875,408.44000244140625,408.8500061035156,67391100,SPY
2023-04-04,393.265625,408.6700134277344,411.9200134277344,407.239990234375,411.6199951171875,66601500,SPY
2023-04-05,392.2359313964844,407.6000061035156,408.70001220703125,405.8800048828125,407.9100036621094,65200200,SPY
2023-04-06,393.7659606933594,409.19000244140625,409.4800109863281,405.67999267578125,406.7699890136719,63743300,SPY
2023-04-10,394.1701354980469,409.6099853515625,409.69000244140625,405.9700012207031,406.6099853515625,63681000,SPY
2023-04-11,394.2760009765625,409.7200012207031,411.17999267578125,408.9200134277344,410.260009765625,59297900,SPY
2023-04-12,392.6689453125,408.04998779296875,412.1700134277344,407.44000244140625,411.8699951171875,86420400,SPY
2023-04-13,397.88470458984375,413.4700012207031,413.8399963378906,407.989990234375,409.17999267578125,85814800,SPY
2023-04-14,396.9127197265625,412.4599914550781,415.0899963378906,410.05999755859375,412.80999755859375,78161500,SPY
2023-04-17,398.3368835449219,413.94000244140625,413.9599914550781,411.0899963378906,412.3699951171875,66436400,SPY
2023-04-18,398.59674072265625,414.2099914550781,415.7200012207031,412.7799987792969,415.5799865722656,63560000,SPY
2023-04-19,398.5294189453125,414.1400146484375,415.0799865722656,412.1600036621094,412.2200012207031,55227300,SPY
2023-04-20,396.3545837402344,411.8800048828125,413.70001220703125,410.2699890136719,411.2099914550781,75840400,SPY
2023-04-21,396.6625061035156,412.20001220703125,412.67999267578125,410.1700134277344,412.19000244140625,73457400,SPY
2023-04-24,397.0762634277344,412.6300048828125,413.07000732421875,410.6000061035156,411.989990234375,64332100,SPY
2023-04-25,390.7732238769531,406.0799865722656,411.1600036621094,406.0199890136719,410.5799865722656,97766700,SPY
2023-04-26,389.1180419921875,404.3599853515625,407.8399963378906,403.7799987792969,406.7200012207031,80447000,SPY
2023-04-27,396.8645935058594,412.4100036621094,412.69000244140625,406.739990234375,407.0,92968400,SPY
2023-04-28,400.25189208984375,415.92999267578125,415.94000244140625,411.42999267578125,411.489990234375,89433100,SPY
2023-05-01,399.8477478027344,415.510009765625,417.6199951171875,415.2699890136719,415.4700012207031,62122300,SPY
2023-05-02,395.3537902832031,410.8399963378906,414.82000732421875,407.82000732421875,414.7699890136719,103998500,SPY
2023-05-03,392.64007568359375,408.0199890136719,413.8699951171875,407.7699890136719,411.3599853515625,91531800,SPY
2023-05-04,389.8590087890625,405.1300048828125,407.2699890136719,403.739990234375,406.92999267578125,94901900,SPY
2023-05-05,397.0762634277344,412.6300048828125,413.7200012207031,408.6400146484375,408.9100036621094,87891800,SPY
2023-05-08,397.1821594238281,412.739990234375,413.239990234375,411.2799987792969,412.9700012207031,50046800,SPY
2023-05-09,395.4403076171875,410.92999267578125,412.0899963378906,410.69000244140625,411.1300048828125,49220100,SPY
2023-05-10,397.2880554199219,412.8500061035156,414.5400085449219,408.8699951171875,413.8800048828125,96142900,SPY
2023-05-11,396.5951232910156,412.1300048828125,412.42999267578125,409.9700012207031,411.95001220703125,70157100,SPY
2023-05-12,396.0755310058594,411.5899963378906,413.6400146484375,409.07000732421875,413.4200134277344,70481500,SPY
2023-05-15,397.4420166015625,413.010009765625,413.42999267578125,410.2300109863281,412.2200012207031,54289400,SPY
2023-05-16,394.7859802246094,410.25,412.82000732421875,410.239990234375,411.8599853515625,57705500,SPY
2023-05-17,399.57830810546875,415.2300109863281,415.8599853515625,410.6400146484375,412.3500061035156,87287000,SPY
2023-05-18,403.42755126953125,419.2300109863281,419.6700134277344,414.6700134277344,414.8999938964844,97177200,SPY
2023-05-19,402.84051513671875,418.6199951171875,420.7200012207031,417.3500061035156,420.1700134277344,103793300,SPY
2023-05-22,403.0041198730469,418.7900085449219,420.3900146484375,417.3500061035156,418.6400146484375,60745400,SPY
2023-05-23,398.48126220703125,414.0899963378906,418.7200012207031,413.67999267578125,417.0799865722656,86383500,SPY
2023-05-24,395.5943603515625,411.0899963378906,412.82000732421875,409.8800048828125,412.4200134277344,89213700,SPY
2023-05-25,399.0201721191406,414.6499938964844,416.1600036621094,412.4100036621094,414.739990234375,90961600,SPY
2023-05-26,404.1877746582031,420.0199890136719,420.7699890136719,415.25,415.3299865722656,93830000,SPY
2023-05-30,404.3417053222656,420.17999267578125,422.5799865722656,418.739990234375,422.0299987792969,72216000,SPY
2023-05-31,402.0994873046875,417.8500061035156,419.2200012207031,416.2200012207031,418.2799987792969,110811800,SPY
2023-06-01,405.91986083984375,421.82000732421875,422.9200134277344,416.7900085449219,418.0899963378906,88865000,SPY
2023-06-02,411.78997802734375,427.9200134277344,428.739990234375,423.95001220703125,424.5,91426200,SPY
2023-06-05,411.0008544921875,427.1000061035156,429.6199951171875,426.3699951171875,428.2799987792969,65460200,SPY
2023-06-06,411.89581298828125,428.0299987792969,428.5799865722656,425.989990234375,426.6700134277344,64022200,SPY
2023-06-07,410.4715576171875,426.54998779296875,429.6199951171875,426.1099853515625,428.44000244140625,85373300,SPY
2023-06-08,412.954345703125,429.1300048828125,429.6000061035156,425.82000732421875,426.6199951171875,61952800,SPY
2023-06-09,413.69537353515625,429.8999938964844,431.989990234375,428.8699951171875,429.9599914550781,85742800,SPY
2023-06-12,417.4483337402344,433.79998779296875,433.8800048828125,430.1700134277344,430.9200134277344,76104300,SPY
2023-06-13,420.2005310058594,436.6600036621094,437.3299865722656,434.6300048828125,435.32000732421875,95899700,SPY
2023-06-14,420.700927734375,437.17999267578125,439.05999755859375,433.5899963378906,437.010009765625,100612100,SPY
2023-06-15,425.9166259765625,442.6000061035156,443.8999938964844,436.2300109863281,436.3299865722656,110303100,SPY
2023-06-16,424.46588134765625,439.4599914550781,443.6099853515625,438.9700012207031,443.0199890136719,114165800,SPY
2023-06-20,422.26361083984375,437.17999267578125,438.3699951171875,435.0299987792969,437.45001220703125,76160400,SPY
2023-06-21,420.10009765625,434.94000244140625,436.989990234375,434.3299865722656,436.1600036621094,76982300,SPY
2023-06-22,421.61651611328125,436.510009765625,436.6199951171875,433.6000061035156,433.95001220703125,70637200,SPY
2023-06-23,418.4291076660156,433.2099914550781,435.05999755859375,432.4700012207031,432.92999267578125,92074500,SPY
2023-06-26,416.7195129394531,431.44000244140625,434.6099853515625,431.19000244140625,432.6199951171875,72823600,SPY
2023-06-27,421.2881164550781,436.1700134277344,436.80999755859375,431.8800048828125,432.3500061035156,72813700,SPY
2023-06-28,421.5005798339844,436.3900146484375,437.44000244140625,434.4100036621094,435.04998779296875,75636000,SPY
2023-06-29,423.16192626953125,438.1099853515625,438.2799987792969,435.5400085449219,435.9599914550781,67882300,SPY
2023-06-30,428.1555480957031,443.2799987792969,444.29998779296875,441.1099853515625,441.44000244140625,104964000,SPY
2023-07-03,428.6481018066406,443.7900085449219,444.0799865722656,442.6300048828125,442.9200134277344,32793400,SPY
2023-07-05,428.01068115234375,443.1300048828125,443.8900146484375,441.8999938964844,441.9100036621094,58418400,SPY
2023-07-06,424.6590576171875,439.6600036621094,440.1000061035156,437.05999755859375,439.4200134277344,80658300,SPY
2023-07-07,423.5869140625,438.54998779296875,442.6400146484375,438.29998779296875,438.6300048828125,86134200,SPY
2023-07-10,424.6590576171875,439.6600036621094,439.8399963378906,437.5899963378906,438.17999267578125,62443500,SPY
2023-07-11,427.363525390625,442.4599914550781,442.9700012207031,439.44000244140625,440.45001220703125,64463800,SPY
2023-07-12,430.8019714355469,446.0199890136719,447.4800109863281,444.9100036621094,446.3900146484375,91924500,SPY
2023-07-13,434.22125244140625,449.55999755859375,450.3800048828125,447.45001220703125,447.8999938964844,72425200,SPY
2023-07-14,433.9508056640625,449.2799987792969,451.3599853515625,448.489990234375,450.4800109863281,69815800,SPY
2023-07-17,435.4575500488281,450.8399963378906,451.92999267578125,449.0799865722656,449.1300048828125,52680200,SPY
2023-07-18,438.6932678222656,454.19000244140625,454.8599853515625,450.04998779296875,450.5,80668200,SPY
2023-07-19,439.6688537597656,455.20001220703125,456.42999267578125,454.1099853515625,455.010009765625,65891700,SPY
2023-07-20,436.7518615722656,452.17999267578125,455.1000061035156,451.44000244140625,454.1700134277344,70591600,SPY
2023-07-21,436.7518615722656,452.17999267578125,454.1700134277344,452.1700134277344,453.9599914550781,71275600,SPY
2023-07-24,438.70294189453125,454.20001220703125,455.0400085449219,452.29998779296875,453.3699951171875,54023400,SPY
2023-07-25,439.9006042480469,455.44000244140625,456.739990234375,453.8699951171875,453.9200134277344,55191200,SPY
2023-07-26,439.96826171875,455.510009765625,456.989990234375,453.3800048828125,454.4700012207031,71052900,SPY
2023-07-27,437.0513000488281,452.489990234375,459.44000244140625,451.54998779296875,459.0199890136719,92194400,SPY
2023-07-28,441.3301696777344,456.9200134277344,457.7799987792969,452.489990234375,455.8800048828125,80011800,SPY
2023-07-31,442.1704406738281,457.7900085449219,458.1600036621094,456.04998779296875,457.4100036621094,62040400,SPY
2023-08-01,440.9051513671875,456.4800109863281,457.25,455.489990234375,456.2699890136719,55291500,SPY
2023-08-02,434.7718200683594,450.1300048828125,453.5199890136719,449.3500061035156,453.25,93933400,SPY
2023-08-03,433.52581787109375,448.8399963378906,450.7900085449219,447.3699951171875,448.0400085449219,64276100,SPY
2023-08-04,431.5650329589844,446.80999755859375,452.8999938964844,446.2699890136719,450.7200012207031,100128900,SPY
2023-08-07,435.3320007324219,450.7099914550781,450.8699951171875,447.989990234375,448.7099914550781,58357500,SPY
2023-08-08,433.4388732910156,448.75,450.70001220703125,445.2699890136719,448.0799865722656,71361300,SPY
2023-08-09,430.5412292480469,445.75,449.20001220703125,444.9599914550781,449.0299987792969,78789600,SPY
2023-08-10,430.6957702636719,445.9100036621094,451.70001220703125,444.70001220703125,448.19000244140625,93005500,SPY
2023-08-11,430.4446716308594,445.6499938964844,446.70001220703125,443.3500061035156,443.9700012207031,68690900,SPY
2023-08-14,432.8207702636719,448.1099853515625,448.1099853515625,444.3800048828125,444.70001220703125,47867400,SPY
2023-08-15,427.7788391113281,442.8900146484375,446.6400146484375,442.29998779296875,446.2699890136719,75707500,SPY
2023-08-16,424.6397705078125,439.6400146484375,444.17999267578125,439.5299987792969,442.4599914550781,80107200,SPY
2023-08-17,421.40399169921875,436.2900085449219,441.42999267578125,435.75,441.1600036621094,95711300,SPY
2023-08-18,421.6068115234375,436.5,437.57000732421875,433.010009765625,433.3699951171875,98852000,SPY
2023-08-21,424.3499755859375,439.3399963378906,440.1099853515625,435.32000732421875,437.54998779296875,68719000,SPY
2023-08-22,423.2005920410156,438.1499938964844,441.17999267578125,437.57000732421875,441.17999267578125,64994200,SPY
2023-08-23,427.9140319824219,443.0299987792969,443.6700134277344,439.1000061035156,439.25,68441000,SPY
2023-08-24,421.9835510253906,436.8900146484375,445.2200012207031,436.8599853515625,444.69000244140625,88517300,SPY
2023-08-25,424.9584045410156,439.9700012207031,441.29998779296875,435.0,438.67999267578125,102325100,SPY
2023-08-28,427.65325927734375,442.760009765625,443.3999938964844,439.9700012207031,442.239990234375,61595400,SPY
2023-08-29,433.8349609375,449.1600036621094,449.45001220703125,442.4599914550781,442.6499938964844,83081900,SPY
2023-08-30,435.62176513671875,451.010009765625,451.6700134277344,448.7799987792969,449.510009765625,69053900,SPY
2023-08-31,434.9843444824219,450.3500061035156,452.8299865722656,450.1600036621094,451.6499938964844,66084600,SPY
2023-09-01,435.7956237792969,451.19000244140625,453.6700134277344,449.67999267578125,453.1700134277344,58944100,SPY
2023-09-05,433.9122314453125,449.239990234375,451.05999755859375,449.1700134277344,450.7300109863281,55166200,SPY
2023-09-06,430.9952087402344,446.2200012207031,448.510009765625,443.80999755859375,448.3999938964844,70758500,SPY
2023-09-07,429.6719970703125,444.8500061035156,445.54998779296875,442.75,443.1099853515625,70355400,SPY
2023-09-08,430.319091796875,445.5199890136719,447.1099853515625,444.5299987792969,444.8999938964844,61659700,SPY
2023-09-11,433.1491394042969,448.45001220703125,448.7699890136719,446.4700012207031,448.239990234375,60180100,SPY
2023-09-12,430.7729797363281,445.989990234375,448.5299987792969,445.3900146484375,446.95001220703125,67565400,SPY
2023-09-13,431.2752685546875,446.510009765625,447.7099914550781,445.0799865722656,446.2200012207031,60199300,SPY
2023-09-14,434.9940185546875,450.3599853515625,451.0799865722656,447.7200012207031,449.07000732421875,83430800,SPY
2023-09-15,429.7530212402344,443.3699951171875,447.4800109863281,442.9200134277344,447.1400146484375,111848900,SPY
2023-09-18,430.0050354003906,443.6300048828125,444.9700012207031,442.55999755859375,443.04998779296875,55752200,SPY
2023-09-19,429.1132507324219,442.7099914550781,443.2900085449219,439.94000244140625,442.67999267578125,66514600,SPY
2023-09-20,425.1683044433594,438.6400146484375,444.44000244140625,438.42999267578125,444.010009765625,82562600,SPY
2023-09-21,418.1409606933594,431.3900146484375,435.9700012207031,431.2300109863281,435.70001220703125,104095800,SPY
2023-09-22,417.2007751464844,430.4200134277344,434.1000061035156,429.989990234375,432.45001220703125,100829700,SPY
2023-09-25,418.95513916015625,432.2300109863281,432.2699890136719,428.7200012207031,429.1700134277344,70874500,SPY
2023-09-26,412.8002014160156,425.8800048828125,429.82000732421875,425.0199890136719,429.0899963378906,96168400,SPY
2023-09-27,412.9649353027344,426.04998779296875,427.6700134277344,422.2900085449219,427.0899963378906,104705800,SPY
2023-09-28,415.35906982421875,428.5199890136719,430.25,424.8699951171875,425.4800109863281,92258300,SPY
2023-09-29,414.3510437011719,427.4800109863281,431.8500061035156,425.9100036621094,431.6700134277344,115111300,SPY
2023-10-02,414.18621826171875,427.30999755859375,428.6000061035156,424.4599914550781,426.6199951171875,83798600,SPY
2023-10-03,408.6419677734375,421.5899963378906,427.3699951171875,420.17999267578125,425.05999755859375,103760600,SPY
2023-10-04,411.6176452636719,424.6600036621094,425.42999267578125,420.55999755859375,422.07000732421875,87453000,SPY
2023-10-05,411.4625549316406,424.5,425.3699951171875,421.1700134277344,424.3599853515625,70142700,SPY
2023-10-06,416.3477478027344,429.5400085449219,431.1300048828125,420.6000061035156,421.9700012207031,113273300,SPY
2023-10-09,419.0133361816406,432.2900085449219,432.8800048828125,427.010009765625,427.5799865722656,80374400,SPY
2023-10-10,421.1942138671875,434.5400085449219,437.2200012207031,432.5299987792969,432.94000244140625,78607300,SPY
2023-10-11,422.9195251464844,436.32000732421875,436.5799865722656,433.17999267578125,435.6400146484375,62451700,SPY
2023-10-12,420.34124755859375,433.6600036621094,437.3399963378906,431.2300109863281,436.95001220703125,81154200,SPY
2023-10-13,418.2475891113281,431.5,436.45001220703125,429.8800048828125,435.2099914550781,95143100,SPY
2023-10-16,422.6481628417969,436.0400085449219,437.1400146484375,433.57000732421875,433.82000732421875,75433200,SPY
2023-10-17,422.62872314453125,436.0199890136719,438.1400146484375,432.45001220703125,432.80999755859375,75324700,SPY
2023-10-18,416.9971618652344,430.2099914550781,435.17999267578125,429.0899963378906,434.19000244140625,93559800,SPY
2023-10-19,413.333251953125,426.42999267578125,432.82000732421875,425.7300109863281,430.95001220703125,121323000,SPY
2023-10-20,408.2541809082031,421.19000244140625,426.5400085449219,421.0799865722656,425.9800109863281,123919900,SPY
2023-10-23,407.546630859375,420.4599914550781,424.45001220703125,417.79998779296875,419.6099853515625,92035100,SPY
2023-10-24,410.6192626953125,423.6300048828125,424.82000732421875,420.739990234375,422.6499938964844,78564200,SPY
2023-10-25,404.7259826660156,417.54998779296875,421.9200134277344,417.0199890136719,421.8900146484375,94223200,SPY
2023-10-26,399.8795471191406,412.54998779296875,417.3299865722656,411.6000061035156,416.45001220703125,115156800,SPY
2023-10-27,398.06695556640625,410.67999267578125,414.6000061035156,409.2099914550781,414.19000244140625,107367700,SPY
2023-10-30,402.8262023925781,415.5899963378906,416.67999267578125,412.2200012207031,413.55999755859375,86562700,SPY
2023-10-31,405.3560485839844,418.20001220703125,418.5299987792969,414.2099914550781,416.17999267578125,79665200,SPY
2023-11-01,409.6790466308594,422.6600036621094,423.5,418.6499938964844,419.20001220703125,98068100,SPY
2023-11-02,417.5303649902344,430.760009765625,430.9200134277344,426.55999755859375,426.5799865722656,94938900,SPY
2023-11-03,421.3396301269531,434.69000244140625,436.2900085449219,433.010009765625,433.1400146484375,100167800,SPY
2023-11-06,422.308837890625,435.69000244140625,436.1499938964844,433.67999267578125,435.4700012207031,67831700,SPY
2023-11-07,423.51080322265625,436.92999267578125,437.5899963378906,434.510009765625,435.69000244140625,64256100,SPY
2023-11-08,423.82098388671875,437.25,438.0899963378906,434.8699951171875,437.54998779296875,61746000,SPY
2023-11-09,420.5157470703125,433.8399963378906,438.4700012207031,433.3999938964844,438.42999267578125,83174400,SPY
2023-11-10,427.0777587890625,440.6099853515625,440.92999267578125,433.8299865722656,435.9800109863281,89462200,SPY
2023-11-13,426.670654296875,440.19000244140625,441.3299865722656,438.4200134277344,439.2300109863281,52236100,SPY
2023-11-14,434.9483947753906,448.7300109863281,450.05999755859375,446.0899963378906,446.32000732421875,97176900,SPY
2023-11-15,435.8692626953125,449.67999267578125,451.3800048828125,448.79998779296875,450.1099853515625,77327600,SPY
2023-11-16,436.40234375,450.2300109863281,450.55999755859375,448.1199951171875,449.2200012207031,66665800,SPY
2023-11-17,436.94512939453125,450.7900085449219,451.4200134277344,449.2900085449219,450.239990234375,83133200,SPY
2023-11-20,440.30859375,454.260009765625,455.1300048828125,450.5199890136719,450.5299987792969,69936200,SPY
2023-11-21,439.3489685058594,453.2699890136719,454.1300048828125,451.9599914550781,453.17999267578125,49244600,SPY
2023-11-22,441.045166015625,455.0199890136719,456.3800048828125,453.8900146484375,454.9800109863281,59394900,SPY
2023-11-24,441.31658935546875,455.29998779296875,455.5,454.7300109863281,455.07000732421875,29737400,SPY
2023-11-27,440.52178955078125,454.4800109863281,455.489990234375,454.0799865722656,454.6499938964844,50506000,SPY
2023-11-28,440.9579162597656,454.92999267578125,456.2699890136719,453.5,454.0799865722656,62115000,SPY
2023-11-29,440.6478271484375,454.6099853515625,458.32000732421875,454.20001220703125,457.1499938964844,63146000,SPY
2023-11-30,442.3828125,456.3999938964844,456.760009765625,453.3399963378906,455.4800109863281,79752700,SPY
2023-12-01,444.99993896484375,459.1000061035156,459.6499938964844,455.1600036621094,455.7699890136719,89183400,SPY
2023-12-04,442.6639099121094,456.69000244140625,459.1199951171875,454.3399963378906,455.6000061035156,72430900,SPY
2023-12-05,442.57672119140625,456.6000061035156,457.5899963378906,454.8699951171875,455.260009765625,69793500,SPY
2023-12-06,440.7931823730469,454.760009765625,458.8399963378906,454.30999755859375,458.80999755859375,69124700,SPY
2023-12-07,444.1566162109375,458.2300109863281,458.8999938964844,456.2900085449219,456.9100036621094,66995400,SPY
2023-12-08,446.06610107421875,460.20001220703125,460.75,457.2099914550781,457.4599914550781,83194400,SPY
2023-12-11,447.8011779785156,461.989990234375,462.1700134277344,459.4700012207031,459.69000244140625,65002200,SPY
2023-12-12,449.8463134765625,464.1000061035156,464.20001220703125,460.6000061035156,461.6300048828125,68327600,SPY
2023-12-13,456.0497741699219,470.5,470.760009765625,464.1199951171875,464.489990234375,93278000,SPY
2023-12-14,457.5133972167969,472.010009765625,473.7300109863281,469.25,472.5,119026000,SPY
2023-12-15,456.7601623535156,469.3299865722656,470.70001220703125,467.42999267578125,469.489990234375,141553700,SPY
2023-12-18,459.3294372558594,471.9700012207031,472.9800109863281,469.8900146484375,470.9800109863281,70375300,SPY
2023-12-19,462.12255859375,474.8399963378906,474.9200134277344,472.45001220703125,472.5299987792969,55761800,SPY
2023-12-20,455.71881103515625,468.260009765625,475.8999938964844,467.82000732421875,473.9599914550781,102921000,SPY
2023-12-21,460.03985595703125,472.70001220703125,472.9800109863281,468.8399963378906,471.3299865722656,86667500,SPY
2023-12-22,460.9644470214844,473.6499938964844,475.3800048828125,471.70001220703125,473.8599853515625,67160400,SPY
2023-12-26,462.91082763671875,475.6499938964844,476.5799865722656,473.989990234375,474.07000732421875,55387000,SPY
2023-12-27,463.747802734375,476.510009765625,476.6600036621094,474.8900146484375,475.44000244140625,68000300,SPY
2023-12-28,463.92303466796875,476.69000244140625,477.54998779296875,476.260009765625,476.8800048828125,77158100,SPY
2023-12-29,462.5799560546875,475.30999755859375,477.0299987792969,473.29998779296875,476.489990234375,122283100,SPY
2024-01-02,459.9912414550781,472.6499938964844,473.6700134277344,470.489990234375,472.1600036621094,123623700,SPY
2024-01-03,456.2345886230469,468.7900085449219,471.19000244140625,468.1700134277344,470.42999267578125,103585900,SPY
2024-01-04,454.7650146484375,467.2799987792969,470.9599914550781,467.04998779296875,468.29998779296875,84232200,SPY
2024-01-05,455.3879089355469,467.9200134277344,470.44000244140625,466.42999267578125,467.489990234375,86118900,SPY
2024-01-08,461.88897705078125,474.6000061035156,474.75,468.29998779296875,468.42999267578125,74879100,SPY
2024-01-09,461.1883239746094,473.8800048828125,474.92999267578125,471.3500061035156,471.8699951171875,65931400,SPY
2024-01-10,463.79644775390625,476.55999755859375,477.45001220703125,473.8699951171875,474.1600036621094,67310600,SPY
2024-01-11,463.5921325683594,476.3500061035156,478.1199951171875,472.260009765625,477.5899963378906,77940700,SPY
2024-01-12,463.91326904296875,476.67999267578125,478.6000061035156,475.2300109863281,477.8399963378906,58026400,SPY
2024-01-16,462.21014404296875,474.92999267578125,476.6099853515625,473.05999755859375,475.260009765625,85014900,SPY
2024-01-17,459.640869140625,472.2900085449219,472.7900085449219,469.8699951171875,471.82000732421875,68843900,SPY
2024-01-18,463.72833251953125,476.489990234375,477.05999755859375,472.4200134277344,474.010009765625,91856200,SPY
2024-01-19,469.5093078613281,482.42999267578125,482.7200012207031,476.5400085449219,477.6499938964844,110834500,SPY
2024-01-22,470.5019836425781,483.45001220703125,485.2200012207031,482.7799987792969,484.010009765625,75844900,SPY
2024-01-23,471.87420654296875,484.8599853515625,485.1099853515625,482.8900146484375,484.010009765625,49945300,SPY
2024-01-24,472.3900146484375,485.3900146484375,488.7699890136719,484.8800048828125,487.80999755859375,81765000,SPY
2024-01-25,474.95928955078125,488.0299987792969,488.30999755859375,485.3900146484375,487.5799865722656,72525000,SPY
2024-01-26,474.35589599609375,487.4100036621094,489.1199951171875,486.5400085449219,487.5899963378906,76641600,SPY
2024-01-29,478.1125183105469,491.2699890136719,491.4200134277344,487.1700134277344,487.7300109863281,61322800,SPY
2024-01-30,477.7427062988281,490.8900146484375,491.6199951171875,490.1099853515625,490.55999755859375,58618400,SPY
2024-01-31,469.947265625,482.8800048828125,489.0799865722656,482.8599853515625,488.6199951171875,126011100,SPY
2024-02-01,476.0980224609375,489.20001220703125,489.2300109863281,483.79998779296875,484.6300048828125,91891600,SPY
2024-02-02,481.11004638671875,494.3500061035156,496.04998779296875,489.29998779296875,489.6499938964844,99228200,SPY
2024-02-05,479.3582458496094,492.54998779296875,494.3800048828125,490.2300109863281,493.70001220703125,75757100,SPY
2024-02-06,480.7499084472656,493.9800109863281,494.32000732421875,492.04998779296875,493.5199890136719,55918600,SPY
2024-02-07,484.7596130371094,498.1000061035156,498.5299987792969,495.3599853515625,496.2900085449219,70556500,SPY
2024-02-08,484.97369384765625,498.32000732421875,498.7099914550781,497.260009765625,498.1000061035156,52343600,SPY
2024-02-09,487.7765808105469,501.20001220703125,501.6499938964844,498.489990234375,498.8399963378906,63979400,SPY
2024-02-12,487.5625305175781,500.9800109863281,503.5,500.239990234375,501.1700134277344,56502300,SPY
2024-02-13,480.84722900390625,494.0799865722656,497.0899963378906,490.7200012207031,494.5299987792969,113099200,SPY
2024-02-14,485.2170104980469,498.57000732421875,499.07000732421875,494.3999938964844,496.7900085449219,68387800,SPY
2024-02-15,488.5649108886719,502.010009765625,502.20001220703125,498.79998779296875,499.2900085449219,61683000,SPY
2024-02-16,486.1318664550781,499.510009765625,502.8699951171875,498.75,501.70001220703125,75532900,SPY
2024-02-20,483.4554748535156,496.760009765625,498.4100036621094,494.45001220703125,497.7200012207031,71736700,SPY
2024-02-21,483.8934020996094,497.2099914550781,497.3699951171875,493.55999755859375,495.4200134277344,59293400,SPY
2024-02-22,493.9078369140625,507.5,508.489990234375,503.0199890136719,504.010009765625,76402500,SPY
2024-02-23,494.2484436035156,507.8500061035156,510.1300048828125,507.1000061035156,509.2699890136719,61321800,SPY
2024-02-26,492.43829345703125,505.989990234375,508.75,505.8599853515625,508.29998779296875,50386700,SPY
2024-02-27,493.3531494140625,506.92999267578125,507.1600036621094,504.75,506.70001220703125,48854500,SPY
2024-02-28,492.7010192871094,506.260009765625,506.8599853515625,504.9599914550781,505.3299865722656,56506600,SPY
2024-02-29,494.4722595214844,508.0799865722656,509.739990234375,505.3500061035156,508.07000732421875,83924800,SPY
2024-03-01,499.11456298828125,512.8499755859375,513.2899780273438,508.55999755859375,508.9800109863281,76844800,SPY
2024-03-04,498.57928466796875,512.2999877929688,514.2000122070312,512.0,512.030029296875,49799300,SPY
2024-03-05,493.5964050292969,507.17999267578125,510.70001220703125,504.9100036621094,510.239990234375,72855600,SPY
2024-03-06,496.0975341796875,509.75,512.0700073242188,508.4200134277344,510.54998779296875,68382400,SPY
2024-03-07,501.0220642089844,514.8099975585938,515.8900146484375,509.80999755859375,513.1400146484375,58652100,SPY
2024-03-08,498.01483154296875,511.7200012207031,518.219970703125,511.1300048828125,515.4600219726562,86532500,SPY
2024-03-11,497.58660888671875,511.2799987792969,511.8800048828125,508.5,510.4800109863281,62557200,SPY
2024-03-12,502.9393310546875,516.780029296875,517.3800048828125,510.8599853515625,513.4500122070312,73114400,SPY
2024-03-13,502.1509704589844,515.969970703125,517.2899780273438,514.489990234375,517.1099853515625,55104100,SPY
2024-03-14,501.1583251953125,514.9500122070312,517.1300048828125,511.82000732421875,516.969970703125,110171800,SPY
2024-03-15,497.7170104980469,509.8299865722656,511.70001220703125,508.1199951171875,510.2099914550781,107646300,SPY
2024-03-18,500.6751403808594,512.8599853515625,515.47998046875,512.4400024414062,514.0,88893300,SPY
2024-03-19,503.4574279785156,515.7100219726562,516.0,511.1199951171875,512.1500244140625,60755300,SPY
2024-03-20,508.114013671875,520.47998046875,520.6199951171875,515.0800170898438,515.77001953125,69594600,SPY
2024-03-21,509.79315185546875,522.2000122070312,524.1099853515625,521.9099731445312,523.3900146484375,60256100,SPY
2024-03-22,508.82666015625,521.2100219726562,522.6099853515625,520.969970703125,522.1099853515625,79070800,SPY
2024-03-25,507.4209289550781,519.77001953125,520.9500122070312,519.6099853515625,519.7999877929688,48512100,SPY
2024-03-26,506.48370361328125,518.8099975585938,521.5800170898438,518.4000244140625,521.22998046875,65463700,SPY
2024-03-27,510.7401123046875,523.1699829101562,523.2100219726562,519.489990234375,521.7100219726562,82999800,SPY
2024-03-28,510.6425476074219,523.0700073242188,524.6099853515625,522.780029296875,523.2100219726562,96294900,SPY
2024-04-01,509.7540588378906,522.1599731445312,524.3800048828125,520.969970703125,523.8300170898438,62477500,SPY
2024-04-02,506.5130615234375,518.8400268554688,518.97998046875,516.47998046875,518.239990234375,74230300,SPY
2024-04-03,507.0694580078125,519.4099731445312,520.9500122070312,517.6699829101562,517.719970703125,59155800,SPY
2024-04-04,500.8800964355469,513.0700073242188,523.8699951171875,512.760009765625,523.52001953125,96858100,SPY
2024-04-05,506.11273193359375,518.4299926757812,520.4400024414062,514.010009765625,514.4600219726562,74546500,SPY
2024-04-08,506.3958435058594,518.719970703125,520.1799926757812,517.8900146484375,519.1500244140625,48401800,SPY
2024-04-09,506.9815673828125,519.3200073242188,520.75,514.3499755859375,520.5,68049200,SPY
2024-04-10,501.9051208496094,514.1199951171875,516.1599731445312,512.0900268554688,513.47998046875,82652800,SPY
2024-04-11,505.6930236816406,518.0,519.47998046875,512.0800170898438,515.6799926757812,70099000,SPY
2024-04-12,498.7128601074219,510.8500061035156,515.8200073242188,509.0799865722656,514.3699951171875,92561100,SPY
2024-04-15,492.4649353027344,504.45001220703125,515.2999877929688,503.5799865722656,515.1300048828125,92101400,SPY
2024-04-16,491.5667724609375,503.5299987792969,506.5,502.2099914550781,504.94000244140625,73484000,SPY
2024-04-17,488.6575012207031,500.54998779296875,506.2200012207031,499.1199951171875,506.04998779296875,75910300,SPY
2024-04-18,487.65203857421875,499.5199890136719,504.1300048828125,498.55999755859375,501.9800109863281,74548100,SPY
2024-04-19,483.3956298828125,495.1600036621094,500.4599914550781,493.8599853515625,499.44000244140625,102212600,SPY
2024-04-22,487.8472595214844,499.7200012207031,502.3800048828125,495.42999267578125,497.8299865722656,67961000,SPY
2024-04-23,493.63641357421875,505.6499938964844,506.0899963378906,499.5299987792969,501.7799987792969,64633600,SPY
2024-04-24,493.4021301269531,505.4100036621094,507.3699951171875,503.1300048828125,506.55999755859375,55928100,SPY
2024-04-25,491.5277099609375,503.489990234375,504.2699890136719,497.489990234375,499.17999267578125,69122400,SPY
2024-04-26,496.1844177246094,508.260009765625,509.8800048828125,505.70001220703125,506.3500061035156,64306100,SPY
2024-04-29,497.94158935546875,510.05999755859375,510.75,507.25,510.0899963378906,46415400,SPY
2024-04-30,490.0536193847656,501.9800109863281,509.55999755859375,501.9800109863281,508.55999755859375,77483600,SPY
2024-05-01,488.4623107910156,500.3500061035156,508.19000244140625,499.8699951171875,501.3800048828125,80242800,SPY
2024-05-02,493.0310974121094,505.0299987792969,505.8900146484375,499.54998779296875,504.1499938964844,62550200,SPY
2024-05-03,499.14239501953125,511.2900085449219,512.5499877929688,508.55999755859375,511.1600036621094,72756700,SPY
2024-05-06,504.2969665527344,516.5700073242188,516.6099853515625,513.2999877929688,513.75,47264700,SPY
2024-05-07,504.8534240722656,517.1400146484375,518.5700073242188,516.4500122070312,517.5599975585938,52561300,SPY
2024-05-08,504.9021911621094,517.1900024414062,517.739990234375,515.1400146484375,515.260009765625,42047200,SPY
2024-05-09,507.8113708496094,520.1699829101562,520.2100219726562,516.7100219726562,517.3800048828125,43643700,SPY
2024-05-10,508.465576171875,520.8400268554688,522.6400146484375,519.5900268554688,521.8099975585938,52233200,SPY
2024-05-13,508.5338134765625,520.9099731445312,522.6699829101562,519.739990234375,522.5599975585938,36716400,SPY
2024-05-14,510.8670349121094,523.2999877929688,523.8300170898438,520.5599975585938,521.1099853515625,57535900,SPY
2024-05-15,517.193115234375,529.780029296875,530.0800170898438,525.1799926757812,525.8300170898438,59504900,SPY
2024-05-16,516.1289672851562,528.6900024414062,531.52001953125,528.5399780273438,529.8800048828125,50244800,SPY
2024-05-17,516.8709716796875,529.4500122070312,529.52001953125,527.3200073242188,528.8099975585938,59187600,SPY
2024-05-20,517.4664306640625,530.0599975585938,531.5599975585938,529.1699829101562,529.5700073242188,37764200,SPY
2024-05-21,518.7356567382812,531.3599853515625,531.52001953125,529.0700073242188,529.280029296875,33437000,SPY
2024-05-22,517.2418823242188,529.8300170898438,531.3800048828125,527.5999755859375,530.6500244140625,48390000,SPY
2024-05-23,513.4638671875,525.9600219726562,533.0700073242188,524.719970703125,532.9600219726562,57211200,SPY
2024-05-24,516.8611450195312,529.4400024414062,530.27001953125,526.8800048828125,527.8499755859375,41291100,SPY
2024-05-28,517.2223510742188,529.8099975585938,530.510009765625,527.1099853515625,530.27001953125,36269600,SPY
2024-05-29,513.6004638671875,526.0999755859375,527.3099975585938,525.3699951171875,525.6799926757812,45190300,SPY
2024-05-30,510.19342041015625,522.6099853515625,525.2000122070312,521.3300170898438,524.52001953125,46377600,SPY
2024-05-31,514.8403930664062,527.3699951171875,527.5,518.3599853515625,523.5900268554688,90785800,SPY
2024-06-03,515.2601318359375,527.7999877929688,529.3099975585938,522.5999755859375,529.02001953125,46835700,SPY
2024-06-04,515.8360595703125,528.3900146484375,529.1500244140625,524.9600219726562,526.4600219726562,34632700,SPY
2024-06-05,521.9668579101562,534.6699829101562,534.6900024414062,528.72998046875,530.77001953125,47610400,SPY
2024-06-06,521.9570922851562,534.6599731445312,535.4199829101562,532.6799926757812,534.97998046875,30808500,SPY
2024-06-07,521.322509765625,534.010009765625,536.8900146484375,532.5399780273438,533.6599731445312,43224500,SPY
2024-06-10,522.933349609375,535.6599731445312,535.989990234375,532.5700073242188,533.1799926757812,35686100,SPY
2024-06-11,524.1926879882812,536.9500122070312,537.010009765625,532.0499877929688,534.0700073242188,36383400,SPY
2024-06-12,528.4979858398438,541.3599853515625,544.1199951171875,540.2999877929688,541.6300048828125,63251300,SPY
2024-06-13,529.5621337890625,542.4500122070312,543.3300170898438,539.5900268554688,543.1500244140625,44760900,SPY
2024-06-14,529.8842163085938,542.780029296875,542.8099975585938,539.8499755859375,540.8800048828125,40089900,SPY
2024-06-17,534.1015625,547.0999755859375,548.530029296875,541.6099853515625,542.0800170898438,55839500,SPY
2024-06-18,535.4585571289062,548.489990234375,548.6199951171875,546.72998046875,547.1599731445312,41376400,SPY
2024-06-20,534.0039672851562,547.0,550.1199951171875,545.1799926757812,549.4400024414062,70328200,SPY
2024-06-21,533.2880249023438,544.510009765625,545.6500244140625,543.02001953125,544.4000244140625,64338600,SPY
2024-06-24,531.5545043945312,542.739990234375,546.9500122070312,542.6199951171875,544.3300170898438,45528700,SPY
2024-06-25,533.6015014648438,544.8300170898438,545.2000122070312,542.4400024414062,543.989990234375,37936200,SPY
2024-06-26,534.2673950195312,545.510009765625,546.239990234375,543.030029296875,543.6900024414062,38550600,SPY
2024-06-27,535.1097412109375,546.3699951171875,546.9600219726562,544.6099853515625,545.3699951171875,35041500,SPY
2024-06-28,533.0039672851562,544.219970703125,550.280029296875,542.9500122070312,547.1599731445312,76144500,SPY
2024-07-01,534.1009521484375,545.3400268554688,545.8800048828125,542.52001953125,545.6300048828125,40297800,SPY
2024-07-02,537.6952514648438,549.010009765625,549.010009765625,543.6500244140625,543.7000122070312,40434800,SPY
2024-07-03,540.0948486328125,551.4600219726562,551.8300170898438,548.6500244140625,548.6900024414062,32789900,SPY
2024-07-05,543.2092895507812,554.6400146484375,555.0499877929688,551.1199951171875,551.77001953125,41488400,SPY
2024-07-08,543.8361206054688,555.280029296875,556.25,554.1900024414062,555.4400024414062,36110500,SPY
2024-07-09,544.3648681640625,555.8200073242188,557.1799926757812,555.52001953125,556.260009765625,27289700,SPY
2024-07-10,549.7515869140625,561.3200073242188,561.6699829101562,556.77001953125,557.0700073242188,38701200,SPY
2024-07-11,545.0113525390625,556.47998046875,562.3300170898438,555.8300170898438,561.4400024414062,53054200,SPY
2024-07-12,548.4490356445312,559.989990234375,563.6699829101562,557.1500244140625,557.6300048828125,53084400,SPY
2024-07-15,549.957275390625,561.530029296875,564.8400268554688,559.6300048828125,562.030029296875,40584300,SPY
2024-07-16,553.218505859375,564.8599853515625,565.1599731445312,562.0999755859375,562.8699951171875,36475300,SPY
2024-07-17,545.4617919921875,556.9400024414062,560.510009765625,556.6099853515625,558.7999877929688,57119000,SPY
2024-07-18,541.2700805664062,552.6599731445312,559.52001953125,550.4299926757812,558.510009765625,56270400,SPY
2024-07-19,537.6756591796875,548.989990234375,554.0800170898438,547.9099731445312,552.4199829101562,65509100,SPY
2024-07-22,543.2191162109375,554.6500244140625,555.27001953125,551.02001953125,553.0,43346700,SPY
2024-07-23,542.3670654296875,553.780029296875,556.739990234375,553.280029296875,554.5399780273438,34439600,SPY
2024-07-24,530.0755615234375,541.22998046875,549.1699829101562,540.2899780273438,548.8599853515625,74515300,SPY
2024-07-25,527.3136596679688,538.4099731445312,547.4600219726562,537.4500122070312,541.3499755859375,61158300,SPY
2024-07-26,533.2194213867188,544.4400024414062,547.1900024414062,541.489990234375,542.280029296875,53763800,SPY
2024-07-29,533.5328979492188,544.760009765625,547.0499877929688,542.719970703125,546.02001953125,39515800,SPY
2024-07-30,530.8297119140625,542.0,547.3400268554688,538.52001953125,546.260009765625,46853600,SPY
2024-07-31,539.4581909179688,550.8099975585938,553.5,547.5800170898438,548.97998046875,65663400,SPY
2024-08-01,531.8189697265625,543.010009765625,554.8699951171875,539.4299926757812,552.5700073242188,76428700,SPY
2024-08-02,521.9172973632812,532.9000244140625,536.989990234375,528.5999755859375,535.75,82789100,SPY
2024-08-05,506.7171325683594,517.3800048828125,523.5800170898438,510.2699890136719,511.6400146484375,146267400,SPY
2024-08-06,511.388916015625,522.1500244140625,529.75,517.8699951171875,519.219970703125,84826300,SPY
2024-08-07,507.97076416015625,518.6599731445312,531.5900268554688,518.0499877929688,528.469970703125,70698300,SPY
2024-08-08,519.7135620117188,530.6500244140625,531.2899780273438,521.8400268554688,523.9099731445312,63276600,SPY
2024-08-09,522.0054931640625,532.989990234375,534.510009765625,528.5599975585938,529.8099975585938,45619600,SPY
2024-08-12,522.2797241210938,533.27001953125,535.72998046875,530.9500122070312,534.2100219726562,42542100,SPY
2024-08-13,530.8688354492188,542.0399780273438,542.280029296875,536.280029296875,536.530029296875,52333100,SPY
2024-08-14,532.5437622070312,543.75,544.9600219726562,540.1199951171875,542.8499755859375,42446900,SPY
2024-08-15,541.6715698242188,553.0700073242188,553.3599853515625,548.8800048828125,549.5,60846800,SPY
2024-08-16,542.8861083984375,554.3099975585938,555.02001953125,551.260009765625,551.4199829101562,44430700,SPY
2024-08-19,548.0767822265625,559.6099853515625,559.6099853515625,553.8599853515625,554.72998046875,39121800,SPY
2024-08-20,547.1856079101562,558.7000122070312,560.8400268554688,557.3300170898438,559.1500244140625,33732300,SPY
2024-08-21,549.0659790039062,560.6199951171875,562.1099853515625,554.72998046875,559.77001953125,41514600,SPY
2024-08-22,544.7567138671875,556.219970703125,563.1799926757812,554.97998046875,562.5599975585938,56121500,SPY
2024-08-23,550.544921875,562.1300048828125,563.0900268554688,557.2899780273438,559.530029296875,50639400,SPY
2024-08-26,549.2325439453125,560.7899780273438,563.9099731445312,559.0499877929688,563.1799926757812,35788600,SPY
2024-08-27,549.9866943359375,561.5599975585938,562.0599975585938,558.3200073242188,559.489990234375,32693900,SPY
2024-08-28,546.7938232421875,558.2999877929688,561.6500244140625,555.0399780273438,561.2100219726562,41066000,SPY
2024-08-29,546.8428344726562,558.3499755859375,563.6799926757812,557.1799926757812,560.3099975585938,38715200,SPY
2024-08-30,552.0629272460938,563.6799926757812,564.2000122070312,557.1400146484375,560.77001953125,62700100,SPY
2024-09-03,540.7019653320312,552.0800170898438,560.8099975585938,549.510009765625,560.469970703125,60600100,SPY
2024-09-04,539.5953979492188,550.9500122070312,554.4299926757812,549.4600219726562,550.2000122070312,47224900,SPY
2024-09-05,538.2828979492188,549.6099853515625,553.7999877929688,547.0999755859375,550.8900146484375,44264300,SPY
2024-09-06,529.2235717773438,540.3599853515625,551.5999755859375,539.4400024414062,549.9400024414062,68493800,SPY
2024-09-09,535.1488647460938,546.4099731445312,547.7100219726562,542.6799926757812,544.6500244140625,40445800,SPY
2024-09-10,537.4798583984375,548.7899780273438,549.1500244140625,543.3800048828125,548.3599853515625,36394600,SPY
2024-09-11,542.9937744140625,554.4199829101562,555.3599853515625,539.9600219726562,548.7000122070312,75248600,SPY
2024-09-12,547.5675048828125,559.0900268554688,559.4000244140625,552.739990234375,555.010009765625,51819600,SPY
2024-09-13,550.4273071289062,562.010009765625,563.030029296875,559.4500122070312,559.7100219726562,39310500,SPY
2024-09-16,551.240234375,562.8400268554688,563.1099853515625,559.9000244140625,561.739990234375,36656100,SPY
2024-09-17,551.465576171875,563.0700073242188,566.5800170898438,560.7899780273438,565.0999755859375,49321000,SPY
2024-09-18,549.8300170898438,561.4000244140625,568.6900024414062,560.8300170898438,563.739990234375,59044900,SPY
2024-09-19,559.2125244140625,570.97998046875,572.8800048828125,568.0800170898438,571.010009765625,75315500,SPY
2024-09-20,558.245849609375,568.25,569.3099975585938,565.1699829101562,567.8400268554688,77503100,SPY
2024-09-23,559.6408081054688,569.6699829101562,570.3300170898438,568.0999755859375,569.3400268554688,44116900,SPY
2024-09-24,561.2421264648438,571.2999877929688,571.3599853515625,567.5999755859375,570.47998046875,46805700,SPY
2024-09-25,560.0043334960938,570.0399780273438,571.8900146484375,568.9099731445312,571.1400146484375,38428600,SPY
2024-09-26,562.2244873046875,572.2999877929688,574.7100219726562,569.9000244140625,574.3800048828125,48336000,SPY
2024-09-27,561.4091796875,571.469970703125,574.219970703125,570.4199829101562,573.3900146484375,42100900,SPY
2024-09-30,563.6588745117188,573.760009765625,574.3800048828125,568.0800170898438,570.4199829101562,63557400,SPY
2024-10-01,558.6093139648438,568.6199951171875,574.0599975585938,566.0,573.4000244140625,72668800,SPY
2024-10-02,558.8450317382812,568.8599853515625,569.9000244140625,565.27001953125,567.7100219726562,38097800,SPY
2024-10-03,557.8234252929688,567.8200073242188,569.7999877929688,565.489990234375,567.3599853515625,40846500,SPY
2024-10-04,562.8925170898438,572.97998046875,573.3599853515625,568.0999755859375,572.3499755859375,42939100,SPY
2024-10-07,557.8036499023438,567.7999877929688,571.9600219726562,566.6300048828125,571.2999877929688,49964700,SPY
2024-10-08,563.0791625976562,573.1699829101562,573.780029296875,569.530029296875,570.4199829101562,37398700,SPY
2024-10-09,566.9793701171875,577.1400146484375,577.7100219726562,572.5499877929688,573.1599731445312,37912200,SPY
2024-10-10,565.9871215820312,576.1300048828125,577.5800170898438,574.489990234375,575.77001953125,44138100,SPY
2024-10-11,569.3763427734375,579.5800170898438,580.3300170898438,575.9099731445312,576.0499877929688,42268000,SPY
2024-10-14,574.0328979492188,584.3200073242188,585.27001953125,580.72998046875,581.219970703125,36217200,SPY
2024-10-15,569.5728759765625,579.780029296875,584.9000244140625,578.5399780273438,584.5900268554688,54203600,SPY
2024-10-16,572.0485229492188,582.2999877929688,582.8300170898438,578.9600219726562,579.780029296875,30725400,SPY
2024-10-17,572.0975341796875,582.3499755859375,586.1199951171875,582.1599731445312,585.9099731445312,34393700,SPY
2024-10-18,574.2981567382812,584.5900268554688,585.3900146484375,582.5800170898438,584.0700073242188,37416800,SPY
2024-10-21,573.35498046875,583.6300048828125,584.8499755859375,580.5999755859375,583.8499755859375,36439000,SPY
2024-10-22,573.0504760742188,583.3200073242188,584.5,580.3800048828125,581.0499877929688,34183800,SPY
2024-10-23,567.8142700195312,577.989990234375,581.7100219726562,574.4199829101562,581.260009765625,49314600,SPY
2024-10-24,569.0423583984375,579.239990234375,580.0599975585938,576.5700073242188,579.97998046875,34979900,SPY
2024-10-25,568.8458251953125,579.0399780273438,584.4600219726562,578.0800170898438,581.510009765625,47268200,SPY
2024-10-28,570.6043090820312,580.8300170898438,582.7100219726562,580.52001953125,582.5800170898438,30174700,SPY
2024-10-29,571.52783203125,581.77001953125,582.9099731445312,578.4299926757812,579.8499755859375,42899700,SPY
2024-10-30,569.7987670898438,580.010009765625,583.3200073242188,579.2899780273438,581.2899780273438,41435800,SPY
2024-10-31,558.6289672851562,568.6400146484375,575.6300048828125,568.4400024414062,575.5599975585938,60182500,SPY
2024-11-01,560.9866333007812,571.0399780273438,575.5499877929688,570.6199951171875,571.3200073242188,45667500,SPY
2024-11-04,559.7783813476562,569.8099975585938,572.5,567.8900146484375,571.1799926757812,38217000,SPY
2024-11-05,566.547119140625,576.7000122070312,576.739990234375,570.52001953125,570.739990234375,39478300,SPY
2024-11-06,580.6346435546875,591.0399780273438,591.9299926757812,585.3900146484375,589.2000122070312,68182000,SPY
2024-11-07,585.1241455078125,595.6099853515625,596.6500244140625,593.0,593.0800170898438,47233200,SPY
2024-11-08,587.6587524414062,598.1900024414062,599.6400146484375,596.1699829101562,596.1699829101562,46444900,SPY
2024-11-11,588.21875,598.760009765625,600.1699829101562,597.0,599.8099975585938,37586800,SPY
2024-11-12,586.391357421875,596.9000244140625,599.2899780273438,594.3699951171875,598.6799926757812,43006100,SPY
2024-11-13,586.6763305664062,597.1900024414062,599.22998046875,594.9600219726562,597.3699951171875,47388600,SPY
2024-11-14,582.9038696289062,593.3499755859375,597.8099975585938,592.6500244140625,597.3200073242188,38904100,SPY
2024-11-15,575.4376831054688,585.75,590.2000122070312,583.8599853515625,589.719970703125,75988800,SPY
2024-11-18,577.7955322265625,588.1500244140625,589.489990234375,585.3400268554688,586.219970703125,37001700,SPY
2024-11-19,579.9075927734375,590.2999877929688,591.0399780273438,584.030029296875,584.7100219726562,49412000,SPY
2024-11-20,580.1041870117188,590.5,590.7899780273438,584.6300048828125,590.3800048828125,50032600,SPY
2024-11-21,583.2183227539062,593.6699829101562,595.1199951171875,587.4500122070312,593.4000244140625,46750300,SPY
2024-11-22,585.02587890625,595.510009765625,596.1500244140625,593.1500244140625,593.6599731445312,38226400,SPY
2024-11-25,587.0103149414062,597.530029296875,600.8599853515625,595.2000122070312,599.52001953125,42441400,SPY
2024-11-26,590.075439453125,600.6500244140625,601.3300170898438,598.0700073242188,598.7999877929688,45621300,SPY
2024-11-27,588.2874145507812,598.8300170898438,600.8499755859375,597.280029296875,600.4600219726562,34000200,SPY
2024-11-29,591.9419555664062,602.5499877929688,603.3499755859375,599.3800048828125,599.6599731445312,30177400,SPY
2024-12-02,593.0029296875,603.6300048828125,604.3200073242188,602.469970703125,602.969970703125,31746000,SPY
2024-12-03,593.2780151367188,603.9099731445312,604.1599731445312,602.3400268554688,603.3900146484375,26906600,SPY
2024-12-04,596.9619750976562,607.6599731445312,607.9099731445312,604.9500122070312,605.6300048828125,42787600,SPY
2024-12-05,595.9796142578125,606.6599731445312,608.47998046875,606.2999877929688,607.6599731445312,28762200,SPY
2024-12-06,597.1093139648438,607.8099975585938,609.0700073242188,607.02001953125,607.4400024414062,31241500,SPY
2024-12-09,594.034423828125,604.6799926757812,607.8599853515625,604.0800170898438,607.6900024414062,34742700,SPY
2024-12-10,592.1875,602.7999877929688,605.7999877929688,602.1300048828125,605.3699951171875,37234500,SPY
2024-12-11,596.7655029296875,607.4600219726562,608.4299926757812,605.5,605.780029296875,28677700,SPY
2024-12-12,593.6906127929688,604.3300170898438,607.1599731445312,604.3300170898438,606.5800170898438,31543800,SPY
2024-12-13,593.57275390625,604.2100219726562,607.1300048828125,602.8099975585938,606.4000244140625,35904700,SPY
2024-12-16,596.1072998046875,606.7899780273438,607.780029296875,605.2100219726562,606.0,43695200,SPY
2024-12-17,593.6513671875,604.2899780273438,605.1699829101562,602.8900146484375,604.1900024414062,55773500,SPY
2024-12-18,575.95849609375,586.280029296875,606.4099731445312,585.8900146484375,603.97998046875,108248700,SPY
2024-12-19,575.7815551757812,586.0999755859375,593.0,585.8499755859375,591.3599853515625,85919500,SPY
2024-12-20,582.697265625,591.1500244140625,595.75,580.9099731445312,581.77001953125,125716700,SPY
2024-12-23,586.1866455078125,594.6900024414062,595.2999877929688,587.6599731445312,590.8900146484375,57635800,SPY
2024-12-24,592.7021484375,601.2999877929688,601.3400268554688,595.469970703125,596.0599975585938,33160100,SPY
2024-12-26,592.7415771484375,601.3400268554688,602.47998046875,598.0800170898438,599.5,41219100,SPY
2024-12-27,586.5020141601562,595.010009765625,597.780029296875,590.760009765625,597.5399780273438,64969300,SPY
2024-12-30,579.80908203125,588.219970703125,591.739990234375,584.4099731445312,587.8900146484375,56578800,SPY
2024-12-31,577.6997680664062,586.0800170898438,590.6400146484375,584.4199829101562,589.9099731445312,57052700,SPY
2025-01-02,576.2803955078125,584.6400146484375,591.1300048828125,580.5,589.3900146484375,50204000,SPY
2025-01-03,583.48583984375,591.9500122070312,592.5999755859375,586.4299926757812,587.530029296875,37888500,SPY
2025-01-06,586.8471069335938,595.3599853515625,599.7000122070312,593.5999755859375,596.27001953125,47679400,SPY
2025-01-07,580.2133178710938,588.6300048828125,597.75,586.780029296875,597.4199829101562,60393100,SPY
2025-01-08,581.0609130859375,589.489990234375,590.5800170898438,585.2000122070312,588.7000122070312,47304700,SPY
2025-01-10,572.1895751953125,580.489990234375,585.9500122070312,578.5499877929688,585.8800048828125,73105000,SPY
2025-01-13,573.0768432617188,581.3900146484375,581.75,575.3499755859375,575.77001953125,47910100,SPY
2025-01-14,573.8653564453125,582.1900024414062,585.0,578.3499755859375,584.3599853515625,48420600,SPY
2025-01-15,584.303955078125,592.780029296875,593.9400024414062,589.2000122070312,590.3300170898438,56900200,SPY
2025-01-16,583.1803588867188,591.6400146484375,594.3499755859375,590.9299926757812,594.1699829101562,43319700,SPY
2025-01-17,589.035400390625,597.5800170898438,599.3599853515625,595.6099853515625,596.9600219726562,58070600,SPY
2025-01-21,594.427001953125,603.0499877929688,603.0599975585938,598.6699829101562,600.6699829101562,42532900,SPY
2025-01-22,597.7686157226562,606.4400024414062,607.8200073242188,605.3599853515625,605.9199829101562,48196000,SPY
2025-01-23,601.0313720703125,609.75,609.75,605.52001953125,605.7999877929688,41152100,SPY
2025-01-24,599.276611328125,607.969970703125,610.780029296875,606.7999877929688,609.8099975585938,34604700,SPY
2025-01-27,590.7997436523438,599.3699951171875,599.6900024414062,594.6400146484375,594.8099975585938,70361100,SPY
2025-01-28,595.8760986328125,604.52001953125,605.3699951171875,597.25,600.6199951171875,44433300,SPY
2025-01-29,593.204833984375,601.8099975585938,604.1300048828125,599.219970703125,603.719970703125,37177400,SPY
2025-01-30,596.3886108398438,605.0399780273438,606.5999755859375,600.719970703125,603.9600219726562,39281300,SPY
2025-01-31,593.2146606445312,601.8200073242188,609.9600219726562,601.0499877929688,607.5,66566900,SPY
2025-02-03,589.2225341796875,597.77001953125,600.2899780273438,590.489990234375,592.6699829101562,65857200,SPY
2025-02-04,593.1751708984375,601.780029296875,602.2999877929688,597.280029296875,597.8300170898438,33457800,SPY
2025-02-05,595.580322265625,604.219970703125,604.3699951171875,598.5800170898438,600.6400146484375,30653100,SPY
2025-02-06,597.6503295898438,606.3200073242188,606.4500122070312,602.6300048828125,605.989990234375,35771500,SPY
2025-02-07,592.1797485351562,600.77001953125,608.1300048828125,600.0499877929688,606.8900146484375,50788500,SPY
2025-02-10,596.2013549804688,604.8499755859375,605.5,602.739990234375,604.030029296875,26048700,SPY
2025-02-11,596.65478515625,605.3099975585938,605.8599853515625,602.4299926757812,602.5499877929688,30056700,SPY
2025-02-12,594.7326049804688,603.3599853515625,604.5499877929688,598.510009765625,599.2000122070312,45076100,SPY
2025-02-13,601.0115966796875,609.72998046875,609.9400024414062,603.2000122070312,604.47998046875,40921300,SPY
2025-02-14,600.9819946289062,609.7000122070312,610.989990234375,609.0700073242188,609.9400024414062,26910400,SPY
2025-02-18,602.746337890625,611.489990234375,611.489990234375,608.3800048828125,610.8800048828125,26749000,SPY
2025-02-19,604.1658325195312,612.9299926757812,613.22998046875,609.5599975585938,610.0800170898438,31011100,SPY
2025-02-20,601.6522827148438,610.3800048828125,611.6799926757812,607.02001953125,611.5399780273438,36554000,SPY
2025-02-21,591.3616333007812,599.9400024414062,610.2999877929688,599.469970703125,610.1599731445312,76519800,SPY
2025-02-24,588.670654296875,597.2100219726562,603.030029296875,596.489990234375,602.02001953125,50737200,SPY
2025-02-25,585.7430419921875,594.239990234375,597.8900146484375,589.5599975585938,597.1500244140625,58266500,SPY
2025-02-26,586.0387573242188,594.5399780273438,599.5800170898438,591.8599853515625,595.9299926757812,43321600,SPY
2025-02-27,576.6843872070312,585.0499877929688,598.02001953125,584.6500244140625,596.8499755859375,74196700,SPY
2025-02-28,585.6839599609375,594.1799926757812,594.719970703125,582.4400024414062,585.5599975585938,88744100,SPY
2025-03-03,575.4227905273438,583.77001953125,597.3400268554688,579.9000244140625,596.1799926757812,74249200,SPY
2025-03-04,568.611572265625,576.8599853515625,585.3900146484375,572.25,579.7100219726562,109648200,SPY
2025-03-05,574.7229614257812,583.0599975585938,584.8800048828125,573.0800170898438,576.6900024414062,71230500,SPY
2025-03-06,564.5209350585938,572.7100219726562,580.1699829101562,570.1199951171875,575.47998046875,80094900,SPY
2025-03-07,567.6849975585938,575.9199829101562,577.3900146484375,565.6300048828125,570.9000244140625,81158800,SPY
2025-03-10,552.5643920898438,560.5800170898438,569.5399780273438,555.5900268554688,567.5900268554688,99326600,SPY
2025-03-11,547.970947265625,555.9199829101562,564.02001953125,552.02001953125,559.4000244140625,88102100,SPY
2025-03-12,550.8787841796875,558.8699951171875,563.1099853515625,553.6900024414062,562.1699829101562,69588200,SPY
2025-03-13,543.5353393554688,551.4199829101562,559.1099853515625,549.6799926757812,558.489990234375,74079400,SPY
2025-03-14,554.762451171875,562.8099975585938,563.8300170898438,551.489990234375,556.1099853515625,62660300,SPY
2025-03-17,559.0404663085938,567.1500244140625,569.7100219726562,562.3499755859375,562.7899780273438,49008700,SPY
2025-03-18,552.998046875,561.02001953125,565.02001953125,559.0599975585938,564.7999877929688,66041400,SPY
2025-03-19,559.020751953125,567.1300048828125,570.9500122070312,561.6300048828125,562.8300170898438,66556000,SPY
2025-03-20,557.4042358398438,565.489990234375,570.5700073242188,562.5999755859375,563.3300170898438,62958200,SPY
2025-03-21,557.5880737304688,563.97998046875,564.8900146484375,558.030029296875,559.280029296875,83763000,SPY
2025-03-24,567.5736083984375,574.0800170898438,575.1500244140625,570.2000122070312,570.7999877929688,58766800,SPY
2025-03-25,568.9379272460938,575.4600219726562,576.4099731445312,573.6900024414062,575.2999877929688,38355700,SPY
2025-03-26,562.1458740234375,568.5900268554688,576.3300170898438,567.1900024414062,575.1900024414062,51848300,SPY
2025-03-27,560.6529541015625,567.0800170898438,570.9000244140625,564.9400024414062,567.1799926757812,42164200,SPY
2025-03-28,549.3623657226562,555.6599731445312,566.27001953125,555.0700073242188,565.530029296875,71662700,SPY
2025-03-31,553.0501098632812,559.3900146484375,560.7100219726562,546.8699951171875,549.8300170898438,95328200,SPY
2025-04-01,554.6121826171875,560.969970703125,562.9400024414062,553.6799926757812,557.4500122070312,54609600,SPY
2025-04-02,558.1220092773438,564.52001953125,567.4199829101562,554.8099975585938,555.0499877929688,76014500,SPY
2025-04-03,530.6173095703125,536.7000122070312,547.969970703125,536.7000122070312,545.1099853515625,125986000,SPY
2025-04-04,499.5533447265625,505.2799987792969,525.8699951171875,505.05999755859375,523.6699829101562,217965100,SPY
2025-04-07,498.6635437011719,504.3800048828125,523.1699829101562,481.79998779296875,489.19000244140625,256611400,SPY
2025-04-08,490.8531188964844,496.4800109863281,524.97998046875,489.1600036621094,521.8599853515625,165816600,SPY
2025-04-09,542.4021606445312,548.6199951171875,548.6199951171875,493.04998779296875,493.44000244140625,241867300,SPY
2025-04-10,518.6345825195312,524.5800170898438,533.5,509.32000732421875,532.1699829101562,162331200,SPY
2025-04-11,527.8884887695312,533.9400024414062,536.4299926757812,520.0700073242188,523.010009765625,97866300,SPY
2025-04-14,533.0098266601562,539.1199951171875,544.280029296875,533.8599853515625,544.0499877929688,68034000,SPY
2025-04-15,531.5169067382812,537.6099853515625,543.22998046875,536.8099975585938,539.6699829101562,56892900,SPY
2025-04-16,519.7023315429688,525.6599731445312,537.8900146484375,520.2899780273438,531.6799926757812,83484800,SPY
2025-04-17,520.44384765625,526.4099731445312,531.1699829101562,523.9099731445312,527.6400146484375,79868100,SPY
2025-04-21,508.0558776855469,513.8800048828125,521.7000122070312,508.4599914550781,521.1599731445312,69368100,SPY
2025-04-22,521.2743530273438,527.25,529.2999877929688,519.1900024414062,520.1400146484375,75948100,SPY
2025-04-23,529.3516845703125,535.4199829101562,545.4299926757812,533.8800048828125,540.4299926757812,90590700,SPY
2025-04-24,540.4940795898438,546.6900024414062,547.4299926757812,535.4500122070312,536.719970703125,64150400,SPY
2025-04-25,544.3992919921875,550.6400146484375,551.0499877929688,543.6900024414062,546.6500244140625,61119600,SPY
2025-04-28,544.60693359375,550.8499755859375,553.5499877929688,545.02001953125,551.3900146484375,47613800,SPY
2025-04-29,548.0375366210938,554.3200073242188,555.4500122070312,548.5499877929688,548.9099731445312,47775100,SPY
2025-04-30,548.2550048828125,554.5399780273438,556.52001953125,541.52001953125,547.5700073242188,93101500,SPY
2025-05-01,552.1405029296875,558.469970703125,564.0700073242188,557.8599853515625,560.3699951171875,63186100,SPY
2025-05-02,560.3365478515625,566.760009765625,568.3800048828125,562.3800048828125,564.72998046875,60717300,SPY
2025-05-05,557.1233520507812,563.510009765625,566.6500244140625,561.7000122070312,562.5700073242188,38659200,SPY
2025-05-06,552.466796875,558.7999877929688,563.3499755859375,556.9600219726562,557.9299926757812,48264700,SPY
2025-05-07,554.7901611328125,561.1500244140625,563.8200073242188,556.0399780273438,560.1500244140625,55588000,SPY
2025-05-08,558.6558837890625,565.0599975585938,570.3099975585938,561.7000122070312,565.239990234375,65130800,SPY
2025-05-09,557.9439697265625,564.3400268554688,567.5,562.760009765625,566.47998046875,37603400,SPY
2025-05-12,576.3826293945312,582.989990234375,583.0,577.0399780273438,581.469970703125,78993600,SPY
2025-05-13,580.18896484375,586.8400268554688,589.0800170898438,582.8400268554688,583.4099731445312,67947200,SPY
2025-05-14,580.9304809570312,587.5900268554688,588.97998046875,585.5399780273438,587.8099975585938,66283500,SPY
2025-05-15,583.7679443359375,590.4600219726562,590.969970703125,585.0999755859375,585.5599975585938,71268100,SPY
2025-05-16,587.4655151367188,594.2000122070312,594.5,589.280029296875,591.25,76052100,SPY
2025-05-19,588.108154296875,594.8499755859375,595.5399780273438,588.0999755859375,588.0999755859375,68168500,SPY
2025-05-20,586.130859375,592.8499755859375,594.0499877929688,589.5999755859375,593.0900268554688,60614500,SPY
2025-05-21,576.2540893554688,582.8599853515625,592.5800170898438,581.8200073242188,588.4400024414062,95197700,SPY
2025-05-22,576.4815063476562,583.0900268554688,586.6199951171875,581.4099731445312,582.6599731445312,70860400,SPY
2025-05-23,572.5465087890625,579.1099853515625,581.8099975585938,575.5999755859375,575.97998046875,76029000,SPY
2025-05-27,584.4501953125,591.1500244140625,591.3099975585938,578.4299926757812,586.0700073242188,72588500,SPY
2025-05-28,581.0689086914062,587.72998046875,592.77001953125,586.989990234375,591.5599975585938,68445500,SPY
2025-05-29,583.362548828125,590.0499877929688,593.2000122070312,586.0700073242188,593.0599975585938,69973300,SPY
2025-05-30,582.7101440429688,589.3900146484375,591.1300048828125,583.239990234375,588.9299926757812,90601200,SPY
2025-06-02,585.9924926757812,592.7100219726562,592.7899780273438,585.0599975585938,587.760009765625,61630500,SPY
2025-06-03,589.3341064453125,596.0900268554688,597.0800170898438,591.8499755859375,592.3400268554688,63606200,SPY
2025-06-04,589.1759643554688,595.9299926757812,597.9500122070312,595.489990234375,596.9600219726562,57314200,SPY
2025-06-05,586.32861328125,593.0499877929688,599.0,591.0499877929688,597.6300048828125,92278700,SPY
2025-06-06,592.3495483398438,599.1400146484375,600.8300170898438,596.8599853515625,598.6599731445312,66588700,SPY
2025-06-09,592.8834228515625,599.6799926757812,601.25,598.489990234375,599.719970703125,53016400,SPY
2025-06-10,596.2449340820312,603.0800170898438,603.469970703125,599.0900268554688,600.219970703125,66247000,SPY
2025-06-11,594.54443359375,601.3599853515625,605.0599975585938,599.27001953125,604.1900024414062,73658200,SPY
2025-06-12,596.9072875976562,603.75,603.75,599.52001953125,600.010009765625,64129000,SPY
2025-06-13,590.2337646484375,597.0,601.8499755859375,595.47998046875,598.5,89506000,SPY
2025-06-16,595.8494873046875,602.6799926757812,604.4500122070312,600.219970703125,600.4000244140625,79984100,SPY
2025-06-17,590.7578735351562,597.530029296875,601.75,596.760009765625,600.2100219726562,82209400,SPY
2025-06-18,590.6688842773438,597.4400024414062,601.219970703125,596.469970703125,598.4400024414062,76605000,SPY
2025-06-20,589.2816772460938,594.280029296875,599.4600219726562,592.8599853515625,598.3800048828125,94051400,SPY
2025-06-23,595.1022338867188,600.1500244140625,600.5399780273438,591.8900146484375,595.0399780273438,87426000,SPY
2025-06-24,601.6764526367188,606.780029296875,607.8499755859375,603.4099731445312,604.3300170898438,67735300,SPY
2025-06-25,602.0136108398438,607.1199951171875,608.6099853515625,605.5399780273438,607.9099731445312,62114800,SPY
2025-06-26,606.7236328125,611.8699951171875,612.3099975585938,608.3699951171875,608.989990234375,78548400,SPY
2025-06-27,609.738037109375,614.9099731445312,616.3900146484375,610.8300170898438,612.8800048828125,86258400,SPY
2025-06-30,612.6533203125,617.8499755859375,619.219970703125,615.0399780273438,617.3800048828125,92502500,SPY
2025-07-01,612.455078125,617.6500244140625,618.8300170898438,615.52001953125,616.3599853515625,70030100,SPY
2025-07-02,615.2315673828125,620.4500122070312,620.489990234375,616.6099853515625,617.239990234375,66510400,SPY
2025-07-03,620.0804443359375,625.3400268554688,626.280029296875,622.4299926757812,622.4500122070312,51065800,SPY
2025-07-07,615.45947265625,620.6799926757812,624.030029296875,617.8699951171875,623.3599853515625,74814500,SPY
2025-07-08,615.1224365234375,620.3400268554688,622.1099853515625,619.52001953125,621.3499755859375,59024600,SPY
2025-07-09,618.8110961914062,624.0599975585938,624.719970703125,620.9099731445312,622.77001953125,66113300,SPY
2025-07-10,620.5562744140625,625.8200073242188,626.8699951171875,623.010009765625,624.2000122070312,57529000,SPY
2025-07-11,618.3748779296875,623.6199951171875,624.8599853515625,621.530029296875,622.739990234375,63670200,SPY
2025-07-14,619.5548095703125,624.8099975585938,625.1599731445312,621.7999877929688,623.1599731445312,51898500,SPY
2025-07-15,616.9072875976562,622.1400146484375,627.8599853515625,622.0599975585938,627.52001953125,74317300,SPY
2025-07-16,618.9697265625,624.219970703125,624.72998046875,618.0499877929688,623.739990234375,88987500,SPY
2025-07-17,622.7576293945312,628.0399780273438,628.4000244140625,624.1799926757812,624.4000244140625,68885700,SPY
2025-07-18,622.301513671875,627.5800170898438,629.469970703125,626.4600219726562,629.2999877929688,65621600,SPY
2025-07-21,623.4815063476562,628.77001953125,631.5399780273438,628.3400268554688,628.77001953125,63375000,SPY
2025-07-22,623.5707397460938,628.8599853515625,629.72998046875,626.1900024414062,629.0999755859375,60046300,SPY
2025-07-23,628.875732421875,634.2100219726562,634.2100219726562,629.72998046875,631.5499877929688,70511000,SPY
2025-07-24,629.083984375,634.4199829101562,636.1500244140625,633.989990234375,634.5999755859375,71307100,SPY
2025-07-25,631.741455078125,637.0999755859375,637.5800170898438,634.8400268554688,635.0900268554688,56865400,SPY
2025-07-28,631.5828247070312,636.9400024414062,638.0399780273438,635.5399780273438,637.47998046875,54917100,SPY
2025-07-29,629.9169311523438,635.260009765625,638.6699829101562,634.3400268554688,638.3499755859375,60556300,SPY
2025-07-30,629.1236572265625,634.4600219726562,637.6799926757812,631.5399780273438,635.9199829101562,80418900,SPY
2025-07-31,626.763671875,632.0800170898438,639.8499755859375,630.77001953125,639.4600219726562,103385200,SPY
2025-08-01,616.49072265625,621.719970703125,626.3400268554688,619.2899780273438,626.2999877929688,140103600,SPY
2025-08-04,625.861328125,631.1699829101562,631.219970703125,625.5800170898438,625.6699829101562,73218000,SPY
2025-08-05,622.688232421875,627.969970703125,632.6099853515625,627.0399780273438,631.7899780273438,68051400,SPY
2025-08-06,627.457763671875,632.780029296875,633.4400024414062,628.1300048828125,629.0499877929688,64357500,SPY
2025-08-07,626.9322509765625,632.25,636.97998046875,629.1099853515625,636.239990234375,74205800,SPY
2025-08-08,631.8207397460938,637.1799926757812,637.6500244140625,633.739990234375,634.0599975585938,64051600,SPY
2025-08-11,630.5713500976562,635.9199829101562,638.9500122070312,634.6599731445312,637.4600219726562,58742300,SPY
2025-08-12,637.284423828125,642.6900024414062,642.8499755859375,636.7899780273438,638.2899780273438,64730800,SPY
2025-08-13,639.4659423828125,644.8900146484375,646.1900024414062,642.6799926757812,644.9099731445312,60092800,SPY
2025-08-14,639.525390625,644.9500122070312,645.6199951171875,642.3400268554688,642.7899780273438,59327500,SPY
2025-08-15,638.028076171875,643.4400024414062,646.0900268554688,642.52001953125,645.989990234375,68592500,SPY
2025-08-18,637.8893432617188,643.2999877929688,644.0,642.1799926757812,642.8599853515625,43804900,SPY
2025-08-19,634.4286499023438,639.8099975585938,644.1099853515625,638.47998046875,643.1199951171875,69750700,SPY
2025-08-20,632.742919921875,638.1099853515625,639.6599731445312,632.9500122070312,639.4000244140625,88890300,SPY
2025-08-21,630.2045288085938,635.5499877929688,637.969970703125,633.8099975585938,636.280029296875,54805800,SPY
2025-08-22,639.8824462890625,645.3099975585938,646.5,637.25,637.760009765625,84083200,SPY
2025-08-25,637.0662841796875,642.469970703125,645.2899780273438,642.3499755859375,644.0399780273438,51274300,SPY
2025-08-26,639.733642578125,645.1599731445312,645.510009765625,641.5700073242188,642.2000122070312,51581600,SPY
2025-08-27,641.1912841796875,646.6300048828125,647.3699951171875,644.4199829101562,644.5700073242188,48341100,SPY
2025-08-28,643.4619750976562,648.9199829101562,649.47998046875,645.3400268554688,647.239990234375,61519500,SPY
2025-08-29,639.6245727539062,645.0499877929688,647.8400268554688,643.1400146484375,647.469970703125,74522200,SPY
2025-09-02,634.8848266601562,640.27001953125,640.489990234375,634.9199829101562,637.5,81983500,SPY
2025-09-03,638.3255615234375,643.739990234375,644.2100219726562,640.4600219726562,642.6699829101562,70820900,SPY
2025-09-04,643.6603393554688,649.1199951171875,649.1500244140625,643.510009765625,644.4199829101562,65219200,SPY
2025-09-05,641.796142578125,647.239990234375,652.2100219726562,643.3300170898438,651.47998046875,85178900,SPY
2025-09-08,643.372802734375,648.8300170898438,649.8400268554688,647.22998046875,648.6199951171875,63133100,SPY
2025-09-09,644.8601684570312,650.3300170898438,650.8599853515625,647.219970703125,648.969970703125,66133900,SPY
2025-09-10,646.7243041992188,652.2100219726562,654.5499877929688,650.6300048828125,653.6199951171875,78034500,SPY
2025-09-11,652.0988159179688,657.6300048828125,658.3300170898438,653.5900268554688,654.1799926757812,69934400,SPY
2025-09-12,651.8805541992188,657.4099731445312,659.1099853515625,656.9000244140625,657.5999755859375,72780100,SPY
2025-09-15,655.3511352539062,660.9099731445312,661.0399780273438,659.3400268554688,659.6400146484375,63772400,SPY
2025-09-16,654.4488525390625,660.0,661.780029296875,659.2100219726562,661.469970703125,61169000,SPY
2025-09-17,653.6357421875,659.1799926757812,661.719970703125,654.2999877929688,660.010009765625,101952200,SPY
2025-09-18,656.6897583007812,662.260009765625,664.8900146484375,660.27001953125,661.8900146484375,90459200,SPY
2025-09-19,659.9423217773438,663.7000122070312,664.5499877929688,660.3699951171875,662.3300170898438,97945600,SPY
2025-09-22,663.0645141601562,666.8400268554688,667.2899780273438,662.1699829101562,662.2000122070312,69452200,SPY
2025-09-23,659.4551391601562,663.2100219726562,667.3400268554688,661.97998046875,666.719970703125,81708900,SPY
2025-09-24,657.3569946289062,661.0999755859375,664.6099853515625,659.6699829101562,664.510009765625,68082200,SPY
2025-09-25,654.3242797851562,658.0499877929688,659.4099731445312,654.4099731445312,657.9400024414062,89622100,SPY
2025-09-26,658.072998046875,661.8200073242188,662.3699951171875,657.8800048828125,659.510009765625,69179200,SPY
2025-09-29,659.9224243164062,663.6799926757812,665.280029296875,661.8599853515625,664.3599853515625,73499000,SPY
2025-09-30,662.4082641601562,666.1799926757812,666.6500244140625,661.6099853515625,662.9299926757812,86288000,SPY
2025-10-01,664.6654663085938,668.4500122070312,669.3699951171875,663.0599975585938,663.1699829101562,72545400,SPY
2025-10-02,665.4309692382812,669.219970703125,670.5700073242188,666.780029296875,670.4500122070312,56896000,SPY
2025-10-03,665.421142578125,669.2100219726562,672.6799926757812,668.1599731445312,669.989990234375,70494400,SPY
2025-10-06,667.8074951171875,671.6099853515625,672.510009765625,669.4600219726562,671.6199951171875,54623300,SPY
2025-10-07,665.3316040039062,669.1199951171875,672.989990234375,667.6699829101562,672.5399780273438,72020100,SPY
2025-10-08,669.2990112304688,673.1099853515625,673.2100219726562,669.4199829101562,670.25,60702200,SPY
2025-10-09,667.3600463867188,671.1599731445312,673.9400024414062,669.2100219726562,673.530029296875,66501900,SPY
2025-10-10,649.32275390625,653.02001953125,673.9500122070312,652.8400268554688,672.1300048828125,159422600,SPY
2025-10-13,659.2860107421875,663.0399780273438,665.1300048828125,659.77001953125,660.6500244140625,79560500,SPY
2025-10-14,658.4805908203125,662.22998046875,665.8300170898438,653.1699829101562,657.1699829101562,88779600,SPY
2025-10-15,661.4039916992188,665.1699829101562,670.22998046875,658.9299926757812,666.8200073242188,81702600,SPY
2025-10-16,656.899658203125,660.6400146484375,668.7100219726562,657.1099853515625,666.8200073242188,110563300,SPY
2025-10-17,660.62841796875,664.3900146484375,665.760009765625,658.1400146484375,659.5,96500900,SPY
2025-10-20,667.499267578125,671.2999877929688,672.2100219726562,667.27001953125,667.3200073242188,60493400,SPY
2025-10-21,667.4892578125,671.2899780273438,672.989990234375,669.97998046875,671.4400024414062,56249000,SPY
2025-10-22,664.0191040039062,667.7999877929688,672.0,663.2999877929688,672.0,80564000,SPY
2025-10-23,667.9566650390625,671.760009765625,672.7100219726562,667.7999877929688,668.1199951171875,65604500,SPY
2025-10-24,673.4155883789062,677.25,678.469970703125,675.6500244140625,676.4600219726562,74356500,SPY
2025-10-27,681.3603515625,685.239990234375,685.5399780273438,682.1199951171875,682.72998046875,63339800,SPY
2025-10-28,683.1700439453125,687.0599975585938,688.9099731445312,684.8300170898438,687.0499877929688,61738100,SPY
2025-10-29,683.4981689453125,687.3900146484375,689.7000122070312,682.8699951171875,688.719970703125,85657100,SPY
2025-10-30,675.98095703125,679.8300170898438,685.9400024414062,679.8300170898438,683.9000244140625,76335800,SPY
2025-10-31,678.1983642578125,682.0599975585938,685.0800170898438,679.239990234375,685.0399780273438,87164100,SPY
2025-11-03,679.4711303710938,683.3400268554688,685.7999877929688,679.9400024414062,685.6699829101562,57315000,SPY
2025-11-04,671.4169921875,675.239990234375,679.9600219726562,674.5800170898438,676.1099853515625,78427000,SPY
2025-11-05,673.7437133789062,677.5800170898438,680.8599853515625,674.1699829101562,674.97998046875,74402400,SPY
2025-11-06,666.514892578125,670.3099975585938,677.3800048828125,668.719970703125,676.469970703125,85035300,SPY
2025-11-07,667.1710815429688,670.969970703125,671.0800170898438,661.2100219726562,667.9099731445312,100592400,SPY
2025-11-10,677.5819091796875,681.4400024414062,682.1799926757812,675.030029296875,677.239990234375,75842900,SPY
2025-11-11,679.1329956054688,683.0,683.5700073242188,678.72998046875,679.9500122070312,58953400,SPY
2025-11-12,679.5108642578125,683.3800048828125,684.9600219726562,680.9500122070312,684.7899780273438,62312500,SPY
2025-11-13,668.2350463867188,672.0399780273438,680.8599853515625,670.52001953125,680.5,103457800,SPY
2025-11-14,668.125732421875,671.9299926757812,675.6599731445312,663.27001953125,665.3800048828125,96846700,SPY
2025-11-17,661.901123046875,665.6699829101562,673.7100219726562,662.1699829101562,669.7000122070312,90456100,SPY
2025-11-18,656.3428344726562,660.0800170898438,665.1199951171875,655.8599853515625,662.0999755859375,114467500,SPY
2025-11-19,658.87841796875,662.6300048828125,667.3400268554688,658.75,660.780029296875,94703000,SPY
2025-11-20,648.8355712890625,652.530029296875,675.5599975585938,651.8900146484375,672.9099731445312,165293500,SPY
2025-11-21,655.2987670898438,659.030029296875,664.5499877929688,650.8499755859375,655.0499877929688,123956200,SPY
2025-11-24,664.9437866210938,668.72998046875,670.0599975585938,661.5900268554688,662.6900024414062,80437900,SPY
2025-11-25,671.1981811523438,675.02001953125,676.2100219726562,664.47998046875,668.6300048828125,81077100,SPY
2025-11-26,675.8318481445312,679.6799926757812,681.7000122070312,676.719970703125,677.6300048828125,71879600,SPY
2025-11-28,679.5208129882812,683.3900146484375,683.6699829101562,680.5,680.8599853515625,49212000,SPY
2025-12-01,676.4185180664062,680.27001953125,682.989990234375,678.739990234375,678.8099975585938,61201200,SPY
2025-12-02,677.67138671875,681.530029296875,683.8200073242188,679.3300170898438,681.9199829101562,62953800,SPY
2025-12-03,680.0180053710938,683.8900146484375,684.9099731445312,679.6900024414062,680.5700073242188,57238500,SPY
2025-12-04,680.51513671875,684.3900146484375,685.3699951171875,681.3400268554688,685.2999877929688,61970300,SPY
2025-12-05,681.8078002929688,685.6900024414062,688.3900146484375,684.5800170898438,685.469970703125,79241000,SPY
2025-12-08,679.7594604492188,683.6300048828125,686.6400146484375,681.5700073242188,686.5900268554688,55231500,SPY
2025-12-09,679.1727294921875,683.0399780273438,685.3900146484375,682.5900268554688,683.1500244140625,58310100,SPY
2025-12-10,683.6771850585938,687.5700073242188,688.969970703125,681.3099975585938,682.5599975585938,85671300,SPY
2025-12-11,685.26806640625,689.1699829101562,689.25,682.1699829101562,685.1400146484375,86173700,SPY
2025-12-12,677.9000244140625,681.760009765625,688.8800048828125,679.1699829101562,688.1699829101562,113160300,SPY
2025-12-15,676.8758544921875,680.72998046875,685.760009765625,679.25,685.739990234375,90811000,SPY
2025-12-16,675.0264282226562,678.8699951171875,681.0800170898438,674.97998046875,679.22998046875,122030600,SPY
2025-12-17,667.5986938476562,671.4000244140625,680.4400024414062,671.2000122070312,679.8900146484375,110625200,SPY
2025-12-18,672.6399536132812,676.469970703125,680.739990234375,674.9000244140625,677.5999755859375,108650100,SPY
2025-12-19,678.7363891601562,680.5900268554688,681.0900268554688,676.469970703125,676.5900268554688,103599500,SPY
2025-12-22,682.96484375,684.8300170898438,685.3599853515625,680.5900268554688,683.9400024414062,69556700,SPY
2025-12-23,686.0863037109375,687.9600219726562,688.2000122070312,683.8699951171875,683.9199829101562,64840000,SPY
2025-12-24,688.4996948242188,690.3800048828125,690.8300170898438,687.7999877929688,687.9500122070312,39445600,SPY
2025-12-26,688.4298706054688,690.3099975585938,691.6599731445312,689.27001953125,690.6400146484375,41613300,SPY
2025-12-29,685.9765625,687.8499755859375,689.2000122070312,686.0700073242188,687.5399780273438,62559500,SPY
2025-12-30,685.138916015625,687.010009765625,688.5599975585938,686.5800170898438,687.4500122070312,47160700,SPY
2025-12-31,680.062744140625,681.9199829101562,687.3599853515625,681.7100219726562,687.1400146484375,74144800,SPY
2026-01-02,681.309326171875,683.1699829101562,686.8699951171875,679.8200073242188,685.7100219726562,89377200,SPY
2026-01-05,685.846923828125,687.719970703125,689.4299926757812,686.3800048828125,686.5399780273438,71927200,SPY
2026-01-06,689.92578125,691.8099975585938,692.3200073242188,687.780029296875,687.9299926757812,69273800,SPY
2026-01-07,687.701904296875,689.5800170898438,693.9600219726562,689.3200073242188,692.1900024414062,75588300,SPY
2026-01-08,687.632080078125,689.510009765625,690.6199951171875,687.489990234375,688.8200073242188,64019200,SPY
2026-01-09,692.1796264648438,694.0700073242188,695.3099975585938,689.1799926757812,690.6300048828125,80125500,SPY
2026-01-12,693.2666625976562,695.1599731445312,696.0900268554688,690.6300048828125,690.6799926757812,63976000,SPY
2026-01-13,691.8804931640625,693.77001953125,696.0900268554688,691.3499755859375,695.489990234375,78309700,SPY
2026-01-14,688.479736328125,690.3599853515625,691.719970703125,686.0399780273438,691.0,94676700,SPY
2026-01-15,690.3546142578125,692.239990234375,695.4500122070312,691.25,694.5700073242188,77862000,SPY
2026-01-16,689.7761840820312,691.6599731445312,694.25,690.0999755859375,693.6599731445312,79289200,SPY
2026-01-20,675.7345581054688,677.5800170898438,684.77001953125,676.5700073242188,681.489990234375,111623300,SPY
2026-01-21,683.5332641601562,685.4000244140625,688.739990234375,678.1300048828125,679.6500244140625,127844500,SPY
2026-01-22,687.103515625,688.97998046875,691.1300048828125,686.9199829101562,689.8499755859375,77112200,SPY
2026-01-23,687.352783203125,689.22998046875,690.9600219726562,687.1599731445312,688.1500244140625,63059600,SPY
2026-01-26,690.84326171875,692.72998046875,694.1300048828125,689.9199829101562,690.489990234375,60473800,SPY
2026-01-27,693.5957641601562,695.489990234375,696.530029296875,693.5700073242188,694.1799926757812,55506100,SPY
2026-01-28,693.5259399414062,695.4199829101562,697.8400268554688,693.9400024414062,697.0499877929688,61172200,SPY
2026-01-29,692.1497192382812,694.0399780273438,697.0599975585938,684.8300170898438,696.3900146484375,97486200,SPY
2026-01-30,690.0853271484375,691.969970703125,694.2100219726562,687.1199951171875,691.7899780273438,101835100,SPY
2026-02-02,693.5159912109375,695.4099731445312,696.9299926757812,689.4199829101562,689.5800170898438,79286500,SPY
2026-02-03,687.6520385742188,689.530029296875,696.9600219726562,684.030029296875,696.2100219726562,107904600,SPY
2026-02-04,684.3211059570312,686.1900024414062,691.4500122070312,681.760009765625,690.3499755859375,105204600,SPY
2026-02-05,675.7744750976562,677.6199951171875,683.6900024414062,675.7899780273438,680.9400024414062,113610800,SPY
2026-02-06,688.739013671875,690.6199951171875,692.3099975585938,680.8499755859375,681.4600219726562,89127600,SPY
2026-02-09,692.0599975585938,693.9500122070312,695.8699951171875,688.3400268554688,689.4199829101562,73885200,SPY
2026-02-10,690.2349243164062,692.1199951171875,696.5399780273438,691.6599731445312,694.9500122070312,65185700,SPY
2026-02-11,690.075439453125,691.9600219726562,697.1400146484375,689.1799926757812,696.3900146484375,76353900,SPY
2026-02-12,679.41455078125,681.27001953125,695.3499755859375,680.3699951171875,694.239990234375,118829000,SPY
2026-02-13,679.8931884765625,681.75,686.280029296875,677.52001953125,681.6900024414062,96267500,SPY
2026-02-17,680.9901733398438,682.8499755859375,684.9400024414062,675.780029296875,680.1400146484375,81354700,SPY
2026-02-18,684.4208374023438,686.2899780273438,689.1500244140625,682.8300170898438,684.02001953125,73570300,SPY
2026-02-19,682.61572265625,684.47998046875,686.1799926757812,681.5499877929688,683.8400268554688,58649400,SPY
2026-02-20,687.5523071289062,689.4299926757812,690.0599975585938,681.72998046875,682.3200073242188,100034000,SPY
2026-02-23,680.531494140625,682.3900146484375,690.0,680.3699951171875,687.8300170898438,90558100,SPY
2026-02-24,685.4779052734375,687.3499755859375,688.3499755859375,680.0,681.9000244140625,73798700,SPY
2026-02-25,691.26220703125,693.1500244140625,693.6799926757812,690.0999755859375,690.1799926757812,56369500,SPY
2026-02-26,687.422607421875,689.2999877929688,693.2999877929688,684.3499755859375,693.280029296875,71671000,SPY
2026-02-27,684.1216430664062,685.989990234375,686.8599853515625,681.6400146484375,683.0900268554688,83308900,SPY
2026-03-02,684.5106201171875,686.3800048828125,688.6199951171875,678.02001953125,678.7000122070312,87477200,SPY
2026-03-03,678.4771118164062,680.3300170898438,682.6099853515625,669.6599731445312,675.0599975585938,105003100,SPY
2026-03-04,683.2639770507812,685.1300048828125,687.0900268554688,679.6199951171875,681.6300048828125,79182200,SPY
2026-03-05,679.4544067382812,681.3099975585938,685.530029296875,675.6099853515625,682.0800170898438,106606500,SPY
2026-03-06,670.5487060546875,672.3800048828125,676.1099853515625,669.760009765625,673.4099731445312,100687000,SPY
2026-03-09,676.4227294921875,678.27001953125,679.9199829101562,662.3900146484375,666.3900146484375,102667700,SPY
2026-03-10,675.3356323242188,677.1799926757812,683.3599853515625,674.760009765625,677.719970703125,81505300,SPY
2026-03-11,674.4879760742188,676.3300170898438,680.0800170898438,673.3400268554688,677.5800170898438,68441700,SPY
2026-03-12,664.2459106445312,666.0599975585938,671.6500244140625,665.8699951171875,671.1599731445312,108882200,SPY
2026-03-13,660.4862060546875,662.2899780273438,672.3400268554688,661.3599853515625,669.27001953125,97200200,SPY
2026-03-16,667.2078857421875,669.030029296875,672.0700073242188,667.1199951171875,668.3800048828125,82023100,SPY
2026-03-17,668.9630126953125,670.7899780273438,674.4400024414062,669.7000122070312,672.3900146484375,87128000,SPY
2026-03-18,659.6285400390625,661.4299926757812,669.719970703125,661.1900024414062,668.3599853515625,82062600,SPY
2026-03-19,658.0029907226562,659.7999877929688,662.97998046875,655.1699829101562,656.969970703125,111272500,SPY
2026-03-20,648.5700073242188,648.5700073242188,656.6900024414062,644.719970703125,656.510009765625,163617500,SPY
2026-03-23,655.3800048828125,655.3800048828125,662.6199951171875,653.9400024414062,658.0700073242188,134802700,SPY
2026-03-24,653.1799926757812,653.1799926757812,657.030029296875,649.8800048828125,651.3200073242188,96457500,SPY
2026-03-25,656.8200073242188,656.8200073242188,660.8900146484375,654.239990234375,658.6699829101562,90653800,SPY
2026-03-26,645.0900268554688,645.0900268554688,654.8499755859375,644.8200073242188,652.0599975585938,96494400,SPY
2026-03-27,634.0900268554688,634.0900268554688,642.6599731445312,633.1099853515625,642.5,103649400,SPY
2026-03-30,631.969970703125,631.969970703125,640.3699951171875,629.280029296875,640.1099853515625,99275900,SPY
2026-03-31,650.3400268554688,650.3400268554688,651.5399780273438,637.97998046875,638.9400024414062,152534100,SPY
2026-04-01,655.239990234375,655.239990234375,658.52001953125,653.0,653.9000244140625,97841500,SPY
2026-04-02,655.8300170898438,655.8300170898438,658.2000122070312,645.1099853515625,646.4199829101562,68358700,SPY
2026-04-06,658.9299926757812,658.9299926757812,659.719970703125,655.52001953125,655.8599853515625,39105800,SPY
2026-04-07,659.219970703125,659.219970703125,659.6099853515625,651.0599975585938,656.6500244140625,69980400,SPY
2026-04-08,676.010009765625,676.010009765625,677.0800170898438,671.4600219726562,676.3900146484375,93606100,SPY
2026-04-09,679.9099731445312,679.9099731445312,681.1599731445312,673.77001953125,674.8400268554688,57134400,SPY
2026-04-10,679.4600219726562,679.4600219726562,682.030029296875,678.4500122070312,681.3200073242188,42253500,SPY
2026-04-13,686.0999755859375,686.0999755859375,686.2999877929688,676.5800170898438,677.4099731445312,54185800,SPY
2026-04-14,694.4600219726562,694.4600219726562,694.5800170898438,687.6599731445312,687.6900024414062,63480500,SPY
2026-04-15,699.9400024414062,699.9400024414062,700.280029296875,694.2000122070312,695.260009765625,58240400,SPY
2026-04-16,701.6599731445312,701.6599731445312,702.780029296875,698.530029296875,701.0599975585938,49972400,SPY
2026-04-17,710.1400146484375,710.1400146484375,712.3900146484375,705.760009765625,706.1400146484375,70661900,SPY
2026-04-20,708.719970703125,708.719970703125,709.9099731445312,706.1400146484375,708.780029296875,43546800,SPY
2026-04-21,704.0800170898438,704.0800170898438,711.280029296875,702.6400146484375,710.280029296875,58941400,SPY
2026-04-22,711.2100219726562,711.2100219726562,711.4500122070312,708.219970703125,709.1500244140625,42518500,SPY
2026-04-23,708.4500122070312,708.4500122070312,712.3599853515625,702.280029296875,709.5,56174000,SPY
2026-04-24,713.9400024414062,713.9400024414062,714.469970703125,709.010009765625,710.75,45182000,SPY
2026-04-27,715.1699829101562,715.1699829101562,715.6300048828125,712.2999877929688,713.1699829101562,33135900,SPY
2026-04-28,711.6900024414062,711.6900024414062,712.8800048828125,709.25,711.8200073242188,43117400,SPY
2026-04-29,711.5800170898438,711.5800170898438,712.2000122070312,708.3699951171875,711.0,41859200,SPY
2026-04-30,718.6599731445312,718.6599731445312,719.7899780273438,710.4500122070312,714.6300048828125,67240900,SPY
2026-05-01,720.6500244140625,720.6500244140625,724.8699951171875,720.469970703125,721.25,43049800,SPY
2026-05-04,718.010009765625,718.010009765625,722.1199951171875,714.989990234375,720.0700073242188,51950600,SPY
2026-05-05,723.77001953125,723.77001953125,725.0399780273438,721.489990234375,721.77001953125,36933200,SPY
2026-05-06,733.8300170898438,733.8300170898438,734.5900268554688,727.8200073242188,728.1599731445312,53288900,SPY
2026-05-07,731.5800170898438,731.5800170898438,736.1300048828125,729.75,735.0499877929688,51724600,SPY
2026-05-08,737.6199951171875,737.6199951171875,738.0800170898438,734.5700073242188,734.9299926757812,47227100,SPY
2026-05-11,739.2999877929688,739.2999877929688,740.7899780273438,736.4500122070312,736.4500122070312,44024000,SPY
2026-05-12,738.1799926757812,738.1799926757812,738.8400268554688,731.8300170898438,736.8900146484375,54185300,SPY
2026-05-13,742.3099975585938,742.3099975585938,743.9099731445312,735.469970703125,738.469970703125,44200200,SPY
2026-05-14,748.1699829101562,748.1699829101562,749.530029296875,743.5599975585938,743.6500244140625,45307600,SPY
2026-05-15,739.1699829101562,739.1699829101562,743.4600219726562,737.9600219726562,741.7899780273438,60410800,SPY
2026-05-18,738.6500244140625,738.6500244140625,741.4199829101562,733.3900146484375,739.8300170898438,47843900,SPY
2026-05-19,733.72998046875,733.72998046875,737.6500244140625,731.530029296875,734.780029296875,54255900,SPY
2026-05-20,741.25,741.25,741.8699951171875,733.8900146484375,735.7100219726562,45768000,SPY
2026-05-21,742.719970703125,742.719970703125,744.8699951171875,737.030029296875,738.6400146484375,43332200,SPY
2026-05-22,745.6400146484375,745.6400146484375,748.9400024414062,744.47998046875,746.239990234375,41762000,SPY
2026-05-26,750.5900268554688,750.5900268554688,752.1300048828125,748.3699951171875,750.010009765625,41123600,SPY
2026-05-27,750.4600219726562,750.4600219726562,751.3800048828125,748.219970703125,750.8800048828125,42106300,SPY
2026-05-28,754.5999755859375,754.5999755859375,755.1500244140625,749.22998046875,750.25,41562600,SPY
2026-05-29,756.47998046875,756.47998046875,758.0800170898438,754.6900024414062,755.9000244140625,55075700,SPY
2026-06-01,758.5399780273438,758.5399780273438,760.280029296875,754.6900024414062,755.3599853515625,43634900,SPY
2026-06-02,759.5700073242188,759.5700073242188,760.4000244140625,756.75,757.030029296875,31581900,SPY
2026-06-03,754.239990234375,754.239990234375,758.7999877929688,753.5700073242188,758.1500244140625,51402500,SPY
2026-06-04,757.0900268554688,757.0900268554688,758.3099975585938,751.469970703125,752.0999755859375,49923000,SPY
2026-06-05,737.5499877929688,737.5499877929688,752.8200073242188,735.530029296875,752.3099975585938,93989400,SPY
2026-06-08,739.219970703125,739.219970703125,745.3400268554688,738.1900024414062,743.3599853515625,49319100,SPY
2026-06-09,737.0499877929688,737.0499877929688,746.9000244140625,722.5900268554688,743.6300048828125,87683500,SPY
2026-06-10,725.4299926757812,725.4299926757812,738.3800048828125,725.3300170898438,733.3900146484375,60341300,SPY
2026-06-11,737.760009765625,737.760009765625,740.0,724.4099731445312,728.760009765625,86330500,SPY
2026-06-12,741.75,741.75,744.4400024414062,735.030029296875,740.7100219726562,56939800,SPY
