date,adj_close,close,high,low,open,volume,symbol
2015-01-01,975.6509399414062,1272.7750244140625,1283.5,1270.5,1283.5,366830,TCS_NS
2015-01-02,988.6438598632812,1289.7249755859375,1295.4749755859375,1275.300048828125,1275.5,925740,TCS_NS
2015-01-05,973.6196899414062,1270.125,1299.949951171875,1262.324951171875,1290.5,1754242,TCS_NS
2015-01-06,937.7255249023438,1223.300048828125,1264.550048828125,1220.0,1264.550048828125,2423784,TCS_NS
2015-01-07,926.6484375,1208.8499755859375,1239.574951171875,1203.7249755859375,1235.0,2636332,TCS_NS
2015-01-08,936.6522827148438,1221.9000244140625,1224.5,1210.2750244140625,1221.199951171875,1565408,TCS_NS
2015-01-09,962.9070434570312,1256.1500244140625,1259.949951171875,1225.0,1227.5,3197642,TCS_NS
2015-01-12,961.9103393554688,1254.8499755859375,1264.0,1240.125,1258.5,1596006,TCS_NS
2015-01-13,957.3877563476562,1248.949951171875,1265.199951171875,1240.050048828125,1260.0,1468432,TCS_NS
2015-01-14,966.60546875,1260.9749755859375,1265.9000244140625,1250.25,1258.0,1787096,TCS_NS
2015-01-15,973.1787719726562,1269.550048828125,1290.875,1261.625,1266.5,5009920,TCS_NS
2015-01-16,970.5148315429688,1266.074951171875,1272.5,1242.1500244140625,1271.8499755859375,5293830,TCS_NS
2015-01-19,962.4085693359375,1255.5,1275.5,1251.5,1268.0,1135074,TCS_NS
2015-01-20,958.3648071289062,1250.2249755859375,1265.0,1241.625,1260.0,2058566,TCS_NS
2015-01-21,963.4818115234375,1256.9000244140625,1261.0,1244.125,1261.0,2310480,TCS_NS
2015-01-22,963.3856811523438,1256.7750244140625,1260.625,1247.75,1258.25,2113214,TCS_NS
2015-01-23,959.5721435546875,1251.800048828125,1266.0250244140625,1248.050048828125,1257.0,3150380,TCS_NS
2015-01-27,960.8971557617188,1251.0250244140625,1257.5,1244.7750244140625,1256.175048828125,2738736,TCS_NS
2015-01-28,975.3176879882812,1269.800048828125,1272.449951171875,1251.449951171875,1251.5,3121980,TCS_NS
2015-01-29,977.2575073242188,1272.324951171875,1284.3499755859375,1256.449951171875,1269.0,3734392,TCS_NS
2015-01-30,953.2161865234375,1241.0250244140625,1287.5,1235.0,1280.3499755859375,5817402,TCS_NS
2015-02-02,965.5635986328125,1257.0999755859375,1260.7249755859375,1231.0250244140625,1241.0,3181802,TCS_NS
2015-02-03,982.4805297851562,1279.125,1282.5,1253.550048828125,1255.824951171875,2345054,TCS_NS
2015-02-04,965.6015625,1257.1500244140625,1285.8499755859375,1251.050048828125,1284.0,2245418,TCS_NS
2015-02-05,980.2333984375,1276.199951171875,1295.8499755859375,1259.5,1260.0,4530168,TCS_NS
2015-02-06,989.2012329101562,1287.875,1297.4000244140625,1275.425048828125,1276.5,2136416,TCS_NS
2015-02-09,965.064208984375,1256.449951171875,1284.550048828125,1250.0,1280.75,2076432,TCS_NS
2015-02-10,937.5093383789062,1220.574951171875,1263.125,1216.5,1255.0,3799054,TCS_NS
2015-02-11,944.7098388671875,1229.949951171875,1243.625,1223.625,1227.5250244140625,2937522,TCS_NS
2015-02-12,945.57373046875,1231.074951171875,1239.9000244140625,1223.5,1239.9000244140625,3107980,TCS_NS
2015-02-13,974.9915161132812,1269.375,1273.875,1230.125,1235.0,4158326,TCS_NS
2015-02-16,992.6767578125,1292.4000244140625,1297.5,1277.5,1280.0,2364392,TCS_NS
2015-02-18,1012.2052001953125,1317.824951171875,1321.5,1282.625,1292.5250244140625,2660014,TCS_NS
2015-02-19,1029.6407470703125,1340.5250244140625,1343.6500244140625,1317.5,1318.0,2618002,TCS_NS
2015-02-20,1027.52880859375,1337.7750244140625,1349.4000244140625,1321.125,1349.4000244140625,1801588,TCS_NS
2015-02-23,1035.6324462890625,1348.324951171875,1361.0,1335.5,1335.5,1614892,TCS_NS
2015-02-24,1038.7425537109375,1352.375,1365.0,1339.5,1347.0,2199922,TCS_NS
2015-02-25,1026.2425537109375,1336.0999755859375,1361.0,1333.925048828125,1355.0,1767994,TCS_NS
2015-02-26,1020.1936645507812,1328.2249755859375,1346.375,1312.675048828125,1339.5,1991994,TCS_NS
2015-02-27,1022.45947265625,1331.175048828125,1337.875,1308.1500244140625,1329.7249755859375,2877376,TCS_NS
2015-03-02,1025.1668701171875,1334.699951171875,1354.4749755859375,1326.2750244140625,1339.8499755859375,2176038,TCS_NS
2015-03-03,1066.106201171875,1388.0,1395.0,1338.074951171875,1341.0,3424308,TCS_NS
2015-03-04,1054.584716796875,1373.0,1406.050048828125,1357.824951171875,1394.0,3862994,TCS_NS
2015-03-05,1035.5550537109375,1348.2249755859375,1385.3499755859375,1340.5250244140625,1375.0,2173514,TCS_NS
2015-03-09,1016.4874877929688,1323.4000244140625,1339.9000244140625,1305.0,1320.0,2883174,TCS_NS
2015-03-10,1014.9134521484375,1321.3499755859375,1339.125,1297.625,1324.449951171875,3037052,TCS_NS
2015-03-11,1001.0297241210938,1303.2750244140625,1329.9749755859375,1298.9000244140625,1321.0,2240200,TCS_NS
2015-03-12,1005.8305053710938,1309.5250244140625,1312.449951171875,1295.050048828125,1311.949951171875,1827636,TCS_NS
2015-03-13,991.7359008789062,1291.175048828125,1319.9749755859375,1287.5,1319.0,1586838,TCS_NS
2015-03-16,984.0360107421875,1281.1500244140625,1305.0,1276.0,1292.5999755859375,1556296,TCS_NS
2015-03-17,992.2545776367188,1291.8499755859375,1303.3499755859375,1278.875,1291.25,1267318,TCS_NS
2015-03-18,982.9031372070312,1279.675048828125,1299.7249755859375,1275.8499755859375,1295.4749755859375,1255170,TCS_NS
2015-03-19,997.0744018554688,1298.125,1302.925048828125,1284.050048828125,1288.0,2448964,TCS_NS
2015-03-20,1002.7200317382812,1305.4749755859375,1309.0,1289.425048828125,1298.0,1963908,TCS_NS
2015-03-23,1005.1004638671875,1308.574951171875,1315.5,1303.0,1308.0,1566608,TCS_NS
2015-03-24,995.1732788085938,1295.6500244140625,1318.5,1291.050048828125,1315.0,2394878,TCS_NS
2015-03-25,988.4334716796875,1286.875,1307.0,1272.5999755859375,1295.699951171875,2224858,TCS_NS
2015-03-26,965.1406860351562,1256.550048828125,1293.3499755859375,1250.5,1276.6500244140625,3091642,TCS_NS
2015-03-27,965.7939453125,1257.4000244140625,1285.949951171875,1252.050048828125,1265.5,2751776,TCS_NS
2015-03-30,984.7462768554688,1282.074951171875,1284.949951171875,1260.0,1262.5,1339006,TCS_NS
2015-03-31,980.8290405273438,1276.9749755859375,1284.7249755859375,1260.5,1284.7249755859375,2427028,TCS_NS
2015-04-01,976.4894409179688,1271.324951171875,1281.800048828125,1261.125,1279.0,2075758,TCS_NS
2015-04-06,978.275146484375,1273.6500244140625,1281.449951171875,1250.050048828125,1279.0,1568542,TCS_NS
2015-04-07,992.753662109375,1292.5,1299.5,1272.0,1281.2249755859375,1886922,TCS_NS
2015-04-08,1014.41357421875,1320.699951171875,1328.25,1295.425048828125,1297.0,1652134,TCS_NS
2015-04-09,1023.304443359375,1332.2750244140625,1343.7249755859375,1317.574951171875,1329.5,2544450,TCS_NS
2015-04-10,1019.1566772460938,1326.875,1335.4000244140625,1314.0,1324.25,1815544,TCS_NS
2015-04-13,1019.828857421875,1327.75,1332.5,1314.0,1332.0,1308642,TCS_NS
2015-04-15,1009.1713256835938,1313.875,1356.949951171875,1304.699951171875,1327.3499755859375,2913934,TCS_NS
2015-04-16,991.90869140625,1291.4000244140625,1313.5,1285.675048828125,1313.4749755859375,3217570,TCS_NS
2015-04-17,950.4512329101562,1237.425048828125,1280.0,1235.0,1278.550048828125,9668742,TCS_NS
2015-04-20,932.7659301757812,1214.4000244140625,1241.949951171875,1212.425048828125,1240.0250244140625,2890722,TCS_NS
2015-04-21,932.0941772460938,1213.5250244140625,1226.0,1200.5,1214.4000244140625,2546032,TCS_NS
2015-04-22,939.02587890625,1222.550048828125,1236.5,1203.7750244140625,1215.75,4186812,TCS_NS
2015-04-23,943.6921997070312,1228.625,1239.9000244140625,1215.8499755859375,1236.0,4342990,TCS_NS
2015-04-24,957.4410400390625,1246.5250244140625,1257.0,1223.7750244140625,1227.6500244140625,3625158,TCS_NS
2015-04-27,960.186767578125,1250.0999755859375,1260.0,1243.0,1249.75,2733052,TCS_NS
2015-04-28,958.1898803710938,1247.5,1255.0,1227.550048828125,1255.0,3088298,TCS_NS
2015-04-29,955.2327270507812,1243.6500244140625,1247.5,1225.5250244140625,1242.0,2019620,TCS_NS
2015-04-30,946.1690063476562,1231.8499755859375,1245.0,1213.550048828125,1240.0,3738054,TCS_NS
2015-05-04,953.0242919921875,1240.7750244140625,1252.4000244140625,1228.5999755859375,1245.5,1890630,TCS_NS
2015-05-05,966.9652709960938,1258.925048828125,1268.2249755859375,1250.0,1250.5,3255070,TCS_NS
2015-05-06,945.919677734375,1231.5250244140625,1257.5,1227.9000244140625,1257.5,3394406,TCS_NS
2015-05-07,977.4881591796875,1272.625,1276.875,1226.8499755859375,1232.449951171875,3205028,TCS_NS
2015-05-08,970.5755615234375,1263.625,1294.0,1258.1500244140625,1280.0,3003664,TCS_NS
2015-05-11,981.6162109375,1278.0,1281.5250244140625,1262.5,1267.5,2573082,TCS_NS
2015-05-12,968.90478515625,1261.449951171875,1282.5,1256.5,1280.0,2467386,TCS_NS
2015-05-13,966.0244140625,1257.699951171875,1273.5,1240.2249755859375,1273.5,1863774,TCS_NS
2015-05-14,959.8218383789062,1249.625,1260.0,1242.5,1260.0,1309050,TCS_NS
2015-05-15,964.3922119140625,1255.574951171875,1266.199951171875,1250.5,1257.5,1461454,TCS_NS
2015-05-18,967.9443359375,1260.199951171875,1262.625,1248.550048828125,1257.050048828125,4507752,TCS_NS
2015-05-19,964.9873046875,1256.3499755859375,1265.0,1248.375,1259.699951171875,1957722,TCS_NS
2015-05-20,982.0197143554688,1278.5250244140625,1284.949951171875,1258.449951171875,1260.0,1897814,TCS_NS
2015-05-21,981.4246215820312,1277.75,1290.0,1274.074951171875,1278.5,1579578,TCS_NS
2015-05-22,1005.388671875,1308.949951171875,1314.375,1269.625,1275.0,2691632,TCS_NS
2015-05-25,998.8985595703125,1300.5,1318.449951171875,1292.8499755859375,1310.0,982978,TCS_NS
2015-05-26,1001.9135131835938,1304.425048828125,1311.625,1294.449951171875,1302.5,1961740,TCS_NS
2015-05-27,1004.3712158203125,1307.625,1316.574951171875,1296.0,1304.0,1620690,TCS_NS
2015-05-28,1002.16259765625,1304.75,1311.5,1291.125,1301.949951171875,2763608,TCS_NS
2015-05-29,1002.4700317382812,1305.1500244140625,1324.300048828125,1298.625,1308.5,4423532,TCS_NS
2015-06-01,1005.3314819335938,1308.875,1323.550048828125,1304.175048828125,1304.7249755859375,882264,TCS_NS
2015-06-02,998.4759521484375,1299.949951171875,1315.0,1295.25,1308.0,3935820,TCS_NS
2015-06-03,1002.700439453125,1305.449951171875,1312.800048828125,1295.25,1302.0,1804684,TCS_NS
2015-06-04,1000.6843872070312,1302.824951171875,1311.4000244140625,1294.25,1308.550048828125,4131468,TCS_NS
2015-06-05,998.43603515625,1287.925048828125,1304.5,1285.0,1296.0,2308534,TCS_NS
2015-06-08,999.056396484375,1288.7249755859375,1295.0,1280.824951171875,1295.0,1570320,TCS_NS
2015-06-09,992.9320678710938,1280.824951171875,1295.0,1275.5,1292.5,2578914,TCS_NS
2015-06-10,1008.0873413085938,1300.375,1305.0,1281.9000244140625,1283.0,2763350,TCS_NS
2015-06-11,996.6726684570312,1285.6500244140625,1306.5,1278.375,1302.75,1847336,TCS_NS
2015-06-12,971.283203125,1252.9000244140625,1294.4749755859375,1238.4000244140625,1285.949951171875,2571456,TCS_NS
2015-06-15,970.89599609375,1252.4000244140625,1260.2249755859375,1240.5,1252.6500244140625,2525176,TCS_NS
2015-06-16,973.6871337890625,1256.0,1259.6500244140625,1247.2249755859375,1250.0,1267396,TCS_NS
2015-06-17,974.3844604492188,1256.9000244140625,1264.574951171875,1250.9000244140625,1260.5,1975720,TCS_NS
2015-06-18,980.6830444335938,1265.0250244140625,1273.1500244140625,1254.0,1257.5,2165046,TCS_NS
2015-06-19,988.241943359375,1274.7750244140625,1277.5,1263.550048828125,1267.5,1999610,TCS_NS
2015-06-22,1004.5023803710938,1295.75,1300.0,1273.5,1273.5,1102002,TCS_NS
2015-06-23,997.9515991210938,1287.300048828125,1304.0,1283.5999755859375,1300.0,898318,TCS_NS
2015-06-24,996.284912109375,1285.1500244140625,1293.949951171875,1279.425048828125,1290.0,1170246,TCS_NS
2015-06-25,988.416259765625,1275.0,1286.5,1272.074951171875,1281.0,1930992,TCS_NS
2015-06-26,1005.0062866210938,1296.4000244140625,1298.175048828125,1275.0999755859375,1275.0999755859375,1290102,TCS_NS
2015-06-29,1005.044921875,1296.449951171875,1302.0,1271.699951171875,1286.0,1372756,TCS_NS
2015-06-30,988.7847290039062,1275.4749755859375,1294.375,1270.0,1292.5,1549952,TCS_NS
2015-07-01,1005.122314453125,1296.550048828125,1304.0,1278.375,1281.949951171875,1279708,TCS_NS
2015-07-02,999.172607421875,1288.875,1301.4749755859375,1285.5250244140625,1300.0,1445880,TCS_NS
2015-07-03,1009.3084716796875,1301.949951171875,1305.0,1285.0,1286.5250244140625,963470,TCS_NS
2015-07-06,1020.70458984375,1316.6500244140625,1322.5,1290.1500244140625,1290.1500244140625,1182338,TCS_NS
2015-07-07,1014.0956420898438,1308.125,1323.449951171875,1301.5,1316.375,1642836,TCS_NS
2015-07-08,1005.8972778320312,1297.550048828125,1310.8499755859375,1290.25,1298.9749755859375,2667850,TCS_NS
2015-07-09,977.7568359375,1261.25,1299.125,1253.324951171875,1297.5,3934122,TCS_NS
2015-07-10,959.093505859375,1237.175048828125,1279.5,1227.5,1279.5,8263654,TCS_NS
2015-07-13,972.7373046875,1254.7750244140625,1259.300048828125,1237.699951171875,1237.699951171875,2280308,TCS_NS
2015-07-14,968.8417358398438,1249.75,1257.5,1245.0,1255.5,1703274,TCS_NS
2015-07-15,986.7691040039062,1272.875,1274.9749755859375,1250.0,1250.5,2003660,TCS_NS
2015-07-16,984.6173706054688,1270.0999755859375,1279.425048828125,1263.300048828125,1271.8499755859375,1456608,TCS_NS
2015-07-17,993.9976806640625,1282.199951171875,1285.050048828125,1271.6500244140625,1273.4000244140625,1070526,TCS_NS
2015-07-20,1001.8634643554688,1289.574951171875,1291.949951171875,1275.949951171875,1282.0,853786,TCS_NS
2015-07-21,994.968994140625,1280.699951171875,1300.175048828125,1277.550048828125,1288.0,1274500,TCS_NS
2015-07-22,982.0143432617188,1264.0250244140625,1284.5,1260.5250244140625,1280.5,1320628,TCS_NS
2015-07-23,966.68994140625,1244.300048828125,1268.925048828125,1241.5,1258.75,1496780,TCS_NS
2015-07-24,973.1187133789062,1252.574951171875,1258.25,1246.050048828125,1248.75,1574972,TCS_NS
2015-07-27,969.9724731445312,1248.5250244140625,1252.5,1240.574951171875,1244.0,2003738,TCS_NS
2015-07-28,971.9149169921875,1251.0250244140625,1259.5,1246.074951171875,1249.75,1891188,TCS_NS
2015-07-29,973.7402954101562,1253.375,1257.5250244140625,1241.75,1255.5,2413318,TCS_NS
2015-07-30,963.6019287109375,1240.324951171875,1258.4000244140625,1236.4000244140625,1258.0250244140625,2770574,TCS_NS
2015-07-31,975.2943725585938,1255.375,1259.5,1243.5,1244.949951171875,1963776,TCS_NS
2015-08-03,974.8477172851562,1254.800048828125,1262.5,1250.449951171875,1251.699951171875,1179324,TCS_NS
2015-08-04,974.5755004882812,1254.449951171875,1261.5,1243.0,1255.199951171875,2342692,TCS_NS
2015-08-05,989.4337158203125,1273.574951171875,1275.0,1255.5,1260.0,988994,TCS_NS
2015-08-06,999.5914306640625,1286.6500244140625,1291.5,1275.050048828125,1282.5,2211366,TCS_NS
2015-08-07,991.3372802734375,1276.0250244140625,1286.5,1273.5,1286.5,1188506,TCS_NS
2015-08-10,999.1253662109375,1286.050048828125,1294.5,1278.300048828125,1286.0,1431182,TCS_NS
2015-08-11,1011.5943603515625,1302.0999755859375,1305.0,1271.050048828125,1289.0,2200306,TCS_NS
2015-08-12,1037.8148193359375,1335.8499755859375,1345.699951171875,1301.0,1301.550048828125,3479784,TCS_NS
2015-08-13,1023.7918090820312,1317.800048828125,1342.0,1278.0,1335.0,1406426,TCS_NS
2015-08-14,1050.0506591796875,1351.5999755859375,1359.675048828125,1318.550048828125,1319.0,2293964,TCS_NS
2015-08-17,1042.884033203125,1342.375,1348.4000244140625,1327.5,1345.050048828125,773644,TCS_NS
2015-08-18,1064.6954345703125,1370.449951171875,1374.949951171875,1345.0,1353.449951171875,1916926,TCS_NS
2015-08-19,1061.8597412109375,1366.800048828125,1376.425048828125,1360.949951171875,1375.0,1690070,TCS_NS
2015-08-20,1043.6993408203125,1343.425048828125,1372.5,1336.0,1372.5,2349298,TCS_NS
2015-08-21,1039.543212890625,1338.074951171875,1364.949951171875,1327.550048828125,1356.0,3536080,TCS_NS
2015-08-24,1001.6695556640625,1289.324951171875,1322.5,1284.550048828125,1319.5,4692344,TCS_NS
2015-08-25,997.2024536132812,1283.574951171875,1311.0,1267.75,1293.949951171875,3925800,TCS_NS
2015-08-26,1000.9317016601562,1288.375,1319.5,1255.9749755859375,1279.0250244140625,3216158,TCS_NS
2015-08-27,1000.1158447265625,1287.324951171875,1307.449951171875,1272.9000244140625,1307.449951171875,5264798,TCS_NS
2015-08-28,998.6397705078125,1285.425048828125,1304.5,1278.8499755859375,1304.5,2744152,TCS_NS
2015-08-31,995.9981689453125,1282.0250244140625,1295.0,1265.5250244140625,1295.0,3692044,TCS_NS
2015-09-01,985.646240234375,1268.699951171875,1305.5999755859375,1265.0,1278.0,2987602,TCS_NS
2015-09-02,1006.7777709960938,1295.9000244140625,1310.2249755859375,1274.0,1279.8499755859375,3765950,TCS_NS
2015-09-03,1012.1386108398438,1302.800048828125,1307.5,1288.125,1298.050048828125,2265074,TCS_NS
2015-09-04,989.5498657226562,1273.7249755859375,1307.449951171875,1269.574951171875,1305.699951171875,2426396,TCS_NS
2015-09-07,986.559326171875,1269.875,1279.9749755859375,1266.3499755859375,1276.5,1759184,TCS_NS
2015-09-08,986.772705078125,1270.1500244140625,1282.050048828125,1261.75,1272.5,1787746,TCS_NS
2015-09-09,990.4436645507812,1274.875,1287.0,1272.0,1281.4749755859375,2045076,TCS_NS
2015-09-10,988.7540893554688,1272.699951171875,1289.25,1263.5,1271.0,2665818,TCS_NS
2015-09-11,991.317626953125,1276.0,1284.199951171875,1270.300048828125,1273.25,1592672,TCS_NS
2015-09-14,991.1814575195312,1275.824951171875,1282.5,1271.5,1282.5,1589318,TCS_NS
2015-09-15,985.5883178710938,1268.625,1279.449951171875,1268.0,1275.824951171875,1379900,TCS_NS
2015-09-16,990.6768188476562,1275.175048828125,1282.5,1270.5250244140625,1277.5,1756816,TCS_NS
2015-09-18,991.0261840820312,1275.625,1293.0,1269.5,1282.5,2455294,TCS_NS
2015-09-21,990.9489135742188,1275.5250244140625,1278.550048828125,1266.5999755859375,1275.0,1108840,TCS_NS
2015-09-22,981.5288696289062,1263.4000244140625,1286.199951171875,1245.0,1278.75,2081246,TCS_NS
2015-09-23,983.8010864257812,1266.324951171875,1278.875,1256.300048828125,1267.1500244140625,1228352,TCS_NS
2015-09-24,1002.349365234375,1290.199951171875,1295.0,1264.949951171875,1267.75,2354254,TCS_NS
2015-09-28,1007.5160522460938,1296.8499755859375,1309.5,1289.75,1297.0,2366812,TCS_NS
2015-09-29,1005.3987426757812,1294.125,1317.0,1284.925048828125,1291.675048828125,3325952,TCS_NS
2015-09-30,1005.3213500976562,1294.0250244140625,1321.8499755859375,1285.4749755859375,1321.8499755859375,3368336,TCS_NS
2015-10-01,1027.2877197265625,1322.300048828125,1324.9749755859375,1296.0999755859375,1299.5,2834408,TCS_NS
2015-10-05,1053.3333740234375,1355.824951171875,1385.0,1326.3499755859375,1326.3499755859375,4807306,TCS_NS
2015-10-06,1048.807861328125,1350.0,1363.0,1342.0,1362.5,3979590,TCS_NS
2015-10-07,1030.919677734375,1326.9749755859375,1358.5,1323.4749755859375,1346.9749755859375,2065530,TCS_NS
2015-10-08,1023.0927124023438,1316.9000244140625,1339.175048828125,1310.0,1335.0,2357550,TCS_NS
2015-10-09,1021.480224609375,1314.824951171875,1325.300048828125,1304.0,1325.25,2249724,TCS_NS
2015-10-12,1007.0888061523438,1296.300048828125,1330.175048828125,1293.5,1327.5,2455912,TCS_NS
2015-10-13,1009.3998413085938,1299.2750244140625,1306.0,1283.800048828125,1301.4000244140625,6179712,TCS_NS
2015-10-14,964.7866821289062,1241.8499755859375,1274.0,1240.0,1274.0,8337128,TCS_NS
2015-10-15,958.5908813476562,1233.875,1251.75,1232.5,1245.0,3215710,TCS_NS
2015-10-16,960.2416381835938,1236.0,1246.0,1235.0,1240.449951171875,2333828,TCS_NS
2015-10-19,966.748291015625,1244.375,1247.4749755859375,1227.925048828125,1245.0,3130642,TCS_NS
2015-10-20,981.5098876953125,1263.375,1265.0,1247.800048828125,1248.125,2695084,TCS_NS
2015-10-21,982.7720336914062,1265.0,1271.0,1261.125,1267.5,1929688,TCS_NS
2015-10-23,987.6962890625,1268.574951171875,1274.0,1263.6500244140625,1274.0,2335398,TCS_NS
2015-10-26,987.462890625,1268.2750244140625,1274.5,1257.550048828125,1274.5,1414630,TCS_NS
2015-10-27,985.3411865234375,1265.550048828125,1272.449951171875,1260.175048828125,1265.0250244140625,1530420,TCS_NS
2015-10-28,984.5623779296875,1264.550048828125,1266.7750244140625,1255.0250244140625,1255.0250244140625,1255342,TCS_NS
2015-10-29,971.4240112304688,1247.675048828125,1267.699951171875,1245.0250244140625,1266.7750244140625,3130316,TCS_NS
2015-10-30,971.3653564453125,1247.5999755859375,1255.949951171875,1242.5,1250.0,1516696,TCS_NS
2015-11-02,979.9881591796875,1258.675048828125,1261.4000244140625,1243.7750244140625,1250.0,1319294,TCS_NS
2015-11-03,990.1490478515625,1271.7249755859375,1273.9000244140625,1259.25,1264.0,1364906,TCS_NS
2015-11-04,986.3921508789062,1266.9000244140625,1273.5999755859375,1260.0,1272.5,991434,TCS_NS
2015-11-05,966.4796142578125,1241.324951171875,1267.4749755859375,1240.0,1265.4000244140625,1596098,TCS_NS
2015-11-06,975.47265625,1252.875,1259.125,1241.7249755859375,1246.0,908024,TCS_NS
2015-11-09,962.0807495117188,1235.675048828125,1251.375,1234.300048828125,1247.5,2021556,TCS_NS
2015-11-10,956.942138671875,1229.074951171875,1238.5,1225.0,1236.4749755859375,1361920,TCS_NS
2015-11-13,933.292724609375,1198.699951171875,1219.0250244140625,1193.2750244140625,1219.0250244140625,2743232,TCS_NS
2015-11-16,924.4168090820312,1187.300048828125,1195.0,1178.0,1195.0,2043528,TCS_NS
2015-11-17,930.6259765625,1195.2750244140625,1199.2249755859375,1187.5,1190.25,1985028,TCS_NS
2015-11-18,915.4049072265625,1175.7249755859375,1194.449951171875,1173.0,1194.449951171875,1520352,TCS_NS
2015-11-19,919.7254028320312,1181.2750244140625,1190.800048828125,1176.0,1182.675048828125,1866906,TCS_NS
2015-11-20,933.662109375,1199.175048828125,1211.7750244140625,1180.9749755859375,1183.25,2012126,TCS_NS
2015-11-23,930.8204956054688,1195.5250244140625,1206.699951171875,1191.125,1202.6500244140625,1088082,TCS_NS
2015-11-24,921.8279418945312,1183.9749755859375,1196.2249755859375,1182.75,1190.0250244140625,998640,TCS_NS
2015-11-26,913.1077880859375,1172.7750244140625,1191.199951171875,1168.925048828125,1188.949951171875,2915292,TCS_NS
2015-11-27,916.1442260742188,1176.675048828125,1179.7249755859375,1166.25,1174.0,1737206,TCS_NS
2015-11-30,924.0077514648438,1186.7750244140625,1195.625,1175.074951171875,1182.5,4100048,TCS_NS
2015-12-01,919.4725341796875,1180.949951171875,1189.0250244140625,1178.5250244140625,1181.449951171875,1721994,TCS_NS
2015-12-02,920.7573852539062,1182.5999755859375,1189.050048828125,1173.25,1189.0,1640296,TCS_NS
2015-12-03,915.1322021484375,1175.375,1186.5,1173.5,1180.0,2283358,TCS_NS
2015-12-04,906.4312133789062,1164.199951171875,1173.6500244140625,1160.550048828125,1170.0,1246092,TCS_NS
2015-12-07,903.0836181640625,1159.9000244140625,1171.949951171875,1157.625,1166.0999755859375,1382604,TCS_NS
2015-12-08,906.6649169921875,1164.5,1174.5,1158.6500244140625,1159.699951171875,1139964,TCS_NS
2015-12-09,921.7110595703125,1183.824951171875,1186.4000244140625,1160.0,1168.949951171875,5282806,TCS_NS
2015-12-10,928.2901611328125,1192.2750244140625,1195.5999755859375,1176.0,1184.5,1723988,TCS_NS
2015-12-11,928.8546752929688,1193.0,1195.9749755859375,1181.625,1191.5,1652378,TCS_NS
2015-12-14,925.91552734375,1189.2249755859375,1193.5,1165.300048828125,1167.5999755859375,2718532,TCS_NS
2015-12-15,924.9031982421875,1187.925048828125,1192.5,1181.5250244140625,1189.2249755859375,1135868,TCS_NS
2015-12-16,937.5748901367188,1204.199951171875,1207.25,1192.0,1192.0,1435934,TCS_NS
2015-12-17,949.779052734375,1219.875,1222.5,1196.675048828125,1207.5,1618844,TCS_NS
2015-12-18,940.8450317382812,1208.4000244140625,1217.0999755859375,1200.324951171875,1210.0,3024970,TCS_NS
2015-12-21,952.3677978515625,1223.199951171875,1225.0,1203.425048828125,1209.9749755859375,1610104,TCS_NS
2015-12-22,936.2703857421875,1202.5250244140625,1220.0,1200.0,1220.0,1560858,TCS_NS
2015-12-23,944.3485717773438,1212.9000244140625,1217.5,1205.2750244140625,1207.5,849834,TCS_NS
2015-12-24,947.6382446289062,1217.125,1219.0999755859375,1202.0,1210.5,843160,TCS_NS
2015-12-28,958.7133178710938,1231.3499755859375,1233.199951171875,1210.0999755859375,1214.0,3704198,TCS_NS
2015-12-29,956.0274658203125,1227.9000244140625,1232.6500244140625,1222.875,1229.175048828125,1708524,TCS_NS
2015-12-30,941.4285888671875,1209.1500244140625,1229.5,1206.1500244140625,1226.5250244140625,1605762,TCS_NS
2015-12-31,948.6499633789062,1218.425048828125,1224.25,1203.75,1207.875,1240318,TCS_NS
2016-01-01,940.6890869140625,1208.199951171875,1219.5,1206.125,1219.5,712262,TCS_NS
2016-01-04,922.4703369140625,1184.800048828125,1207.0,1183.0250244140625,1205.074951171875,1870184,TCS_NS
2016-01-05,914.4314575195312,1174.4749755859375,1193.300048828125,1170.5,1192.5,2678020,TCS_NS
2016-01-06,927.1419067382812,1190.800048828125,1193.074951171875,1175.0999755859375,1175.0999755859375,2653228,TCS_NS
2016-01-07,923.1124877929688,1185.625,1191.449951171875,1180.0,1185.0,3199580,TCS_NS
2016-01-08,933.3705444335938,1198.800048828125,1203.675048828125,1186.25,1192.5,1907544,TCS_NS
2016-01-11,919.6475830078125,1181.175048828125,1192.0,1174.425048828125,1191.25,2930228,TCS_NS
2016-01-12,905.9057006835938,1163.5250244140625,1182.5,1150.800048828125,1181.3499755859375,3482594,TCS_NS
2016-01-13,887.278076171875,1139.5999755859375,1163.5,1127.550048828125,1158.5,4746092,TCS_NS
2016-01-14,887.1223754882812,1139.4000244140625,1149.449951171875,1125.0,1136.5,2742052,TCS_NS
2016-01-15,880.2318725585938,1130.550048828125,1145.8499755859375,1127.5,1144.425048828125,3269408,TCS_NS
2016-01-18,886.6746215820312,1138.824951171875,1145.949951171875,1130.0,1131.0,2213922,TCS_NS
2016-01-19,887.3169555664062,1139.6500244140625,1150.0,1134.1500244140625,1138.5,967910,TCS_NS
2016-01-20,887.6284790039062,1140.050048828125,1142.5,1121.5,1136.9000244140625,1615954,TCS_NS
2016-01-21,879.78466796875,1127.25,1144.949951171875,1122.875,1142.5,2675536,TCS_NS
2016-01-22,895.8820190429688,1147.875,1151.0250244140625,1130.0,1136.5,1343178,TCS_NS
2016-01-25,899.3547973632812,1152.324951171875,1169.5,1145.75,1150.949951171875,1397560,TCS_NS
2016-01-27,905.2477416992188,1159.875,1164.9749755859375,1140.949951171875,1151.0,1626986,TCS_NS
2016-01-28,909.7153930664062,1165.5999755859375,1174.449951171875,1154.0250244140625,1157.75,3106660,TCS_NS
2016-01-29,933.1685180664062,1195.6500244140625,1200.0,1167.5250244140625,1179.3499755859375,2235744,TCS_NS
2016-02-01,937.61767578125,1201.3499755859375,1206.4749755859375,1179.5,1195.550048828125,1495274,TCS_NS
2016-02-02,935.822265625,1199.050048828125,1216.5,1189.8499755859375,1204.5,1475588,TCS_NS
2016-02-03,942.9244995117188,1208.1500244140625,1214.949951171875,1180.1500244140625,1193.75,1308692,TCS_NS
2016-02-04,944.3883056640625,1210.0250244140625,1220.0,1201.0,1210.949951171875,1250046,TCS_NS
2016-02-05,945.1297607421875,1210.9749755859375,1219.9749755859375,1204.050048828125,1204.050048828125,1402996,TCS_NS
2016-02-08,922.1056518554688,1181.4749755859375,1206.0250244140625,1173.5,1200.0,1063658,TCS_NS
2016-02-09,890.2821655273438,1140.699951171875,1166.800048828125,1127.800048828125,1166.800048828125,2489610,TCS_NS
2016-02-10,885.3649291992188,1134.4000244140625,1144.949951171875,1129.050048828125,1137.5,1890732,TCS_NS
2016-02-11,857.7168579101562,1098.9749755859375,1144.5,1085.824951171875,1140.0,1962408,TCS_NS
2016-02-12,868.8970336914062,1113.300048828125,1121.699951171875,1082.0,1100.0,2172568,TCS_NS
2016-02-15,885.5016479492188,1134.574951171875,1153.425048828125,1120.0,1125.0,2479712,TCS_NS
2016-02-16,884.0964965820312,1132.7750244140625,1141.0,1121.5,1133.0,1588702,TCS_NS
2016-02-17,887.9991455078125,1137.7750244140625,1139.824951171875,1123.199951171875,1132.5,1585178,TCS_NS
2016-02-18,903.7254028320312,1157.925048828125,1159.875,1139.0,1142.5,1529140,TCS_NS
2016-02-19,905.2083740234375,1159.824951171875,1163.5,1152.7249755859375,1153.675048828125,879012,TCS_NS
2016-02-22,903.7453002929688,1157.949951171875,1171.5,1152.5,1160.125,1324884,TCS_NS
2016-02-23,883.4921875,1132.0,1159.949951171875,1128.375,1155.125,1306852,TCS_NS
2016-02-24,862.7900390625,1105.4749755859375,1131.2249755859375,1100.5999755859375,1131.2249755859375,1659328,TCS_NS
2016-02-25,863.531494140625,1106.425048828125,1114.0,1092.824951171875,1109.9000244140625,1830556,TCS_NS
2016-02-26,862.6141967773438,1105.25,1128.449951171875,1099.800048828125,1114.8499755859375,1537536,TCS_NS
2016-02-29,849.4635009765625,1088.4000244140625,1118.5,1057.5,1118.5,2191718,TCS_NS
2016-03-01,888.4282836914062,1138.324951171875,1142.550048828125,1081.0,1096.5,1999760,TCS_NS
2016-03-02,904.8963623046875,1159.425048828125,1165.0,1128.125,1152.5,1527486,TCS_NS
2016-03-03,926.0859375,1186.574951171875,1195.5,1150.5,1168.0,2648284,TCS_NS
2016-03-04,919.9986572265625,1178.7750244140625,1190.0,1174.7750244140625,1190.0,1512966,TCS_NS
2016-03-08,918.7301635742188,1177.1500244140625,1183.5,1152.0999755859375,1171.050048828125,1268152,TCS_NS
2016-03-09,919.8812255859375,1178.625,1184.699951171875,1147.574951171875,1170.5,2017784,TCS_NS
2016-03-10,916.3886108398438,1174.1500244140625,1179.925048828125,1157.4749755859375,1178.0250244140625,1661666,TCS_NS
2016-03-11,923.003173828125,1182.625,1195.425048828125,1167.5,1170.0,1530528,TCS_NS
2016-03-14,919.0036010742188,1177.5,1199.0,1170.0,1181.0,1636742,TCS_NS
2016-03-15,909.2084350585938,1164.949951171875,1181.75,1160.050048828125,1174.5250244140625,1623356,TCS_NS
2016-03-16,908.0962524414062,1163.5250244140625,1166.0,1153.449951171875,1157.5,1918246,TCS_NS
2016-03-17,917.8521728515625,1176.0250244140625,1180.9000244140625,1166.0,1167.0,2221088,TCS_NS
2016-03-18,946.6513671875,1212.925048828125,1215.0,1180.0,1180.0,3204070,TCS_NS
2016-03-21,954.6124877929688,1223.125,1227.4749755859375,1210.0,1213.0,2336982,TCS_NS
2016-03-22,965.0899658203125,1236.550048828125,1242.5,1218.25,1221.0,1951984,TCS_NS
2016-03-23,965.3632202148438,1236.9000244140625,1243.949951171875,1228.6500244140625,1243.949951171875,2278434,TCS_NS
2016-03-28,965.207275390625,1236.699951171875,1258.574951171875,1230.7750244140625,1245.5,3320882,TCS_NS
2016-03-29,963.6461181640625,1234.699951171875,1243.4749755859375,1227.5,1239.0,1838796,TCS_NS
2016-03-30,971.489990234375,1244.75,1252.5,1230.0,1235.449951171875,2136504,TCS_NS
2016-03-31,983.5089111328125,1260.1500244140625,1275.0,1236.074951171875,1239.1500244140625,4363964,TCS_NS
2016-04-01,957.5977172851562,1226.949951171875,1260.425048828125,1217.050048828125,1252.5,3041400,TCS_NS
2016-04-04,964.3682861328125,1235.625,1244.0,1223.5,1228.0,1752352,TCS_NS
2016-04-05,961.051025390625,1231.375,1242.449951171875,1221.0250244140625,1235.4000244140625,1491794,TCS_NS
2016-04-06,968.5242919921875,1240.949951171875,1244.5,1229.675048828125,1235.0,1763150,TCS_NS
2016-04-07,964.1926879882812,1235.4000244140625,1242.3499755859375,1228.5,1240.0,2390942,TCS_NS
2016-04-08,949.0706787109375,1216.0250244140625,1236.8499755859375,1213.5,1233.0,1399500,TCS_NS
2016-04-11,978.1823120117188,1253.324951171875,1258.5,1206.5,1216.5,2400648,TCS_NS
2016-04-12,982.6702270507812,1259.074951171875,1262.5,1244.050048828125,1249.0,1303628,TCS_NS
2016-04-13,985.8115234375,1263.0999755859375,1272.5,1256.25,1265.0,1601468,TCS_NS
2016-04-18,983.294677734375,1259.875,1276.75,1220.0,1226.5,7121504,TCS_NS
2016-04-20,956.2122802734375,1225.175048828125,1267.449951171875,1220.0,1267.449951171875,6405024,TCS_NS
2016-04-21,946.0856323242188,1212.199951171875,1233.699951171875,1206.0999755859375,1225.5,2525724,TCS_NS
2016-04-22,943.2175903320312,1208.5250244140625,1217.699951171875,1202.0999755859375,1209.5,1964126,TCS_NS
2016-04-25,956.5635375976562,1225.625,1228.5250244140625,1201.1500244140625,1201.1500244140625,2267654,TCS_NS
2016-04-26,971.6068725585938,1244.9000244140625,1246.75,1221.0,1224.5,2554368,TCS_NS
2016-04-27,979.9188232421875,1255.550048828125,1257.300048828125,1237.949951171875,1240.0,1848670,TCS_NS
2016-04-28,986.416259765625,1263.875,1270.0,1249.050048828125,1250.6500244140625,4992744,TCS_NS
2016-04-29,989.4403686523438,1267.75,1271.0,1255.0,1258.5,2372178,TCS_NS
2016-05-02,986.0065307617188,1263.3499755859375,1265.0,1250.0,1264.5,1116692,TCS_NS
2016-05-03,967.0413208007812,1239.050048828125,1265.0,1236.0,1262.5,2153118,TCS_NS
2016-05-04,967.0020751953125,1239.0,1247.0250244140625,1228.5,1236.949951171875,1364892,TCS_NS
2016-05-05,963.9974365234375,1235.1500244140625,1244.9749755859375,1231.7750244140625,1239.0,1246566,TCS_NS
2016-05-06,965.207275390625,1236.699951171875,1242.1500244140625,1215.5,1232.5,885598,TCS_NS
2016-05-09,980.484619140625,1256.2750244140625,1259.0,1228.199951171875,1236.699951171875,1821276,TCS_NS
2016-05-10,984.5234375,1261.449951171875,1266.9749755859375,1248.0,1257.5,1158534,TCS_NS
2016-05-11,982.7281494140625,1259.1500244140625,1262.800048828125,1245.0,1250.0,1598716,TCS_NS
2016-05-12,1001.4210815429688,1283.0999755859375,1284.949951171875,1260.2750244140625,1260.2750244140625,1513082,TCS_NS
2016-05-13,984.7188110351562,1261.699951171875,1283.0,1255.074951171875,1282.5,1621730,TCS_NS
2016-05-16,995.548095703125,1275.574951171875,1282.4000244140625,1261.25,1269.0,1111526,TCS_NS
2016-05-17,1002.982177734375,1285.0999755859375,1295.625,1276.0,1282.0999755859375,1756698,TCS_NS
2016-05-18,995.528564453125,1275.550048828125,1282.925048828125,1263.0250244140625,1282.925048828125,1500740,TCS_NS
2016-05-19,997.8112182617188,1278.4749755859375,1280.0,1263.050048828125,1277.5,1038792,TCS_NS
2016-05-20,987.0214233398438,1264.6500244140625,1282.9000244140625,1261.4000244140625,1271.1500244140625,1230918,TCS_NS
2016-05-23,972.2510375976562,1245.7249755859375,1272.949951171875,1240.0999755859375,1272.0,1533016,TCS_NS
2016-05-24,962.9825439453125,1233.8499755859375,1244.125,1229.800048828125,1242.0,1339158,TCS_NS
2016-05-25,985.9091186523438,1263.2249755859375,1266.4749755859375,1240.5,1240.5,1548678,TCS_NS
2016-05-26,994.5914306640625,1274.3499755859375,1282.449951171875,1252.550048828125,1265.0,1943248,TCS_NS
2016-05-27,1003.9378051757812,1286.324951171875,1289.925048828125,1275.300048828125,1276.574951171875,1104676,TCS_NS
2016-05-30,1028.8155517578125,1318.199951171875,1320.9749755859375,1291.0,1291.5,1349464,TCS_NS
2016-05-31,1002.6693115234375,1284.699951171875,1323.5,1281.0,1320.0,3722608,TCS_NS
2016-06-01,1027.702880859375,1316.7750244140625,1322.5,1285.5,1285.5999755859375,1911942,TCS_NS
2016-06-02,1034.181396484375,1325.074951171875,1327.1500244140625,1300.0,1300.0,1408756,TCS_NS
2016-06-03,1026.14208984375,1314.7750244140625,1329.0,1310.25,1325.699951171875,1554922,TCS_NS
2016-06-06,1030.0654296875,1306.25,1319.5,1301.5999755859375,1310.25,1322026,TCS_NS
2016-06-07,1037.418701171875,1315.574951171875,1319.5,1306.5,1307.0,1202194,TCS_NS
2016-06-08,1030.302001953125,1306.550048828125,1314.2750244140625,1302.75,1308.625,938266,TCS_NS
2016-06-09,1016.1666870117188,1288.625,1311.199951171875,1277.5999755859375,1311.199951171875,1562138,TCS_NS
2016-06-10,1007.6895751953125,1277.875,1301.625,1276.5999755859375,1283.0,1396832,TCS_NS
2016-06-13,1004.23974609375,1273.5,1276.675048828125,1259.0,1270.0,1029978,TCS_NS
2016-06-14,999.44921875,1267.425048828125,1279.4749755859375,1259.125,1279.4749755859375,977570,TCS_NS
2016-06-15,1008.1234130859375,1278.425048828125,1282.449951171875,1261.0,1265.0,1270844,TCS_NS
2016-06-16,1008.6951904296875,1279.1500244140625,1282.3499755859375,1258.2249755859375,1272.7750244140625,1145070,TCS_NS
2016-06-17,1026.162109375,1301.300048828125,1305.0,1279.5,1279.5,1878988,TCS_NS
2016-06-20,1048.51806640625,1329.6500244140625,1334.0,1295.9000244140625,1301.300048828125,1872838,TCS_NS
2016-06-21,1045.324462890625,1325.5999755859375,1332.5,1320.699951171875,1331.75,1027690,TCS_NS
2016-06-22,1051.809814453125,1333.824951171875,1338.8499755859375,1315.875,1325.0,1761712,TCS_NS
2016-06-23,1043.0177001953125,1322.675048828125,1329.75,1312.6500244140625,1327.5,1397014,TCS_NS
2016-06-24,1014.865478515625,1286.9749755859375,1296.5999755859375,1257.074951171875,1282.574951171875,3766586,TCS_NS
2016-06-27,984.0719604492188,1247.925048828125,1273.5,1241.324951171875,1273.5,4272566,TCS_NS
2016-06-28,971.4945068359375,1231.9749755859375,1251.449951171875,1229.199951171875,1247.925048828125,4499524,TCS_NS
2016-06-29,986.85205078125,1251.449951171875,1256.25,1232.6500244140625,1237.5,2531264,TCS_NS
2016-06-30,1006.6451416015625,1276.550048828125,1281.449951171875,1250.175048828125,1261.0,5121812,TCS_NS
2016-07-01,986.0439453125,1250.425048828125,1282.300048828125,1247.175048828125,1281.0,2197296,TCS_NS
2016-07-04,983.4217529296875,1247.0999755859375,1262.925048828125,1241.0,1258.0,1883484,TCS_NS
2016-07-05,979.9127807617188,1242.6500244140625,1248.5250244140625,1238.574951171875,1247.0999755859375,1559748,TCS_NS
2016-07-07,958.0299682617188,1214.9000244140625,1245.925048828125,1212.5,1243.8499755859375,3316800,TCS_NS
2016-07-08,956.76806640625,1213.300048828125,1221.0250244140625,1201.75,1217.5,2456356,TCS_NS
2016-07-11,971.573486328125,1232.074951171875,1235.9000244140625,1213.5,1215.0,1543632,TCS_NS
2016-07-12,971.8887329101562,1232.4749755859375,1237.5,1217.925048828125,1235.8499755859375,1465536,TCS_NS
2016-07-13,982.9884033203125,1246.550048828125,1249.625,1225.625,1239.0,2102300,TCS_NS
2016-07-14,994.343505859375,1260.949951171875,1264.5,1235.5,1243.0,2699988,TCS_NS
2016-07-15,964.1611328125,1222.675048828125,1263.9000244140625,1213.2750244140625,1258.5,8336366,TCS_NS
2016-07-18,959.4689331054688,1216.7249755859375,1234.5,1215.300048828125,1223.5,2598850,TCS_NS
2016-07-19,972.3817749023438,1233.0999755859375,1236.4000244140625,1213.75,1213.75,2362896,TCS_NS
2016-07-20,983.7174072265625,1247.4749755859375,1251.25,1224.074951171875,1225.0,2815252,TCS_NS
2016-07-21,988.0941162109375,1253.0250244140625,1259.75,1232.2249755859375,1244.75,2527148,TCS_NS
2016-07-22,991.6619873046875,1257.550048828125,1262.0,1246.0,1249.449951171875,1517216,TCS_NS
2016-07-25,1011.5657958984375,1279.4749755859375,1281.5999755859375,1252.9000244140625,1256.0,1688796,TCS_NS
2016-07-26,1009.05615234375,1276.300048828125,1284.0,1266.5,1279.4749755859375,2311290,TCS_NS
2016-07-27,1018.918701171875,1288.7750244140625,1290.199951171875,1272.5,1277.5,1750510,TCS_NS
2016-07-28,1035.40234375,1309.625,1314.7750244140625,1288.5250244140625,1290.25,4632080,TCS_NS
2016-07-29,1035.422607421875,1309.6500244140625,1317.449951171875,1299.5,1307.0,2488084,TCS_NS
2016-08-01,1070.5853271484375,1354.125,1362.5,1316.0,1316.0,3961704,TCS_NS
2016-08-02,1067.0076904296875,1349.5999755859375,1357.8499755859375,1344.9000244140625,1351.449951171875,2578162,TCS_NS
2016-08-03,1050.048583984375,1328.1500244140625,1349.5,1324.5250244140625,1343.0,2294702,TCS_NS
2016-08-04,1048.3489990234375,1326.0,1341.4749755859375,1318.125,1335.0,1415416,TCS_NS
2016-08-05,1047.2022705078125,1324.550048828125,1342.1500244140625,1316.0,1336.949951171875,1868484,TCS_NS
2016-08-08,1047.3609619140625,1324.75,1334.0,1314.5250244140625,1320.0,2058244,TCS_NS
2016-08-09,1047.6370849609375,1325.0999755859375,1329.9000244140625,1289.425048828125,1329.0,2261914,TCS_NS
2016-08-10,1057.5986328125,1337.699951171875,1341.0,1324.0,1325.5,2062078,TCS_NS
2016-08-11,1071.2369384765625,1354.949951171875,1357.5,1332.7750244140625,1332.7750244140625,2233138,TCS_NS
2016-08-12,1082.5233154296875,1369.2249755859375,1372.4000244140625,1351.0250244140625,1352.5,2327358,TCS_NS
2016-08-16,1064.0426025390625,1345.8499755859375,1370.0,1336.925048828125,1369.0,3183754,TCS_NS
2016-08-17,1037.49755859375,1312.2750244140625,1349.5,1309.0,1349.5,1848566,TCS_NS
2016-08-18,1043.031982421875,1319.2750244140625,1328.7750244140625,1315.050048828125,1317.5,1292064,TCS_NS
2016-08-19,1029.1766357421875,1301.75,1323.2249755859375,1300.0,1320.0,2416244,TCS_NS
2016-08-22,1007.5134887695312,1274.3499755859375,1297.2249755859375,1268.1500244140625,1294.0,2265274,TCS_NS
2016-08-23,1028.2080078125,1300.5250244140625,1302.4749755859375,1270.0999755859375,1272.4749755859375,1503374,TCS_NS
2016-08-24,1016.743896484375,1286.0250244140625,1301.0,1284.5250244140625,1294.9000244140625,1116878,TCS_NS
2016-08-25,1008.4432373046875,1275.5250244140625,1294.8499755859375,1263.0,1290.0,1939690,TCS_NS
2016-08-26,998.1256103515625,1262.4749755859375,1286.2750244140625,1258.5999755859375,1279.9000244140625,1250314,TCS_NS
2016-08-29,988.4801635742188,1250.2750244140625,1267.4749755859375,1233.375,1267.4749755859375,1488728,TCS_NS
2016-08-30,1005.7151489257812,1272.074951171875,1274.9000244140625,1250.625,1255.0,1444026,TCS_NS
2016-08-31,992.7295532226562,1255.6500244140625,1275.0,1250.425048828125,1275.0,3231668,TCS_NS
2016-09-01,991.227294921875,1253.75,1267.4749755859375,1243.5250244140625,1262.449951171875,1345736,TCS_NS
2016-09-02,994.1132202148438,1257.4000244140625,1259.699951171875,1248.0250244140625,1256.0,1742330,TCS_NS
2016-09-06,981.9575805664062,1242.0250244140625,1260.074951171875,1240.0,1259.949951171875,2239066,TCS_NS
2016-09-07,964.76171875,1220.2750244140625,1249.8499755859375,1211.5,1249.8499755859375,3854040,TCS_NS
2016-09-08,917.9376220703125,1161.050048828125,1180.0,1142.375,1180.0,7021516,TCS_NS
2016-09-09,929.9354248046875,1176.2249755859375,1183.324951171875,1160.0250244140625,1164.8499755859375,2742438,TCS_NS
2016-09-12,932.5443725585938,1179.5250244140625,1181.9749755859375,1162.0,1168.5,2024454,TCS_NS
2016-09-14,920.4475708007812,1164.2249755859375,1188.800048828125,1155.0,1181.0,2069858,TCS_NS
2016-09-15,919.8551635742188,1163.4749755859375,1171.050048828125,1158.375,1169.9749755859375,2818964,TCS_NS
2016-09-16,933.5917358398438,1180.8499755859375,1188.0,1160.0,1168.3499755859375,4358004,TCS_NS
2016-09-19,953.2584228515625,1205.7249755859375,1213.5,1175.0,1182.5,2802546,TCS_NS
2016-09-20,951.3015747070312,1203.25,1208.449951171875,1192.699951171875,1205.5,1184552,TCS_NS
2016-09-21,954.029052734375,1206.699951171875,1212.0,1200.3499755859375,1203.8499755859375,1678020,TCS_NS
2016-09-22,940.0355834960938,1189.0,1214.0,1185.550048828125,1212.625,2857574,TCS_NS
2016-09-23,947.9810180664062,1199.050048828125,1201.925048828125,1185.574951171875,1191.0,1800726,TCS_NS
2016-09-26,949.1668701171875,1200.550048828125,1209.550048828125,1197.5,1200.550048828125,1753476,TCS_NS
2016-09-27,963.0025634765625,1218.050048828125,1224.0,1200.550048828125,1200.550048828125,2038792,TCS_NS
2016-09-28,957.8440551757812,1211.5250244140625,1218.75,1207.5999755859375,1215.5,1731328,TCS_NS
2016-09-29,963.674560546875,1218.9000244140625,1228.25,1209.800048828125,1217.5,3603958,TCS_NS
2016-09-30,960.9074096679688,1215.4000244140625,1224.9000244140625,1211.550048828125,1218.5250244140625,2175364,TCS_NS
2016-10-03,953.3569946289062,1205.8499755859375,1228.824951171875,1200.550048828125,1225.0,1818880,TCS_NS
2016-10-04,950.767822265625,1202.574951171875,1212.5250244140625,1199.0,1210.0,1780718,TCS_NS
2016-10-05,943.3363037109375,1193.175048828125,1207.699951171875,1188.050048828125,1204.0,1176354,TCS_NS
2016-10-06,944.2850952148438,1194.375,1201.199951171875,1186.375,1197.5,2267572,TCS_NS
2016-10-07,936.0033569335938,1183.9000244140625,1194.0,1179.0999755859375,1194.0,1816512,TCS_NS
2016-10-10,940.9445190429688,1190.1500244140625,1193.449951171875,1177.5250244140625,1184.949951171875,1202142,TCS_NS
2016-10-13,920.6260986328125,1164.449951171875,1184.949951171875,1160.449951171875,1181.6500244140625,5173334,TCS_NS
2016-10-14,935.3707885742188,1183.0999755859375,1193.5,1145.5,1157.5,7741214,TCS_NS
2016-10-17,933.8880004882812,1181.2249755859375,1187.9000244140625,1172.199951171875,1184.449951171875,2728346,TCS_NS
2016-10-18,948.8111572265625,1200.0999755859375,1207.8499755859375,1177.4000244140625,1188.0,2128632,TCS_NS
2016-10-19,946.7947998046875,1197.550048828125,1205.0,1185.1500244140625,1200.5,1985058,TCS_NS
2016-10-20,949.1870727539062,1200.574951171875,1204.675048828125,1193.0,1198.449951171875,1265854,TCS_NS
2016-10-21,960.0576171875,1214.324951171875,1215.949951171875,1199.125,1200.0,1259660,TCS_NS
2016-10-24,962.2576293945312,1213.8499755859375,1217.449951171875,1201.2750244140625,1214.0999755859375,1253190,TCS_NS
2016-10-25,950.6637573242188,1199.2249755859375,1207.300048828125,1190.5,1202.5,1772466,TCS_NS
2016-10-26,949.7913818359375,1198.125,1201.375,1186.25,1199.300048828125,1437130,TCS_NS
2016-10-27,958.4525146484375,1209.050048828125,1214.75,1182.75,1189.8499755859375,2941602,TCS_NS
2016-10-28,950.7625122070312,1199.3499755859375,1207.550048828125,1194.0,1205.0,1752102,TCS_NS
2016-11-01,931.4596557617188,1175.0,1199.8499755859375,1167.074951171875,1199.8499755859375,2934776,TCS_NS
2016-11-02,913.2469482421875,1152.0250244140625,1172.0,1147.5,1170.5,2325076,TCS_NS
2016-11-03,919.3509521484375,1159.7249755859375,1167.5,1142.25,1147.0,1463310,TCS_NS
2016-11-04,923.75048828125,1165.2750244140625,1168.074951171875,1147.0,1160.0,1183752,TCS_NS
2016-11-07,902.5449829101562,1138.5250244140625,1172.449951171875,1130.0250244140625,1168.949951171875,2048052,TCS_NS
2016-11-08,904.9828491210938,1141.5999755859375,1153.5,1130.0,1140.2249755859375,1933634,TCS_NS
2016-11-09,860.054443359375,1084.925048828125,1137.5,1071.425048828125,1090.0,4500226,TCS_NS
2016-11-10,854.3467407226562,1077.7249755859375,1108.75,1070.4000244140625,1102.4000244140625,2172426,TCS_NS
2016-11-11,832.823974609375,1050.574951171875,1073.5250244140625,1043.0999755859375,1073.5250244140625,2398424,TCS_NS
2016-11-15,840.8111572265625,1060.6500244140625,1078.7750244140625,1025.949951171875,1058.449951171875,6290324,TCS_NS
2016-11-16,867.8826904296875,1094.800048828125,1104.449951171875,1069.0,1072.550048828125,4019958,TCS_NS
2016-11-17,847.1132202148438,1068.5999755859375,1104.300048828125,1065.074951171875,1092.5,2504688,TCS_NS
2016-11-18,842.3170776367188,1062.550048828125,1075.0,1052.0999755859375,1071.0,2140534,TCS_NS
2016-11-21,845.4085693359375,1066.449951171875,1070.0,1052.5,1063.0999755859375,1793366,TCS_NS
2016-11-22,846.2413940429688,1067.5,1088.7249755859375,1061.0250244140625,1066.0,1318860,TCS_NS
2016-11-23,854.7034912109375,1078.175048828125,1081.4749755859375,1063.5999755859375,1074.5,1275808,TCS_NS
2016-11-24,867.427001953125,1094.2249755859375,1103.800048828125,1068.5,1077.449951171875,3026234,TCS_NS
2016-11-25,911.7803955078125,1150.175048828125,1153.625,1096.0999755859375,1106.0,4276148,TCS_NS
2016-11-28,904.744873046875,1141.300048828125,1159.7249755859375,1125.949951171875,1147.0,1924296,TCS_NS
2016-11-29,895.7274169921875,1129.925048828125,1146.0,1126.2750244140625,1137.5,1442296,TCS_NS
2016-11-30,902.1485595703125,1138.0250244140625,1147.375,1121.1500244140625,1132.5,3445832,TCS_NS
2016-12-01,897.1541748046875,1131.7249755859375,1145.0,1127.0250244140625,1138.5,1123052,TCS_NS
2016-12-02,880.66552734375,1110.925048828125,1135.4000244140625,1102.5999755859375,1129.0,1998032,TCS_NS
2016-12-05,866.4556274414062,1093.0,1118.925048828125,1085.0,1114.5,2249526,TCS_NS
2016-12-06,865.0091552734375,1091.175048828125,1101.9749755859375,1084.949951171875,1095.0,1593444,TCS_NS
2016-12-07,853.989990234375,1077.2750244140625,1092.2249755859375,1072.824951171875,1091.0999755859375,2065706,TCS_NS
2016-12-08,870.3204956054688,1097.875,1099.5,1080.0,1080.25,3239546,TCS_NS
2016-12-09,870.1220092773438,1097.625,1109.949951171875,1086.6500244140625,1102.5,1588718,TCS_NS
2016-12-12,875.2551879882812,1104.0999755859375,1108.800048828125,1081.5,1097.4000244140625,1311758,TCS_NS
2016-12-13,872.1238403320312,1100.1500244140625,1109.0,1091.5,1109.0,2147534,TCS_NS
2016-12-14,875.0172729492188,1103.800048828125,1112.3499755859375,1094.5,1107.0,1870366,TCS_NS
2016-12-15,895.5093383789062,1129.6500244140625,1136.050048828125,1101.0,1101.0,4295410,TCS_NS
2016-12-16,904.7647094726562,1141.324951171875,1145.0,1126.0,1138.5,1987230,TCS_NS
2016-12-19,907.2420043945312,1144.449951171875,1148.8499755859375,1130.6500244140625,1140.0,1334210,TCS_NS
2016-12-20,927.2186279296875,1169.6500244140625,1172.5,1143.5250244140625,1146.0,2922760,TCS_NS
2016-12-21,917.0322265625,1156.800048828125,1171.9000244140625,1152.800048828125,1171.9000244140625,2034902,TCS_NS
2016-12-22,914.693359375,1153.8499755859375,1162.5,1143.0999755859375,1153.0,1868300,TCS_NS
2016-12-23,906.9249267578125,1144.050048828125,1158.875,1139.4000244140625,1150.0,1118954,TCS_NS
2016-12-26,908.9065551757812,1146.550048828125,1150.800048828125,1133.0,1133.0,897408,TCS_NS
2016-12-27,920.9165649414062,1161.699951171875,1165.0,1140.75,1140.75,1294692,TCS_NS
2016-12-28,916.9525756835938,1156.699951171875,1174.949951171875,1151.574951171875,1163.3499755859375,1350418,TCS_NS
2016-12-29,932.1336059570312,1175.8499755859375,1179.949951171875,1151.5,1151.5,1963516,TCS_NS
2016-12-30,937.6232299804688,1182.7750244140625,1189.300048828125,1172.824951171875,1177.449951171875,1405748,TCS_NS
2017-01-02,935.95849609375,1180.675048828125,1187.550048828125,1176.199951171875,1183.300048828125,823132,TCS_NS
2017-01-03,938.6934204101562,1184.125,1185.8499755859375,1171.6500244140625,1180.625,1475324,TCS_NS
2017-01-04,943.1527099609375,1189.75,1194.425048828125,1179.1500244140625,1184.8499755859375,1420066,TCS_NS
2017-01-05,925.2764282226562,1167.199951171875,1194.9749755859375,1160.199951171875,1192.0,2216404,TCS_NS
2017-01-06,904.2691040039062,1140.699951171875,1164.675048828125,1128.550048828125,1160.5,3009896,TCS_NS
2017-01-09,913.108154296875,1151.8499755859375,1155.6500244140625,1128.5,1137.5,1854578,TCS_NS
2017-01-10,917.725830078125,1157.675048828125,1164.9000244140625,1145.75,1152.0,1533914,TCS_NS
2017-01-11,921.3128662109375,1162.199951171875,1164.800048828125,1140.0999755859375,1157.5,1931296,TCS_NS
2017-01-12,929.2200317382812,1172.175048828125,1180.0,1152.0,1162.199951171875,2570374,TCS_NS
2017-01-13,891.5459594726562,1124.6500244140625,1178.9749755859375,1118.925048828125,1174.0,10235580,TCS_NS
2017-01-16,895.2122802734375,1129.2750244140625,1136.949951171875,1114.0,1125.0,3364808,TCS_NS
2017-01-17,903.21875,1139.375,1143.9000244140625,1126.4000244140625,1127.449951171875,3009956,TCS_NS
2017-01-18,909.6994018554688,1147.550048828125,1149.0,1132.7249755859375,1139.0,3136574,TCS_NS
2017-01-19,908.073974609375,1145.5,1147.574951171875,1141.4749755859375,1147.5,2251676,TCS_NS
2017-01-20,905.8348388671875,1142.675048828125,1150.0,1132.5,1143.5,2037246,TCS_NS
2017-01-23,916.9050903320312,1153.3499755859375,1156.75,1129.9000244140625,1132.5,2318546,TCS_NS
2017-01-24,921.53564453125,1159.175048828125,1161.5,1145.0,1152.0,2282638,TCS_NS
2017-01-25,935.3092041015625,1176.5,1180.0,1159.0250244140625,1161.300048828125,4111648,TCS_NS
2017-01-27,937.2171630859375,1178.9000244140625,1189.375,1172.5250244140625,1172.5250244140625,2871658,TCS_NS
2017-01-30,927.319580078125,1166.449951171875,1175.9749755859375,1159.074951171875,1170.5,2577956,TCS_NS
2017-01-31,886.3375854492188,1114.9000244140625,1166.0250244140625,1100.0250244140625,1160.0,4666804,TCS_NS
2017-02-01,861.7322998046875,1083.949951171875,1119.9749755859375,1077.7750244140625,1110.0,4864152,TCS_NS
2017-02-02,877.5331420898438,1103.824951171875,1109.5,1076.5,1085.0250244140625,6009482,TCS_NS
2017-02-03,887.4306640625,1116.2750244140625,1121.5,1095.5,1104.8499755859375,2153372,TCS_NS
2017-02-06,890.690185546875,1120.375,1129.25,1107.4749755859375,1129.0,2408910,TCS_NS
2017-02-07,892.2205810546875,1122.300048828125,1126.300048828125,1113.0,1122.0,1814638,TCS_NS
2017-02-08,902.6945190429688,1135.4749755859375,1141.300048828125,1122.0250244140625,1122.449951171875,2212584,TCS_NS
2017-02-09,921.1185913085938,1158.6500244140625,1164.0,1135.0999755859375,1137.5,4033202,TCS_NS
2017-02-10,953.1764526367188,1198.9749755859375,1212.2249755859375,1155.5,1155.5,5782160,TCS_NS
2017-02-13,959.6558227539062,1207.125,1214.5,1191.175048828125,1198.0,3819812,TCS_NS
2017-02-14,956.4757690429688,1203.125,1209.824951171875,1199.0,1209.824951171875,2033328,TCS_NS
2017-02-15,959.4368286132812,1206.8499755859375,1214.0,1187.550048828125,1198.5,1924972,TCS_NS
2017-02-16,972.9719848632812,1223.875,1239.0,1217.800048828125,1230.0,4175680,TCS_NS
2017-02-17,957.131591796875,1203.949951171875,1237.800048828125,1201.0,1236.0,2723324,TCS_NS
2017-02-20,994.6156005859375,1251.0999755859375,1277.5,1204.050048828125,1212.5,3973948,TCS_NS
2017-02-21,979.9677124023438,1232.675048828125,1262.949951171875,1227.574951171875,1257.0,5501112,TCS_NS
2017-02-22,958.5630493164062,1205.75,1235.0,1200.074951171875,1232.949951171875,4505496,TCS_NS
2017-02-23,986.5064697265625,1240.9000244140625,1246.625,1207.5,1207.5,4853352,TCS_NS
2017-02-27,989.7063598632812,1244.925048828125,1251.0,1235.0250244140625,1239.550048828125,2139892,TCS_NS
2017-02-28,980.3256225585938,1233.125,1245.0,1225.0,1244.75,2354828,TCS_NS
2017-03-01,985.6124267578125,1239.7750244140625,1250.949951171875,1235.0,1239.949951171875,1130374,TCS_NS
2017-03-02,994.3175048828125,1250.7249755859375,1255.0,1235.0250244140625,1243.3499755859375,1544942,TCS_NS
2017-03-03,991.3759765625,1247.0250244140625,1249.8499755859375,1237.699951171875,1246.0,1013970,TCS_NS
2017-03-06,982.8096313476562,1236.25,1242.0,1227.2750244140625,1240.0,1400694,TCS_NS
2017-03-07,993.6613159179688,1249.9000244140625,1252.5,1237.5250244140625,1241.449951171875,1511672,TCS_NS
2017-03-08,998.5906982421875,1256.0999755859375,1260.0,1246.0999755859375,1251.0,1791510,TCS_NS
2017-03-09,1001.5916748046875,1259.875,1262.0,1252.0250244140625,1257.074951171875,858468,TCS_NS
2017-03-10,1010.5354614257812,1271.125,1274.7750244140625,1256.9749755859375,1259.800048828125,1171420,TCS_NS
2017-03-14,1020.5716552734375,1283.75,1293.574951171875,1275.5250244140625,1278.4000244140625,3402294,TCS_NS
2017-03-15,993.0654296875,1249.1500244140625,1286.074951171875,1246.925048828125,1286.0,3022496,TCS_NS
2017-03-16,1002.0484008789062,1260.449951171875,1263.5,1253.0,1253.0,1571818,TCS_NS
2017-03-17,1003.9764404296875,1262.875,1273.0,1254.875,1273.0,2593152,TCS_NS
2017-03-20,985.7913818359375,1240.0,1262.9749755859375,1233.0,1262.9749755859375,3487540,TCS_NS
2017-03-21,988.4544677734375,1243.3499755859375,1246.0,1232.5,1241.0,3373700,TCS_NS
2017-03-22,985.3737182617188,1239.4749755859375,1248.0,1234.9749755859375,1240.074951171875,1888716,TCS_NS
2017-03-23,977.9802856445312,1230.175048828125,1242.5250244140625,1223.5999755859375,1241.0,2620638,TCS_NS
2017-03-24,964.8033447265625,1213.5999755859375,1234.9000244140625,1211.6500244140625,1234.9000244140625,5099814,TCS_NS
2017-03-27,958.7813110351562,1206.0250244140625,1220.0,1203.0,1213.4749755859375,2181270,TCS_NS
2017-03-28,965.8964233398438,1214.9749755859375,1221.699951171875,1205.0,1205.0,1153158,TCS_NS
2017-03-29,971.7198486328125,1222.300048828125,1225.4000244140625,1212.800048828125,1218.0,1717764,TCS_NS
2017-03-30,970.2885131835938,1220.5,1232.5,1217.5,1222.449951171875,2986086,TCS_NS
2017-03-31,966.6317138671875,1215.9000244140625,1220.425048828125,1207.5,1219.199951171875,1867044,TCS_NS
2017-04-03,958.6422729492188,1205.8499755859375,1217.5,1204.0999755859375,1217.5,1196888,TCS_NS
2017-04-05,954.4884033203125,1200.625,1209.949951171875,1197.5,1209.949951171875,2905568,TCS_NS
2017-04-06,954.0111083984375,1200.0250244140625,1205.0,1196.2750244140625,1200.0,1720704,TCS_NS
2017-04-07,965.538818359375,1214.5250244140625,1216.625,1196.074951171875,1197.449951171875,2277012,TCS_NS
2017-04-10,962.8357543945312,1211.125,1224.5,1202.5,1216.0,2543264,TCS_NS
2017-04-11,961.6629638671875,1209.6500244140625,1221.550048828125,1203.0,1208.6500244140625,1557784,TCS_NS
2017-04-12,951.3082885742188,1196.625,1214.0,1191.5,1211.25,1050538,TCS_NS
2017-04-13,925.6301879882812,1164.324951171875,1204.5,1160.5250244140625,1200.0,2500472,TCS_NS
2017-04-17,920.1448974609375,1157.425048828125,1166.449951171875,1147.574951171875,1165.199951171875,2270882,TCS_NS
2017-04-18,917.7396850585938,1154.4000244140625,1167.0999755859375,1151.0250244140625,1165.0,1730620,TCS_NS
2017-04-19,913.9037475585938,1149.574951171875,1174.3499755859375,1126.4000244140625,1131.75,5626812,TCS_NS
2017-04-20,924.3779907226562,1162.75,1166.0,1145.4749755859375,1152.6500244140625,1268842,TCS_NS
2017-04-21,918.5346069335938,1155.4000244140625,1167.824951171875,1150.5,1164.550048828125,1161154,TCS_NS
2017-04-24,925.4115600585938,1164.050048828125,1169.824951171875,1141.25,1150.0,2000020,TCS_NS
2017-04-25,918.8128051757812,1155.75,1172.2249755859375,1151.3499755859375,1164.0,3148710,TCS_NS
2017-04-26,918.355712890625,1155.175048828125,1171.9749755859375,1151.5250244140625,1170.0,2187438,TCS_NS
2017-04-27,915.2952270507812,1151.324951171875,1163.9000244140625,1138.824951171875,1153.0250244140625,5773186,TCS_NS
2017-04-28,903.5693359375,1136.574951171875,1149.375,1134.0,1147.0,2540510,TCS_NS
2017-05-02,910.22705078125,1144.949951171875,1151.0,1140.0,1147.0,2382696,TCS_NS
2017-05-03,929.068359375,1168.6500244140625,1172.5,1134.25,1147.5,3514406,TCS_NS
2017-05-04,926.2064819335938,1165.050048828125,1175.0,1154.4000244140625,1174.9749755859375,2708208,TCS_NS
2017-05-05,922.390380859375,1160.25,1166.25,1151.25,1154.0,1682474,TCS_NS
2017-05-08,931.1153564453125,1171.2249755859375,1173.699951171875,1158.8499755859375,1160.5,1071782,TCS_NS
2017-05-09,935.13037109375,1176.2750244140625,1180.5,1166.2750244140625,1171.9749755859375,1790270,TCS_NS
2017-05-10,927.140380859375,1166.2249755859375,1178.074951171875,1158.0,1177.5,1206388,TCS_NS
2017-05-11,933.8980712890625,1174.7249755859375,1180.0,1161.375,1173.6500244140625,2071302,TCS_NS
2017-05-12,938.35009765625,1180.324951171875,1184.949951171875,1160.0250244140625,1171.6500244140625,2314446,TCS_NS
2017-05-15,940.1190795898438,1182.550048828125,1188.9749755859375,1170.800048828125,1187.550048828125,1817604,TCS_NS
2017-05-16,965.5782470703125,1214.574951171875,1217.5,1186.7249755859375,1190.0,3601026,TCS_NS
2017-05-17,975.99267578125,1227.675048828125,1230.375,1211.5,1216.75,2876198,TCS_NS
2017-05-18,1008.1301879882812,1268.0999755859375,1286.0,1221.125,1225.0,5138594,TCS_NS
2017-05-19,996.5828857421875,1253.574951171875,1270.2750244140625,1243.0,1268.0999755859375,1786044,TCS_NS
2017-05-22,1006.2028198242188,1265.675048828125,1276.875,1255.0,1255.0,1663940,TCS_NS
2017-05-23,1002.3662719726562,1260.8499755859375,1282.074951171875,1257.0,1266.5999755859375,2748596,TCS_NS
2017-05-24,1017.2529296875,1279.574951171875,1285.0,1264.824951171875,1267.4000244140625,2534548,TCS_NS
2017-05-25,1043.2691650390625,1312.300048828125,1318.7750244140625,1284.0,1288.5,4094094,TCS_NS
2017-05-26,1024.8453369140625,1289.125,1313.425048828125,1282.324951171875,1312.5,1362550,TCS_NS
2017-05-29,1022.6986083984375,1286.425048828125,1298.25,1282.0,1289.5,1749290,TCS_NS
2017-05-30,1014.0529174804688,1275.550048828125,1287.9749755859375,1262.5,1280.0,927634,TCS_NS
2017-05-31,1012.2642822265625,1273.300048828125,1286.25,1264.0,1266.5,2502730,TCS_NS
2017-06-01,1015.047119140625,1276.800048828125,1282.0,1265.0,1265.0,1080064,TCS_NS
2017-06-02,1019.538818359375,1282.449951171875,1295.925048828125,1276.25,1278.125,1355648,TCS_NS
2017-06-05,1035.0606689453125,1301.9749755859375,1309.949951171875,1280.074951171875,1282.5,1500188,TCS_NS
2017-06-06,1071.65087890625,1348.0,1354.4749755859375,1315.0,1315.5,5946720,TCS_NS
2017-06-07,1039.552490234375,1307.625,1350.0,1288.2750244140625,1348.5,4927776,TCS_NS
2017-06-08,1002.3267822265625,1260.800048828125,1302.4749755859375,1257.75,1299.0,3330714,TCS_NS
2017-06-09,996.5235595703125,1253.5,1273.699951171875,1243.0,1260.0,3148034,TCS_NS
2017-06-12,988.65283203125,1243.5999755859375,1256.449951171875,1235.199951171875,1248.5,1626506,TCS_NS
2017-06-13,985.3771362304688,1225.7750244140625,1240.550048828125,1223.5,1232.5,1175414,TCS_NS
2017-06-14,992.8734741210938,1235.0999755859375,1238.0,1227.5,1227.5,1489142,TCS_NS
2017-06-15,969.158935546875,1205.5999755859375,1234.8499755859375,1202.5,1234.5,2997198,TCS_NS
2017-06-16,964.536865234375,1199.8499755859375,1217.5,1193.25,1207.4749755859375,2450426,TCS_NS
2017-06-19,977.3988037109375,1215.8499755859375,1223.175048828125,1202.574951171875,1208.449951171875,1644742,TCS_NS
2017-06-20,982.7445678710938,1222.5,1224.5,1190.1500244140625,1215.5,1670958,TCS_NS
2017-06-21,967.1895141601562,1203.1500244140625,1221.074951171875,1198.5999755859375,1220.0,1657818,TCS_NS
2017-06-22,962.5874633789062,1197.425048828125,1215.5,1192.5,1204.5,5775882,TCS_NS
2017-06-23,949.2628173828125,1180.8499755859375,1206.9749755859375,1177.0,1199.699951171875,1424756,TCS_NS
2017-06-27,941.6861572265625,1171.425048828125,1192.3499755859375,1165.800048828125,1175.300048828125,1974330,TCS_NS
2017-06-28,944.5805053710938,1175.0250244140625,1179.0,1167.5,1174.949951171875,1789726,TCS_NS
2017-06-29,937.8277587890625,1166.625,1186.0250244140625,1161.550048828125,1179.5,2471826,TCS_NS
2017-06-30,949.5244750976562,1181.175048828125,1188.5,1161.550048828125,1162.199951171875,1753848,TCS_NS
2017-07-03,954.0458374023438,1186.800048828125,1191.5250244140625,1171.550048828125,1178.699951171875,1475956,TCS_NS
2017-07-04,951.3330078125,1183.425048828125,1190.2249755859375,1175.0250244140625,1186.6500244140625,1215134,TCS_NS
2017-07-05,946.971923828125,1178.0,1182.5,1172.5,1180.4000244140625,815856,TCS_NS
2017-07-06,943.5752563476562,1173.7750244140625,1180.949951171875,1170.050048828125,1179.5,1026788,TCS_NS
2017-07-07,937.3051147460938,1165.9749755859375,1178.2249755859375,1162.75,1175.0,1232090,TCS_NS
2017-07-10,978.7048950195312,1217.4749755859375,1222.449951171875,1189.4749755859375,1203.0,783608,TCS_NS
2017-07-11,995.1245727539062,1237.9000244140625,1257.4000244140625,1213.0,1213.0,3537504,TCS_NS
2017-07-12,980.5138549804688,1219.7249755859375,1241.6500244140625,1215.050048828125,1241.25,2646450,TCS_NS
2017-07-13,983.30712890625,1223.199951171875,1236.0,1213.300048828125,1222.5,3131960,TCS_NS
2017-07-14,963.63232421875,1198.7249755859375,1212.5,1187.5,1191.5,4508432,TCS_NS
2017-07-17,962.8282470703125,1197.7249755859375,1211.050048828125,1191.0999755859375,1198.8499755859375,2211822,TCS_NS
2017-07-18,968.0132446289062,1204.175048828125,1221.5,1198.074951171875,1198.074951171875,1908002,TCS_NS
2017-07-19,984.5934448242188,1224.800048828125,1230.0,1207.550048828125,1207.75,3915576,TCS_NS
2017-07-20,982.623779296875,1222.3499755859375,1228.449951171875,1215.25,1224.625,1182504,TCS_NS
2017-07-21,1001.314208984375,1245.5999755859375,1250.0,1217.2750244140625,1217.449951171875,2148416,TCS_NS
2017-07-24,1020.0570068359375,1265.3499755859375,1270.0,1241.0,1241.0,2271402,TCS_NS
2017-07-25,1036.50244140625,1285.75,1290.0,1259.199951171875,1262.875,2678832,TCS_NS
2017-07-26,1030.2548828125,1278.0,1287.5,1273.5,1280.0,1459826,TCS_NS
2017-07-27,1000.306640625,1240.8499755859375,1292.4000244140625,1233.25,1271.0999755859375,4255304,TCS_NS
2017-07-28,1001.3543090820312,1242.1500244140625,1246.5250244140625,1221.0,1240.5,1382752,TCS_NS
2017-07-31,1004.3776245117188,1245.9000244140625,1259.5,1231.5,1235.5,2019662,TCS_NS
2017-08-01,1008.3478393554688,1250.824951171875,1260.375,1245.5,1250.0,1747460,TCS_NS
2017-08-02,997.1221923828125,1236.9000244140625,1254.0,1231.0,1250.0,1251024,TCS_NS
2017-08-03,1003.4302978515625,1244.7249755859375,1251.0,1233.2249755859375,1240.0,1882548,TCS_NS
2017-08-04,1016.8734130859375,1261.4000244140625,1264.1500244140625,1244.0,1245.4000244140625,1387890,TCS_NS
2017-08-07,1009.0733032226562,1251.7249755859375,1260.0,1240.5999755859375,1258.25,1885520,TCS_NS
2017-08-08,1008.9120483398438,1251.5250244140625,1264.300048828125,1248.1500244140625,1256.0,1073958,TCS_NS
2017-08-09,1012.5200805664062,1256.0,1261.425048828125,1246.6500244140625,1250.0,992946,TCS_NS
2017-08-10,1012.2979736328125,1255.7249755859375,1260.300048828125,1243.175048828125,1254.5,1526172,TCS_NS
2017-08-11,1006.0904541015625,1248.0250244140625,1267.5,1241.5,1249.949951171875,1394736,TCS_NS
2017-08-14,995.3484497070312,1234.699951171875,1254.949951171875,1231.5,1251.5,786504,TCS_NS
2017-08-16,1004.5994262695312,1246.175048828125,1271.9000244140625,1232.5999755859375,1242.0,1373340,TCS_NS
2017-08-17,1001.8987426757812,1242.824951171875,1252.5,1231.050048828125,1250.3499755859375,1752374,TCS_NS
2017-08-18,1013.2453002929688,1256.9000244140625,1274.949951171875,1235.699951171875,1237.0,2837356,TCS_NS
2017-08-21,1019.2913208007812,1264.4000244140625,1274.5,1247.1500244140625,1252.75,2304834,TCS_NS
2017-08-22,1006.6952514648438,1248.7750244140625,1269.75,1246.0,1261.5,1131326,TCS_NS
2017-08-23,1003.4302978515625,1244.7249755859375,1258.4000244140625,1236.574951171875,1252.5,1562272,TCS_NS
2017-08-24,1006.312255859375,1248.300048828125,1258.9749755859375,1243.074951171875,1248.8499755859375,1623908,TCS_NS
2017-08-28,1002.563720703125,1243.6500244140625,1252.699951171875,1230.5,1252.300048828125,2036796,TCS_NS
2017-08-29,995.93310546875,1235.425048828125,1248.0,1231.9749755859375,1241.0,1312602,TCS_NS
2017-08-30,1001.4555053710938,1242.2750244140625,1245.0,1230.050048828125,1240.5,970782,TCS_NS
2017-08-31,1006.2115478515625,1248.175048828125,1252.199951171875,1233.324951171875,1242.5,1784664,TCS_NS
2017-09-01,990.1290283203125,1228.2249755859375,1249.0250244140625,1218.2750244140625,1240.0,1702330,TCS_NS
2017-09-04,990.0280151367188,1228.0999755859375,1230.5,1219.0,1226.550048828125,1062544,TCS_NS
2017-09-05,1001.3746948242188,1242.175048828125,1245.0,1218.5250244140625,1230.0,1165994,TCS_NS
2017-09-06,988.8193359375,1226.5999755859375,1237.425048828125,1225.0,1234.074951171875,1228764,TCS_NS
2017-09-07,991.60009765625,1230.050048828125,1234.199951171875,1225.5250244140625,1229.0,870636,TCS_NS
2017-09-08,995.832275390625,1235.300048828125,1237.0,1226.2750244140625,1226.875,1021134,TCS_NS
2017-09-11,989.3228149414062,1227.2249755859375,1241.4749755859375,1225.0,1235.5999755859375,732764,TCS_NS
2017-09-12,1003.0275268554688,1244.2249755859375,1248.5,1228.5,1236.949951171875,1396460,TCS_NS
2017-09-13,1003.3292846679688,1244.5999755859375,1265.824951171875,1237.5999755859375,1250.0,1278980,TCS_NS
2017-09-14,1002.4227294921875,1243.4749755859375,1248.800048828125,1235.949951171875,1241.0,1081510,TCS_NS
2017-09-15,1010.1209716796875,1253.0250244140625,1258.5,1242.5,1249.5,2944072,TCS_NS
2017-09-18,1007.2998046875,1249.5250244140625,1259.4749755859375,1244.625,1252.4749755859375,726600,TCS_NS
2017-09-19,1006.9774780273438,1249.125,1252.5,1245.75,1252.5,782754,TCS_NS
2017-09-20,1005.0831298828125,1246.7750244140625,1257.0,1237.1500244140625,1257.0,1334642,TCS_NS
2017-09-21,1017.718994140625,1262.449951171875,1270.5,1240.0,1245.5250244140625,2438740,TCS_NS
2017-09-22,1009.1337280273438,1251.800048828125,1263.449951171875,1246.0,1259.949951171875,2435396,TCS_NS
2017-09-25,1012.0157470703125,1255.375,1267.0,1246.375,1248.2750244140625,1599558,TCS_NS
2017-09-26,997.4650268554688,1237.324951171875,1263.199951171875,1233.0,1255.0,1449230,TCS_NS
2017-09-27,1005.6675415039062,1247.5,1256.0999755859375,1236.875,1245.0,2010356,TCS_NS
2017-09-28,998.1903686523438,1238.2249755859375,1257.0,1226.0,1247.3499755859375,4332866,TCS_NS
2017-09-29,981.8658447265625,1217.9749755859375,1242.0,1210.75,1239.5,1985014,TCS_NS
2017-10-03,986.9046630859375,1224.2249755859375,1227.1500244140625,1213.5250244140625,1220.0,1923006,TCS_NS
2017-10-04,984.4252319335938,1221.1500244140625,1227.0,1212.5,1224.800048828125,1300778,TCS_NS
2017-10-05,979.306396484375,1214.800048828125,1221.7249755859375,1212.199951171875,1220.5,1684686,TCS_NS
2017-10-06,986.1788330078125,1223.324951171875,1227.5,1214.0250244140625,1215.0,1389188,TCS_NS
2017-10-09,989.1820678710938,1227.050048828125,1233.9749755859375,1220.5250244140625,1220.5250244140625,1773616,TCS_NS
2017-10-10,991.2573852539062,1229.625,1234.9749755859375,1225.625,1227.5,1222010,TCS_NS
2017-10-11,1007.823974609375,1250.175048828125,1257.2249755859375,1228.375,1230.0,1527746,TCS_NS
2017-10-12,1027.1112060546875,1274.0999755859375,1277.5,1253.5,1256.5,5006356,TCS_NS
2017-10-13,1031.3028564453125,1279.300048828125,1304.4749755859375,1261.5,1274.0999755859375,4066320,TCS_NS
2017-10-16,1041.7020263671875,1292.199951171875,1295.0,1277.5250244140625,1277.5250244140625,1218590,TCS_NS
2017-10-17,1045.7933349609375,1297.2750244140625,1307.4749755859375,1288.7750244140625,1292.5,1443016,TCS_NS
2017-10-18,1042.5889892578125,1293.300048828125,1306.824951171875,1290.0,1297.5,1514144,TCS_NS
2017-10-19,1041.500244140625,1291.949951171875,1297.9000244140625,1285.5,1296.0,86822,TCS_NS
2017-10-23,1043.11279296875,1293.949951171875,1314.5,1273.7249755859375,1292.0,1886088,TCS_NS
2017-10-24,1039.2835693359375,1289.199951171875,1310.449951171875,1284.5250244140625,1310.0,1339020,TCS_NS
2017-10-25,1034.6357421875,1279.949951171875,1307.0,1277.5,1289.25,1105106,TCS_NS
2017-10-26,1026.1279296875,1269.425048828125,1284.574951171875,1258.949951171875,1267.550048828125,3007552,TCS_NS
2017-10-27,1044.49755859375,1292.1500244140625,1296.574951171875,1265.1500244140625,1269.0,1409270,TCS_NS
2017-10-30,1057.3907470703125,1308.0999755859375,1310.0,1290.8499755859375,1293.0,1137252,TCS_NS
2017-10-31,1060.5430908203125,1312.0,1320.0,1300.6500244140625,1300.6500244140625,1592634,TCS_NS
2017-11-01,1051.9949951171875,1301.425048828125,1313.425048828125,1289.425048828125,1312.0,741882,TCS_NS
2017-11-02,1061.411865234375,1313.074951171875,1337.0,1303.375,1304.25,1468422,TCS_NS
2017-11-03,1058.9669189453125,1310.050048828125,1318.3499755859375,1301.4000244140625,1316.199951171875,666886,TCS_NS
2017-11-06,1077.33642578125,1332.7750244140625,1335.9000244140625,1305.875,1310.0,1377000,TCS_NS
2017-11-07,1095.3218994140625,1355.0250244140625,1384.0,1333.0250244140625,1335.0,2696892,TCS_NS
2017-11-08,1105.406005859375,1367.5,1379.5,1359.125,1361.5,1402252,TCS_NS
2017-11-09,1105.97216796875,1368.199951171875,1375.0,1359.6500244140625,1375.0,1152432,TCS_NS
2017-11-10,1094.7967529296875,1354.375,1363.0,1346.675048828125,1361.0999755859375,1356566,TCS_NS
2017-11-13,1115.085693359375,1379.4749755859375,1388.699951171875,1351.0250244140625,1351.0250244140625,1496996,TCS_NS
2017-11-14,1097.1611328125,1357.300048828125,1378.2750244140625,1353.75,1378.2750244140625,1657252,TCS_NS
2017-11-15,1093.4017333984375,1352.6500244140625,1377.5,1350.675048828125,1353.0,6670834,TCS_NS
2017-11-16,1110.1146240234375,1373.324951171875,1381.5,1343.4749755859375,1355.0,1653482,TCS_NS
2017-11-17,1094.21044921875,1353.6500244140625,1374.050048828125,1351.800048828125,1374.050048828125,1325464,TCS_NS
2017-11-20,1092.654296875,1351.7249755859375,1363.449951171875,1347.6500244140625,1357.5,1014498,TCS_NS
2017-11-21,1080.3271484375,1336.4749755859375,1350.5,1333.0,1350.5,1527740,TCS_NS
2017-11-22,1083.439208984375,1340.324951171875,1354.8499755859375,1336.199951171875,1336.5,1822624,TCS_NS
2017-11-23,1083.6817626953125,1340.625,1346.5,1334.5,1340.5,793470,TCS_NS
2017-11-24,1086.43017578125,1344.0250244140625,1351.449951171875,1336.550048828125,1341.0,2287512,TCS_NS
2017-11-27,1085.541259765625,1342.925048828125,1347.949951171875,1331.0999755859375,1344.0,1856786,TCS_NS
2017-11-28,1085.3187255859375,1342.6500244140625,1351.199951171875,1335.0,1343.0,911716,TCS_NS
2017-11-29,1074.3458251953125,1329.074951171875,1346.5,1325.0,1338.75,1447532,TCS_NS
2017-11-30,1065.797119140625,1318.5,1333.4749755859375,1311.5,1326.824951171875,4299962,TCS_NS
2017-12-01,1062.94775390625,1314.9749755859375,1334.0,1310.75,1317.5,1031144,TCS_NS
2017-12-04,1063.917724609375,1316.175048828125,1329.25,1301.4749755859375,1311.0,1259104,TCS_NS
2017-12-05,1065.2113037109375,1317.7750244140625,1325.8499755859375,1314.074951171875,1315.5,1167914,TCS_NS
2017-12-06,1064.3017578125,1316.6500244140625,1322.5,1306.425048828125,1318.0,1407518,TCS_NS
2017-12-07,1057.8148193359375,1308.625,1322.9749755859375,1307.5,1316.1500244140625,1326300,TCS_NS
2017-12-08,1051.449462890625,1300.75,1322.5,1298.5,1309.0,1385548,TCS_NS
2017-12-11,1075.5379638671875,1330.550048828125,1336.324951171875,1304.175048828125,1304.175048828125,1008002,TCS_NS
2017-12-12,1055.7535400390625,1306.074951171875,1331.0,1303.699951171875,1330.5,1882246,TCS_NS
2017-12-13,1062.3212890625,1314.199951171875,1325.7249755859375,1300.5,1305.699951171875,2961458,TCS_NS
2017-12-14,1033.7872314453125,1278.9000244140625,1316.0,1265.550048828125,1316.0,5504150,TCS_NS
2017-12-15,1028.856201171875,1272.800048828125,1292.2249755859375,1268.425048828125,1281.875,2718138,TCS_NS
2017-12-18,1042.961669921875,1290.25,1294.4749755859375,1247.175048828125,1268.5,2180664,TCS_NS
2017-12-19,1040.860107421875,1287.6500244140625,1298.9000244140625,1282.3499755859375,1288.0,1801952,TCS_NS
2017-12-20,1046.376708984375,1294.4749755859375,1296.375,1275.324951171875,1291.0,1577570,TCS_NS
2017-12-21,1049.1051025390625,1297.8499755859375,1304.0,1290.0250244140625,1293.5,1293648,TCS_NS
2017-12-22,1069.73828125,1323.375,1331.949951171875,1295.0999755859375,1302.0,3665664,TCS_NS
2017-12-26,1070.8292236328125,1324.7249755859375,1344.875,1315.800048828125,1343.0,2175786,TCS_NS
2017-12-27,1058.8858642578125,1309.949951171875,1329.25,1305.25,1324.7249755859375,739284,TCS_NS
2017-12-28,1061.7352294921875,1313.4749755859375,1326.75,1302.824951171875,1304.4000244140625,2605088,TCS_NS
2017-12-29,1091.7451171875,1350.5999755859375,1354.449951171875,1309.2750244140625,1311.550048828125,2609542,TCS_NS
2018-01-01,1069.2730712890625,1322.800048828125,1347.4000244140625,1317.5,1341.1500244140625,1351760,TCS_NS
2018-01-02,1063.4532470703125,1315.5999755859375,1334.800048828125,1310.0999755859375,1330.0,1920290,TCS_NS
2018-01-03,1066.4644775390625,1319.324951171875,1334.5,1315.5999755859375,1316.0,1257120,TCS_NS
2018-01-04,1073.921142578125,1328.550048828125,1331.0,1320.0,1325.0,913082,TCS_NS
2018-01-05,1086.8948974609375,1344.5999755859375,1349.75,1325.0,1325.0,1153706,TCS_NS
2018-01-08,1097.080322265625,1357.199951171875,1363.425048828125,1340.925048828125,1350.0,1242220,TCS_NS
2018-01-09,1094.8974609375,1354.5,1360.5,1338.2750244140625,1357.5,2149396,TCS_NS
2018-01-10,1134.344482421875,1403.300048828125,1408.0,1347.324951171875,1355.5,3365850,TCS_NS
2018-01-11,1127.83740234375,1395.25,1410.949951171875,1391.0999755859375,1405.0,2520744,TCS_NS
2018-01-12,1122.1190185546875,1388.175048828125,1402.5,1370.2750244140625,1402.5,3360314,TCS_NS
2018-01-15,1109.8922119140625,1373.050048828125,1404.0,1367.5250244140625,1388.574951171875,1457214,TCS_NS
2018-01-16,1152.2293701171875,1425.425048828125,1430.824951171875,1375.2750244140625,1378.0,4267752,TCS_NS
2018-01-17,1167.6278076171875,1444.4749755859375,1462.5,1431.074951171875,1435.0,4280806,TCS_NS
2018-01-18,1179.449951171875,1459.0999755859375,1466.5,1434.0250244140625,1448.5,2209478,TCS_NS
2018-01-19,1196.061767578125,1479.6500244140625,1491.0,1451.824951171875,1465.2750244140625,1820000,TCS_NS
2018-01-22,1262.543212890625,1558.199951171875,1567.3499755859375,1461.0,1480.5,4367110,TCS_NS
2018-01-23,1256.709228515625,1551.0,1571.175048828125,1545.0250244140625,1557.4749755859375,3239610,TCS_NS
2018-01-24,1286.12158203125,1587.300048828125,1629.5250244140625,1541.324951171875,1545.0,5621538,TCS_NS
2018-01-25,1264.4268798828125,1560.5250244140625,1589.9000244140625,1540.5,1587.5,3833844,TCS_NS
2018-01-29,1295.946044921875,1599.425048828125,1612.5,1561.0,1565.699951171875,3141060,TCS_NS
2018-01-30,1277.31005859375,1576.425048828125,1601.9000244140625,1571.8499755859375,1590.0,1574758,TCS_NS
2018-01-31,1260.90234375,1556.175048828125,1575.0,1549.300048828125,1568.5,3043214,TCS_NS
2018-02-01,1271.5369873046875,1569.300048828125,1595.0,1544.4000244140625,1562.0,2400630,TCS_NS
2018-02-02,1277.6341552734375,1576.824951171875,1595.0,1551.7249755859375,1560.0,2456490,TCS_NS
2018-02-05,1257.195556640625,1551.5999755859375,1594.0,1538.425048828125,1555.0,2757742,TCS_NS
2018-02-06,1214.272216796875,1498.625,1538.574951171875,1492.5,1505.0,2657306,TCS_NS
2018-02-07,1197.1754150390625,1477.5250244140625,1515.5,1473.7249755859375,1513.5,2180324,TCS_NS
2018-02-08,1204.9339599609375,1487.0999755859375,1513.800048828125,1479.5,1489.875,2755004,TCS_NS
2018-02-09,1203.9205322265625,1485.8499755859375,1497.0,1448.324951171875,1475.0,2102458,TCS_NS
2018-02-12,1202.1383056640625,1483.6500244140625,1511.675048828125,1477.7750244140625,1489.1500244140625,1974562,TCS_NS
2018-02-14,1179.6533203125,1455.9000244140625,1487.2249755859375,1446.25,1485.0,2847532,TCS_NS
2018-02-15,1185.3458251953125,1462.925048828125,1471.5,1452.550048828125,1465.9749755859375,2465236,TCS_NS
2018-02-16,1188.2628173828125,1466.5250244140625,1499.800048828125,1461.5,1461.5,2515756,TCS_NS
2018-02-19,1184.4342041015625,1461.800048828125,1476.6500244140625,1447.5999755859375,1472.5,1568224,TCS_NS
2018-02-20,1193.002685546875,1472.375,1492.5250244140625,1463.949951171875,1464.0,1889068,TCS_NS
2018-02-21,1232.5230712890625,1521.1500244140625,1531.300048828125,1480.0250244140625,1487.0,3089228,TCS_NS
2018-02-22,1235.7236328125,1525.0999755859375,1539.5,1511.25,1526.0,3463010,TCS_NS
2018-02-23,1246.0950927734375,1537.9000244140625,1544.5,1496.050048828125,1525.0,3362500,TCS_NS
2018-02-26,1228.228515625,1515.8499755859375,1544.9749755859375,1510.5999755859375,1537.5,1363882,TCS_NS
2018-02-27,1232.5433349609375,1521.175048828125,1539.2750244140625,1516.0,1520.5,1717800,TCS_NS
2018-02-28,1229.5858154296875,1517.5250244140625,1531.9749755859375,1510.7249755859375,1517.5,2706864,TCS_NS
2018-03-01,1230.659423828125,1518.8499755859375,1530.5999755859375,1510.0,1524.5,1718124,TCS_NS
2018-03-05,1258.26904296875,1552.925048828125,1556.824951171875,1516.4749755859375,1524.5,2858168,TCS_NS
2018-03-06,1232.7255859375,1521.4000244140625,1563.5,1515.074951171875,1561.0,1906764,TCS_NS
2018-03-07,1226.507080078125,1513.7249755859375,1544.5,1509.25,1535.0,1917772,TCS_NS
2018-03-08,1216.9862060546875,1501.9749755859375,1527.449951171875,1493.75,1527.449951171875,1951826,TCS_NS
2018-03-09,1229.2012939453125,1517.050048828125,1531.5999755859375,1488.5999755859375,1502.5,1872436,TCS_NS
2018-03-12,1236.51318359375,1526.074951171875,1541.949951171875,1517.75,1521.5,2091340,TCS_NS
2018-03-13,1169.5255126953125,1443.4000244140625,1469.8499755859375,1436.0,1462.449951171875,88067154,TCS_NS
2018-03-14,1169.5660400390625,1443.449951171875,1461.5250244140625,1437.5250244140625,1446.4749755859375,3668668,TCS_NS
2018-03-15,1162.5977783203125,1434.8499755859375,1451.2750244140625,1427.800048828125,1447.5,2348906,TCS_NS
2018-03-16,1144.772216796875,1412.8499755859375,1436.0,1402.5,1434.4000244140625,7197482,TCS_NS
2018-03-19,1146.919189453125,1415.5,1424.0,1410.0,1414.5,3489940,TCS_NS
2018-03-20,1160.633056640625,1432.425048828125,1436.5999755859375,1409.5,1410.0,4024984,TCS_NS
2018-03-21,1157.3515625,1428.375,1442.1500244140625,1425.0,1436.25,3907678,TCS_NS
2018-03-22,1147.06103515625,1415.675048828125,1437.9749755859375,1411.2750244140625,1429.9749755859375,2326094,TCS_NS
2018-03-23,1141.713623046875,1409.074951171875,1417.050048828125,1399.0250244140625,1401.0,3654122,TCS_NS
2018-03-26,1141.247314453125,1408.5,1413.699951171875,1390.7750244140625,1409.5,2964210,TCS_NS
2018-03-27,1153.6846923828125,1423.8499755859375,1431.5,1411.5250244140625,1412.5,2494574,TCS_NS
2018-03-28,1154.2724609375,1424.574951171875,1437.5,1412.5,1417.949951171875,6865654,TCS_NS
2018-04-02,1178.7828369140625,1454.824951171875,1457.0,1420.0,1420.0,1662988,TCS_NS
2018-04-03,1179.430908203125,1455.625,1464.949951171875,1446.050048828125,1446.050048828125,1937290,TCS_NS
2018-04-04,1179.2889404296875,1455.449951171875,1467.0,1446.0,1464.7249755859375,2841820,TCS_NS
2018-04-05,1198.3504638671875,1478.9749755859375,1481.875,1460.175048828125,1463.2750244140625,1809424,TCS_NS
2018-04-06,1195.2513427734375,1475.1500244140625,1480.0,1463.2750244140625,1477.0,1129018,TCS_NS
2018-04-09,1184.555908203125,1461.949951171875,1481.75,1457.5,1469.8499755859375,1235866,TCS_NS
2018-04-10,1190.1063232421875,1468.800048828125,1478.625,1462.8499755859375,1462.8499755859375,1184532,TCS_NS
2018-04-11,1221.118408203125,1507.074951171875,1512.5,1472.800048828125,1475.300048828125,3124416,TCS_NS
2018-04-12,1271.8004150390625,1569.625,1575.0,1503.9749755859375,1505.0,6114360,TCS_NS
2018-04-13,1277.4920654296875,1576.6500244140625,1620.4000244140625,1566.050048828125,1575.0,8179118,TCS_NS
2018-04-16,1291.4088134765625,1593.824951171875,1599.9749755859375,1555.375,1558.0,6270274,TCS_NS
2018-04-17,1282.880615234375,1583.300048828125,1597.4749755859375,1573.5999755859375,1593.824951171875,3301724,TCS_NS
2018-04-18,1279.8421630859375,1579.550048828125,1596.7249755859375,1572.925048828125,1583.0,2433066,TCS_NS
2018-04-19,1292.826416015625,1595.574951171875,1608.5999755859375,1582.875,1589.949951171875,4820952,TCS_NS
2018-04-20,1378.4298095703125,1701.2249755859375,1711.175048828125,1620.0,1625.0,18465662,TCS_NS
2018-04-23,1380.9417724609375,1704.324951171875,1778.949951171875,1694.7750244140625,1712.0,15185910,TCS_NS
2018-04-24,1371.623779296875,1692.824951171875,1721.574951171875,1671.25,1705.0,8314336,TCS_NS
2018-04-25,1405.8973388671875,1735.125,1741.5,1682.5250244140625,1692.5,8196574,TCS_NS
2018-04-26,1433.8516845703125,1769.625,1780.0,1733.5,1733.5,12135034,TCS_NS
2018-04-27,1398.4837646484375,1725.9749755859375,1772.0,1710.0,1762.5,4501330,TCS_NS
2018-04-30,1430.954833984375,1766.050048828125,1774.5,1718.800048828125,1725.9749755859375,3458558,TCS_NS
2018-05-02,1417.8492431640625,1749.875,1766.0999755859375,1735.6500244140625,1765.25,3158046,TCS_NS
2018-05-03,1410.597412109375,1740.925048828125,1763.0,1735.199951171875,1754.9000244140625,3761550,TCS_NS
2018-05-04,1410.15185546875,1740.375,1748.5,1735.0,1746.0,2347244,TCS_NS
2018-05-07,1385.9249267578125,1710.4749755859375,1745.0,1705.449951171875,1745.0,3484426,TCS_NS
2018-05-08,1394.128662109375,1720.5999755859375,1743.25,1698.3499755859375,1717.3499755859375,2992820,TCS_NS
2018-05-09,1413.615478515625,1744.6500244140625,1747.375,1720.0999755859375,1720.0999755859375,2615050,TCS_NS
2018-05-10,1398.200439453125,1725.625,1755.574951171875,1720.0999755859375,1751.4749755859375,3858678,TCS_NS
2018-05-11,1400.5096435546875,1728.4749755859375,1742.5,1721.25,1727.0999755859375,2627876,TCS_NS
2018-05-14,1391.0296630859375,1716.7750244140625,1735.5,1705.4000244140625,1728.5,2433894,TCS_NS
2018-05-15,1410.820068359375,1741.199951171875,1747.9000244140625,1716.8499755859375,1725.0,1952890,TCS_NS
2018-05-16,1415.479248046875,1746.949951171875,1754.5,1737.625,1739.9749755859375,1648450,TCS_NS
2018-05-17,1414.6280517578125,1745.9000244140625,1766.574951171875,1738.0,1756.4749755859375,2968048,TCS_NS
2018-05-18,1418.78076171875,1751.0250244140625,1758.8499755859375,1729.0,1740.4000244140625,1874996,TCS_NS
2018-05-21,1440.94140625,1778.375,1796.0,1759.0250244140625,1764.3499755859375,3446178,TCS_NS
2018-05-22,1421.555908203125,1754.449951171875,1787.4749755859375,1746.8499755859375,1779.0,1857416,TCS_NS
2018-05-23,1415.96533203125,1747.550048828125,1772.5,1740.5,1762.5,1507298,TCS_NS
2018-05-24,1459.962158203125,1801.8499755859375,1807.5,1751.175048828125,1755.0,2962316,TCS_NS
2018-05-25,1452.71044921875,1792.9000244140625,1837.4000244140625,1786.2750244140625,1812.5,3769772,TCS_NS
2018-05-28,1418.78076171875,1751.0250244140625,1808.25,1743.0,1808.25,3716798,TCS_NS
2018-05-29,1427.4708251953125,1761.75,1772.0,1744.0,1764.949951171875,3525312,TCS_NS
2018-05-30,1423.6630859375,1757.050048828125,1766.5,1741.25,1754.5250244140625,3779106,TCS_NS
2018-05-31,1422.43701171875,1741.050048828125,1759.050048828125,1726.0999755859375,1734.0,5049371,TCS_NS
2018-06-01,1415.4110107421875,1732.449951171875,1757.5,1716.300048828125,1754.0,1603856,TCS_NS
2018-06-04,1425.051513671875,1744.25,1749.0,1712.5999755859375,1745.0,1681483,TCS_NS
2018-06-05,1406.5467529296875,1721.5999755859375,1751.9000244140625,1711.1500244140625,1744.0,2449568,TCS_NS
2018-06-06,1409.9373779296875,1725.75,1734.9000244140625,1715.199951171875,1723.0,2236512,TCS_NS
2018-06-07,1417.94384765625,1735.550048828125,1749.0,1723.800048828125,1725.0,2414762,TCS_NS
2018-06-08,1427.3800048828125,1747.0999755859375,1757.300048828125,1735.0,1735.0,2582138,TCS_NS
2018-06-11,1429.50390625,1749.699951171875,1763.0,1743.0,1747.0999755859375,2179378,TCS_NS
2018-06-12,1455.076416015625,1781.0,1785.0,1753.0,1757.0,4608875,TCS_NS
2018-06-13,1490.2890625,1824.0999755859375,1831.6500244140625,1798.0,1816.0,5370983,TCS_NS
2018-06-14,1460.4273681640625,1787.550048828125,1832.300048828125,1784.0,1830.0,3819998,TCS_NS
2018-06-15,1503.3199462890625,1840.050048828125,1847.0999755859375,1788.5999755859375,1800.0,9183574,TCS_NS
2018-06-18,1494.292236328125,1829.0,1867.949951171875,1822.1500244140625,1867.949951171875,4674987,TCS_NS
2018-06-19,1490.6156005859375,1824.5,1839.0,1821.0,1822.1500244140625,3245034,TCS_NS
2018-06-20,1488.94091796875,1822.449951171875,1836.300048828125,1818.5999755859375,1832.0,3107695,TCS_NS
2018-06-21,1486.4078369140625,1819.3499755859375,1832.0,1817.5999755859375,1832.0,2910659,TCS_NS
2018-06-22,1478.6058349609375,1809.800048828125,1827.0,1799.550048828125,1827.0,2949458,TCS_NS
2018-06-25,1486.326416015625,1819.25,1822.3499755859375,1806.0,1811.9000244140625,2083217,TCS_NS
2018-06-26,1513.083251953125,1852.0,1861.0,1821.0,1823.0,4679712,TCS_NS
2018-06-27,1517.9852294921875,1858.0,1885.1500244140625,1851.25,1860.0,4081208,TCS_NS
2018-06-28,1505.4854736328125,1842.699951171875,1871.0,1826.300048828125,1865.0,4888125,TCS_NS
2018-06-29,1509.61083984375,1847.75,1867.4000244140625,1842.300048828125,1844.9000244140625,3506276,TCS_NS
2018-07-02,1512.552001953125,1851.3499755859375,1857.800048828125,1841.0999755859375,1852.0,2650290,TCS_NS
2018-07-03,1531.0982666015625,1874.050048828125,1879.9000244140625,1857.050048828125,1859.949951171875,3242233,TCS_NS
2018-07-04,1524.6439208984375,1866.1500244140625,1879.9000244140625,1857.1500244140625,1879.9000244140625,2700614,TCS_NS
2018-07-05,1536.204345703125,1880.300048828125,1887.5,1862.0999755859375,1873.0,2472571,TCS_NS
2018-07-06,1562.879150390625,1912.949951171875,1921.0,1881.6500244140625,1882.8499755859375,3713781,TCS_NS
2018-07-09,1538.4102783203125,1883.0,1924.4000244140625,1876.5,1924.0,6151747,TCS_NS
2018-07-10,1531.9559326171875,1875.0999755859375,1898.9000244140625,1870.75,1898.0,5303302,TCS_NS
2018-07-11,1617.5777587890625,1979.9000244140625,1998.0,1894.1500244140625,1900.0,22903802,TCS_NS
2018-07-12,1610.591796875,1971.3499755859375,1990.9000244140625,1960.5,1984.0,6921701,TCS_NS
2018-07-13,1618.5579833984375,1981.0999755859375,1997.9000244140625,1974.0,1975.0,4148185,TCS_NS
2018-07-16,1625.17529296875,1989.199951171875,1996.0,1977.449951171875,1990.0,2582159,TCS_NS
2018-07-17,1639.052001953125,2002.1500244140625,2009.0,1981.0,1989.0,3315492,TCS_NS
2018-07-18,1637.4962158203125,2000.25,2011.699951171875,1993.050048828125,2005.0,2013869,TCS_NS
2018-07-19,1622.064697265625,1981.4000244140625,2010.449951171875,1970.0,2002.0999755859375,1746318,TCS_NS
2018-07-20,1634.5079345703125,1996.5999755859375,2000.0,1984.0,1984.9000244140625,1934995,TCS_NS
2018-07-23,1641.9168701171875,2005.6500244140625,2009.949951171875,1986.0,2001.0,2086201,TCS_NS
2018-07-24,1636.4730224609375,1999.0,2015.0,1984.1500244140625,2015.0,2038423,TCS_NS
2018-07-25,1622.146728515625,1981.5,2002.0,1968.4000244140625,2001.9000244140625,1535492,TCS_NS
2018-07-26,1608.3934326171875,1964.699951171875,1985.0,1955.0999755859375,1974.949951171875,3503036,TCS_NS
2018-07-27,1591.2427978515625,1943.75,1964.6500244140625,1940.300048828125,1960.8499755859375,2033977,TCS_NS
2018-07-30,1591.9385986328125,1944.5999755859375,1954.699951171875,1931.550048828125,1943.0,1579251,TCS_NS
2018-07-31,1588.3365478515625,1940.199951171875,1947.0,1928.0,1942.0,2204803,TCS_NS
2018-08-01,1618.0535888671875,1976.5,1981.550048828125,1949.800048828125,1949.949951171875,2425180,TCS_NS
2018-08-02,1595.049560546875,1948.4000244140625,1985.0,1945.0,1980.0,1509287,TCS_NS
2018-08-03,1620.4683837890625,1979.449951171875,1982.050048828125,1956.5,1956.5,1505131,TCS_NS
2018-08-06,1617.276123046875,1975.550048828125,1998.949951171875,1972.25,1997.0,1532249,TCS_NS
2018-08-07,1610.562744140625,1967.3499755859375,1979.1500244140625,1960.5,1978.199951171875,1353521,TCS_NS
2018-08-08,1616.006591796875,1974.0,1978.300048828125,1962.0,1972.0,1315062,TCS_NS
2018-08-09,1616.293212890625,1974.3499755859375,1980.800048828125,1966.0,1980.0,2060297,TCS_NS
2018-08-10,1631.642822265625,1993.0999755859375,1996.5,1972.050048828125,1980.949951171875,2784105,TCS_NS
2018-08-13,1637.41455078125,2000.1500244140625,2004.25,1990.0,1997.800048828125,3559575,TCS_NS
2018-08-14,1640.19775390625,2003.550048828125,2024.5999755859375,1982.4000244140625,1992.0,3311765,TCS_NS
2018-08-16,1644.2498779296875,2008.5,2020.050048828125,1995.0,2000.300048828125,2152065,TCS_NS
2018-08-17,1647.7293701171875,2012.75,2021.9000244140625,2004.0,2013.8499755859375,1213731,TCS_NS
2018-08-20,1645.4373779296875,2009.949951171875,2024.0,2003.699951171875,2024.0,1587032,TCS_NS
2018-08-21,1651.7406005859375,2017.6500244140625,2024.0,2004.0,2010.1500244140625,1376866,TCS_NS
2018-08-23,1666.0260009765625,2035.0999755859375,2038.0,2020.300048828125,2022.800048828125,3046791,TCS_NS
2018-08-24,1672.4931640625,2043.0,2046.0,2031.0,2035.0999755859375,1570533,TCS_NS
2018-08-27,1678.9605712890625,2050.89990234375,2059.0,2035.0,2043.0,1532702,TCS_NS
2018-08-28,1693.9417724609375,2069.199951171875,2072.0,2052.0,2055.0,1987983,TCS_NS
2018-08-29,1696.23388671875,2072.0,2076.60009765625,2045.5999755859375,2072.5,1525867,TCS_NS
2018-08-30,1704.747802734375,2082.39990234375,2085.0,2065.5,2068.0,2408020,TCS_NS
2018-08-31,1701.4736328125,2078.39990234375,2092.0,2074.0,2082.300048828125,2504554,TCS_NS
2018-09-03,1680.597900390625,2052.89990234375,2090.0,2048.39990234375,2084.800048828125,1439711,TCS_NS
2018-09-04,1718.2554931640625,2098.89990234375,2104.75,2056.949951171875,2059.800048828125,4420803,TCS_NS
2018-09-05,1702.1690673828125,2079.25,2107.25,2075.050048828125,2100.0,1681106,TCS_NS
2018-09-06,1698.935546875,2075.300048828125,2081.5,2060.300048828125,2075.0,2238097,TCS_NS
2018-09-07,1702.660400390625,2079.85009765625,2084.0,2065.39990234375,2079.300048828125,1312182,TCS_NS
2018-09-10,1703.397216796875,2080.75,2093.39990234375,2074.25,2084.39990234375,1530539,TCS_NS
2018-09-11,1675.154052734375,2046.25,2089.0,2042.199951171875,2089.0,3679745,TCS_NS
2018-09-12,1673.2711181640625,2043.949951171875,2068.89990234375,2040.0,2052.35009765625,2307661,TCS_NS
2018-09-14,1690.8306884765625,2065.39990234375,2071.550048828125,2018.1500244140625,2044.0,3642038,TCS_NS
2018-09-17,1697.993896484375,2074.14990234375,2077.800048828125,2054.550048828125,2070.0,1033857,TCS_NS
2018-09-18,1695.2109375,2070.75,2078.800048828125,2057.60009765625,2073.0,1456507,TCS_NS
2018-09-19,1701.0638427734375,2077.89990234375,2089.0,2066.85009765625,2071.89990234375,1301268,TCS_NS
2018-09-21,1721.7349853515625,2103.14990234375,2121.0,2050.14990234375,2077.0,4508530,TCS_NS
2018-09-24,1799.7515869140625,2198.449951171875,2210.5,2098.14990234375,2115.0,3032226,TCS_NS
2018-09-25,1787.2677001953125,2183.199951171875,2211.89990234375,2153.800048828125,2204.89990234375,2868778,TCS_NS
2018-09-26,1753.662109375,2142.14990234375,2199.0,2135.10009765625,2187.0,1970951,TCS_NS
2018-09-27,1791.8931884765625,2188.85009765625,2209.699951171875,2135.800048828125,2141.89990234375,3311802,TCS_NS
2018-09-28,1787.67724609375,2183.699951171875,2190.0,2158.85009765625,2178.0,2904371,TCS_NS
2018-10-01,1846.4967041015625,2255.550048828125,2275.949951171875,2190.35009765625,2190.89990234375,3772208,TCS_NS
2018-10-03,1770.60791015625,2162.85009765625,2255.0,2155.60009765625,2250.300048828125,3902322,TCS_NS
2018-10-04,1690.3397216796875,2064.800048828125,2156.64990234375,2056.35009765625,2156.60009765625,4762419,TCS_NS
2018-10-05,1721.3255615234375,2102.64990234375,2120.0,2020.9000244140625,2050.0,3417624,TCS_NS
2018-10-08,1700.7777099609375,2077.550048828125,2122.199951171875,2048.14990234375,2102.64990234375,2010154,TCS_NS
2018-10-09,1712.443359375,2091.800048828125,2107.64990234375,2053.199951171875,2080.35009765625,1867130,TCS_NS
2018-10-10,1672.9847412109375,2043.5999755859375,2105.949951171875,2029.0,2100.0,2749573,TCS_NS
2018-10-11,1620.877685546875,1979.949951171875,2013.0,1941.0,1985.0,4700256,TCS_NS
2018-10-12,1570.408447265625,1918.300048828125,1978.0,1903.0,1978.0,9373289,TCS_NS
2018-10-15,1595.9500732421875,1949.5,1955.550048828125,1920.0,1940.0,2638151,TCS_NS
2018-10-16,1606.4288330078125,1962.300048828125,1971.9000244140625,1935.0,1958.0,2815425,TCS_NS
2018-10-17,1579.4952392578125,1929.4000244140625,1989.0,1920.0,1970.0,2779207,TCS_NS
2018-10-19,1566.233154296875,1913.199951171875,1929.0,1870.050048828125,1929.0,3428776,TCS_NS
2018-10-22,1557.88330078125,1903.0,1916.0,1886.949951171875,1914.0,1778496,TCS_NS
2018-10-23,1512.4755859375,1843.6500244140625,1898.0,1837.0,1888.0,2752811,TCS_NS
2018-10-24,1516.45458984375,1848.5,1874.0,1811.0999755859375,1852.050048828125,2735913,TCS_NS
2018-10-25,1520.14599609375,1853.0,1876.9000244140625,1825.050048828125,1844.0,2507233,TCS_NS
2018-10-26,1475.927734375,1799.0999755859375,1853.9000244140625,1791.0999755859375,1853.9000244140625,2285970,TCS_NS
2018-10-29,1534.91259765625,1871.0,1877.949951171875,1784.3499755859375,1808.699951171875,2609483,TCS_NS
2018-10-30,1554.4375,1894.800048828125,1909.4000244140625,1845.0,1867.0,2404883,TCS_NS
2018-10-31,1590.0006103515625,1938.1500244140625,1943.9000244140625,1875.449951171875,1900.0,2769190,TCS_NS
2018-11-01,1588.0318603515625,1935.75,1944.3499755859375,1901.300048828125,1943.6500244140625,2769759,TCS_NS
2018-11-02,1569.737060546875,1913.449951171875,1954.5999755859375,1905.0,1934.199951171875,1818635,TCS_NS
2018-11-05,1551.1968994140625,1890.8499755859375,1927.3499755859375,1884.75,1910.0,1713366,TCS_NS
2018-11-06,1585.5291748046875,1932.699951171875,1937.5,1891.0,1894.0,1398710,TCS_NS
2018-11-07,1593.2818603515625,1942.1500244140625,1949.0,1937.0,1940.0,144530,TCS_NS
2018-11-09,1566.2506103515625,1909.199951171875,1961.949951171875,1905.0,1961.0,2570479,TCS_NS
2018-11-12,1570.8861083984375,1914.8499755859375,1946.0999755859375,1908.5,1908.5,2552008,TCS_NS
2018-11-13,1587.37548828125,1934.949951171875,1939.0,1903.0,1915.0,1418432,TCS_NS
2018-11-14,1542.8294677734375,1880.6500244140625,1929.9000244140625,1870.0,1925.0,2422318,TCS_NS
2018-11-15,1536.43017578125,1872.8499755859375,1899.0,1857.5999755859375,1864.0,1829123,TCS_NS
2018-11-16,1547.7100830078125,1886.5999755859375,1899.800048828125,1870.25,1889.0,1829729,TCS_NS
2018-11-19,1560.7130126953125,1902.449951171875,1907.3499755859375,1864.300048828125,1899.0,1740628,TCS_NS
2018-11-20,1540.8603515625,1878.25,1902.0,1874.199951171875,1902.0,1190182,TCS_NS
2018-11-21,1486.5106201171875,1812.0,1871.050048828125,1798.550048828125,1871.0,3840461,TCS_NS
2018-11-22,1486.96240234375,1812.550048828125,1847.5999755859375,1809.949951171875,1820.0,3194219,TCS_NS
2018-11-26,1514.4854736328125,1846.0999755859375,1860.0,1784.5,1819.0,4333177,TCS_NS
2018-11-27,1550.704833984375,1890.25,1897.9000244140625,1835.3499755859375,1854.0,3344839,TCS_NS
2018-11-28,1627.5325927734375,1983.9000244140625,1989.0,1882.5,1889.0,5313249,TCS_NS
2018-11-29,1608.3765869140625,1960.550048828125,1997.0,1942.550048828125,1997.0,4035441,TCS_NS
2018-11-30,1614.693359375,1968.25,1991.0,1959.8499755859375,1966.0,5268901,TCS_NS
2018-12-03,1626.3018798828125,1982.4000244140625,1990.0,1968.300048828125,1984.0,1610576,TCS_NS
2018-12-04,1649.6414794921875,2010.8499755859375,2019.4000244140625,1971.0,1983.0,3270615,TCS_NS
2018-12-05,1646.27783203125,2006.75,2018.0,1985.0,2006.0,2501539,TCS_NS
2018-12-06,1634.751708984375,1992.699951171875,2017.0,1979.5999755859375,1998.0,2321216,TCS_NS
2018-12-07,1636.802490234375,1995.199951171875,2003.9000244140625,1973.0,1985.050048828125,1680420,TCS_NS
2018-12-10,1620.887451171875,1975.800048828125,2011.0,1960.0,1975.0,2010786,TCS_NS
2018-12-11,1640.7406005859375,2000.0,2010.0,1961.0,1970.0,2942014,TCS_NS
2018-12-12,1654.5228271484375,2016.800048828125,2022.0,1984.949951171875,2001.0999755859375,2219993,TCS_NS
2018-12-13,1626.4658203125,1982.5999755859375,2029.699951171875,1974.5,2024.0,3748429,TCS_NS
2018-12-14,1632.33154296875,1989.75,1998.949951171875,1975.25,1983.0,2473761,TCS_NS
2018-12-17,1636.064208984375,1994.300048828125,2004.9000244140625,1985.0,1999.0,1227921,TCS_NS
2018-12-18,1630.7730712890625,1987.8499755859375,2002.0,1976.4000244140625,1991.9000244140625,1768742,TCS_NS
2018-12-19,1614.857666015625,1968.449951171875,1984.800048828125,1960.050048828125,1984.800048828125,2498833,TCS_NS
2018-12-20,1603.04443359375,1954.050048828125,1974.9000244140625,1946.0,1953.800048828125,1940277,TCS_NS
2018-12-21,1555.2576904296875,1895.800048828125,1950.0,1886.550048828125,1948.0,3729956,TCS_NS
2018-12-24,1573.880126953125,1918.5,1938.9000244140625,1905.0,1905.800048828125,1864116,TCS_NS
2018-12-26,1549.843505859375,1889.199951171875,1921.800048828125,1870.25,1921.800048828125,2446614,TCS_NS
2018-12-27,1566.045654296875,1908.949951171875,1941.699951171875,1872.0999755859375,1909.0,4968201,TCS_NS
2018-12-28,1555.4630126953125,1896.050048828125,1920.0,1893.0,1915.0,2239130,TCS_NS
2018-12-31,1553.001953125,1893.050048828125,1909.0,1886.1500244140625,1908.0,1879740,TCS_NS
2019-01-01,1561.0001220703125,1902.800048828125,1910.0,1885.0,1896.0,1094883,TCS_NS
2019-01-02,1577.818115234375,1923.300048828125,1934.449951171875,1900.0,1905.0,2100463,TCS_NS
2019-01-03,1558.662109375,1899.949951171875,1944.949951171875,1893.0999755859375,1919.0,2611668,TCS_NS
2019-01-04,1539.711669921875,1876.8499755859375,1901.199951171875,1841.0,1900.0,4280862,TCS_NS
2019-01-07,1556.9805908203125,1897.9000244140625,1908.800048828125,1881.0,1891.800048828125,1856423,TCS_NS
2019-01-08,1553.412109375,1893.550048828125,1906.4000244140625,1883.300048828125,1905.4000244140625,1691756,TCS_NS
2019-01-09,1547.9974365234375,1886.949951171875,1919.0,1866.699951171875,1907.4000244140625,2414376,TCS_NS
2019-01-10,1549.3101806640625,1888.550048828125,1905.0,1872.0999755859375,1890.0,3053461,TCS_NS
2019-01-11,1511.5728759765625,1842.550048828125,1875.0,1835.0,1870.0,9209862,TCS_NS
2019-01-14,1487.536376953125,1813.25,1851.0,1810.0,1850.0,3615370,TCS_NS
2019-01-15,1532.287841796875,1867.800048828125,1869.3499755859375,1808.0,1810.0,7711653,TCS_NS
2019-01-16,1534.215087890625,1870.1500244140625,1875.0,1847.0,1870.0,2359280,TCS_NS
2019-01-17,1557.3582763671875,1894.300048828125,1898.0,1871.300048828125,1878.0,2625816,TCS_NS
2019-01-18,1562.5792236328125,1900.6500244140625,1904.199951171875,1876.0,1881.0,1683728,TCS_NS
2019-01-21,1569.196533203125,1908.699951171875,1932.0,1895.449951171875,1902.0,2409803,TCS_NS
2019-01-22,1563.6063232421875,1901.9000244140625,1918.25,1890.0,1907.0999755859375,2457093,TCS_NS
2019-01-23,1541.98388671875,1875.5999755859375,1906.0999755859375,1870.0,1901.0,2578169,TCS_NS
2019-01-24,1563.3187255859375,1901.550048828125,1905.25,1875.0,1884.800048828125,1962927,TCS_NS
2019-01-25,1579.1446533203125,1920.800048828125,1935.0,1901.0,1902.0,2327080,TCS_NS
2019-01-28,1607.26171875,1955.0,1962.0,1925.5,1933.0,2769033,TCS_NS
2019-01-29,1630.0758056640625,1982.75,1989.050048828125,1936.6500244140625,1962.0,2557626,TCS_NS
2019-01-30,1628.9658203125,1981.4000244140625,1989.5,1954.6500244140625,1979.5999755859375,2429575,TCS_NS
2019-01-31,1655.84912109375,2014.0999755859375,2019.75,1985.0,1987.0,4094319,TCS_NS
2019-02-01,1668.8800048828125,2029.949951171875,2034.75,1998.0999755859375,2009.5,3064163,TCS_NS
2019-02-04,1685.56884765625,2050.25,2055.449951171875,2023.0,2029.949951171875,1590764,TCS_NS
2019-02-05,1680.8828125,2044.550048828125,2055.0,2028.0,2050.0,1111404,TCS_NS
2019-02-06,1705.75244140625,2074.800048828125,2086.85009765625,2041.050048828125,2049.89990234375,1789812,TCS_NS
2019-02-07,1712.4114990234375,2082.89990234375,2097.949951171875,2067.0,2074.75,1339945,TCS_NS
2019-02-08,1694.7362060546875,2061.39990234375,2089.5,2051.0,2075.0,1684474,TCS_NS
2019-02-11,1698.4351806640625,2065.89990234375,2096.0,2048.89990234375,2060.0,1778730,TCS_NS
2019-02-12,1686.67919921875,2051.60009765625,2070.0,2018.0,2070.0,2422903,TCS_NS
2019-02-14,1680.9244384765625,2044.5999755859375,2075.0,2033.050048828125,2060.050048828125,1724085,TCS_NS
2019-02-15,1668.6744384765625,2029.699951171875,2052.0,2010.949951171875,2049.0,1930065,TCS_NS
2019-02-18,1619.8399658203125,1970.300048828125,2041.949951171875,1962.6500244140625,2037.5999755859375,2942184,TCS_NS
2019-02-19,1565.9906005859375,1904.800048828125,1971.0,1892.0,1970.0,4408554,TCS_NS
2019-02-20,1574.17041015625,1914.75,1933.800048828125,1881.300048828125,1915.0,4645778,TCS_NS
2019-02-21,1573.718505859375,1914.199951171875,1940.0,1897.050048828125,1914.75,4683919,TCS_NS
2019-02-22,1583.1319580078125,1925.6500244140625,1930.0,1905.0999755859375,1917.199951171875,2271955,TCS_NS
2019-02-25,1632.048828125,1985.1500244140625,1990.0,1930.5,1932.5,2934880,TCS_NS
2019-02-26,1676.073486328125,2038.699951171875,2045.1500244140625,1972.25,1984.0,6453309,TCS_NS
2019-02-27,1692.02294921875,2058.10009765625,2074.949951171875,2022.0,2040.0,4732082,TCS_NS
2019-02-28,1630.6510009765625,1983.449951171875,2071.35009765625,1977.5999755859375,2060.0,8454295,TCS_NS
2019-03-01,1640.4752197265625,1995.4000244140625,2005.0,1980.3499755859375,1995.050048828125,4148548,TCS_NS
2019-03-05,1634.4739990234375,1988.0999755859375,2007.0,1976.5999755859375,2005.0,2449622,TCS_NS
2019-03-06,1643.9285888671875,1999.5999755859375,2015.0,1985.050048828125,1989.300048828125,2635047,TCS_NS
2019-03-07,1655.19140625,2013.300048828125,2024.050048828125,2000.199951171875,2005.0,2539884,TCS_NS
2019-03-08,1662.9195556640625,2022.699951171875,2033.0,2010.050048828125,2025.0,2031071,TCS_NS
2019-03-11,1656.4248046875,2014.800048828125,2033.0,2003.6500244140625,2028.9000244140625,3111689,TCS_NS
2019-03-12,1654.492919921875,2012.449951171875,2024.800048828125,2003.0,2014.050048828125,2658550,TCS_NS
2019-03-13,1644.668212890625,2000.5,2015.9000244140625,1978.5999755859375,2013.0,1833163,TCS_NS
2019-03-14,1633.8984375,1987.4000244140625,2007.800048828125,1981.0,2004.949951171875,1905495,TCS_NS
2019-03-15,1677.1014404296875,2039.949951171875,2068.949951171875,1991.0,1998.9000244140625,5184318,TCS_NS
2019-03-18,1663.0015869140625,2022.800048828125,2064.60009765625,2011.0,2043.0,2349915,TCS_NS
2019-03-19,1663.0015869140625,2022.800048828125,2030.0,1995.0999755859375,2030.0,2373993,TCS_NS
2019-03-20,1656.6300048828125,2015.050048828125,2044.800048828125,2000.0,2028.0,3091165,TCS_NS
2019-03-22,1648.90185546875,2005.6500244140625,2016.0,1983.300048828125,2015.0,3148149,TCS_NS
2019-03-25,1631.3082275390625,1984.25,2007.800048828125,1977.199951171875,2007.800048828125,2429205,TCS_NS
2019-03-26,1629.9932861328125,1982.6500244140625,1994.949951171875,1958.050048828125,1984.0,2316539,TCS_NS
2019-03-27,1617.8670654296875,1967.9000244140625,1998.0,1961.0,1994.0,2266166,TCS_NS
2019-03-28,1644.5035400390625,2000.300048828125,2014.5999755859375,1972.800048828125,1980.0,4054489,TCS_NS
2019-04-01,1670.277587890625,2031.6500244140625,2039.949951171875,2008.25,2010.0,2095740,TCS_NS
2019-04-02,1709.4517822265625,2079.300048828125,2086.0,2037.0,2037.0999755859375,3719663,TCS_NS
2019-04-03,1709.4517822265625,2079.300048828125,2089.60009765625,2058.10009765625,2085.0,2939886,TCS_NS
2019-04-04,1656.1781005859375,2014.5,2079.699951171875,2007.4000244140625,2078.14990234375,4397518,TCS_NS
2019-04-05,1683.9659423828125,2048.300048828125,2054.39990234375,2018.800048828125,2028.6500244140625,3152103,TCS_NS
2019-04-08,1702.4228515625,2070.75,2075.0,2032.699951171875,2059.0,2194294,TCS_NS
2019-04-09,1719.4818115234375,2091.5,2098.0,2057.64990234375,2070.0,2690970,TCS_NS
2019-04-10,1677.3482666015625,2040.25,2085.5,2036.0,2083.0,3313062,TCS_NS
2019-04-11,1660.28857421875,2019.5,2055.0,2013.6500244140625,2045.0,3422442,TCS_NS
2019-04-12,1656.1781005859375,2014.5,2039.0,2007.0,2038.0,3198471,TCS_NS
2019-04-15,1737.404052734375,2113.300048828125,2119.800048828125,2041.0,2070.0,9189201,TCS_NS
2019-04-16,1752.61376953125,2131.800048828125,2155.949951171875,2115.550048828125,2120.0,5771952,TCS_NS
2019-04-18,1767.61767578125,2150.050048828125,2155.0,2114.199951171875,2149.89990234375,3413728,TCS_NS
2019-04-22,1776.9898681640625,2161.449951171875,2176.0,2145.60009765625,2148.0,2007135,TCS_NS
2019-04-23,1771.7281494140625,2155.050048828125,2165.5,2134.050048828125,2163.0,2163524,TCS_NS
2019-04-24,1795.076416015625,2183.449951171875,2195.0,2156.10009765625,2158.0,3003071,TCS_NS
2019-04-25,1804.572265625,2195.0,2205.0,2168.050048828125,2175.0,4211526,TCS_NS
2019-04-26,1840.375732421875,2238.550048828125,2243.949951171875,2193.14990234375,2203.0,2716958,TCS_NS
2019-04-30,1858.2984619140625,2260.35009765625,2266.949951171875,2230.10009765625,2238.550048828125,3488395,TCS_NS
2019-05-02,1821.3441162109375,2215.39990234375,2259.39990234375,2211.10009765625,2255.0,2457699,TCS_NS
2019-05-03,1752.7781982421875,2132.0,2186.050048828125,2125.0,2185.0,3780886,TCS_NS
2019-05-06,1774.0302734375,2157.85009765625,2165.0,2108.5,2110.0,2891422,TCS_NS
2019-05-07,1769.1800537109375,2151.949951171875,2184.35009765625,2138.800048828125,2160.050048828125,2201698,TCS_NS
2019-05-08,1769.91943359375,2152.85009765625,2168.0,2130.39990234375,2151.0,1824895,TCS_NS
2019-05-09,1786.115478515625,2172.550048828125,2184.10009765625,2136.10009765625,2145.0,2264162,TCS_NS
2019-05-10,1755.902099609375,2135.800048828125,2192.0,2125.85009765625,2175.0,2039633,TCS_NS
2019-05-13,1750.106201171875,2128.75,2167.0,2121.64990234375,2133.0,1701744,TCS_NS
2019-05-14,1720.1805419921875,2092.35009765625,2159.800048828125,2072.35009765625,2135.0,2456110,TCS_NS
2019-05-15,1722.68798828125,2095.39990234375,2124.0,2084.5,2097.0,2346876,TCS_NS
2019-05-16,1733.66357421875,2108.75,2124.0,2077.050048828125,2096.0,1946529,TCS_NS
2019-05-17,1722.7293701171875,2095.449951171875,2135.0,2090.0,2112.60009765625,1947908,TCS_NS
2019-05-20,1762.6026611328125,2143.949951171875,2151.39990234375,2050.0,2125.0,2625116,TCS_NS
2019-05-21,1734.4859619140625,2109.75,2148.699951171875,2102.550048828125,2148.050048828125,1863157,TCS_NS
2019-05-22,1711.4664306640625,2081.75,2121.949951171875,2075.0,2110.0,2595795,TCS_NS
2019-05-23,1688.6932373046875,2054.050048828125,2115.35009765625,2050.0,2098.0,2541294,TCS_NS
2019-05-24,1683.719482421875,2048.0,2070.0,2032.25,2070.0,2274208,TCS_NS
2019-05-27,1689.5972900390625,2055.14990234375,2068.949951171875,2040.0999755859375,2054.800048828125,2329820,TCS_NS
2019-05-28,1704.8892822265625,2073.75,2097.5,2045.0,2060.0,5872979,TCS_NS
2019-05-29,1732.6771240234375,2107.550048828125,2123.699951171875,2077.10009765625,2080.0,3281320,TCS_NS
2019-05-30,1764.53466796875,2146.300048828125,2156.550048828125,2114.39990234375,2123.0,4971725,TCS_NS
2019-05-31,1805.8468017578125,2196.550048828125,2204.949951171875,2152.25,2160.0,4265370,TCS_NS
2019-06-03,1843.4591064453125,2242.300048828125,2247.64990234375,2185.64990234375,2201.0,3682419,TCS_NS
2019-06-04,1809.3131103515625,2183.10009765625,2224.0,2175.0,2224.0,2408658,TCS_NS
2019-06-06,1795.224365234375,2166.10009765625,2199.0,2152.0,2199.0,3735467,TCS_NS
2019-06-07,1808.1939697265625,2181.75,2189.800048828125,2142.10009765625,2174.0,2659446,TCS_NS
2019-06-10,1849.42626953125,2231.5,2235.85009765625,2185.5,2196.699951171875,2080593,TCS_NS
2019-06-11,1867.0791015625,2252.800048828125,2263.949951171875,2231.0,2237.0,3048937,TCS_NS
2019-06-12,1873.7918701171875,2260.89990234375,2266.89990234375,2219.0,2245.0,2404448,TCS_NS
2019-06-13,1868.1566162109375,2254.10009765625,2285.0,2243.050048828125,2264.0,3320916,TCS_NS
2019-06-14,1868.488525390625,2254.5,2263.10009765625,2234.0,2257.25,2131408,TCS_NS
2019-06-17,1864.0955810546875,2249.199951171875,2262.0,2241.449951171875,2256.0,1489497,TCS_NS
2019-06-18,1865.4630126953125,2250.85009765625,2260.0,2231.199951171875,2244.0,1877447,TCS_NS
2019-06-19,1872.9637451171875,2259.89990234375,2276.0,2243.14990234375,2255.0,1652817,TCS_NS
2019-06-20,1887.9234619140625,2277.949951171875,2284.0,2212.0,2230.0,2199377,TCS_NS
2019-06-21,1864.6348876953125,2249.85009765625,2292.5,2242.0,2285.0,3871804,TCS_NS
2019-06-24,1885.89208984375,2275.5,2280.0,2250.800048828125,2254.14990234375,1382424,TCS_NS
2019-06-25,1879.51123046875,2267.800048828125,2274.449951171875,2250.5,2270.0,1386077,TCS_NS
2019-06-26,1868.23974609375,2254.199951171875,2266.800048828125,2250.0,2265.0,1762224,TCS_NS
2019-06-27,1866.87158203125,2252.550048828125,2264.0,2241.300048828125,2255.0,2813464,TCS_NS
2019-06-28,1845.86279296875,2227.199951171875,2261.949951171875,2222.5,2260.0,2372928,TCS_NS
2019-07-01,1856.097900390625,2239.550048828125,2255.0,2206.60009765625,2235.0,2769940,TCS_NS
2019-07-02,1866.4991455078125,2252.10009765625,2257.0,2216.449951171875,2244.89990234375,1771746,TCS_NS
2019-07-03,1854.52294921875,2237.64990234375,2258.800048828125,2232.0,2252.199951171875,1656881,TCS_NS
2019-07-04,1858.667236328125,2242.64990234375,2252.0,2230.10009765625,2234.0,984140,TCS_NS
2019-07-05,1792.737548828125,2163.10009765625,2250.0,2140.0,2247.0,4088470,TCS_NS
2019-07-08,1802.9312744140625,2175.39990234375,2188.800048828125,2132.10009765625,2149.0,2788062,TCS_NS
2019-07-09,1768.0811767578125,2133.35009765625,2174.39990234375,2104.550048828125,2174.0,3977224,TCS_NS
2019-07-10,1747.23779296875,2108.199951171875,2127.85009765625,2071.300048828125,2080.0,6343581,TCS_NS
2019-07-11,1742.5545654296875,2102.550048828125,2129.0,2086.050048828125,2128.0,2400346,TCS_NS
2019-07-12,1746.7398681640625,2107.60009765625,2119.75,2093.10009765625,2102.10009765625,1560725,TCS_NS
2019-07-15,1778.31689453125,2145.699951171875,2153.60009765625,2098.0,2125.0,2900415,TCS_NS
2019-07-16,1749.4906005859375,2106.0,2132.5,2100.0,2126.0,2735399,TCS_NS
2019-07-17,1758.83642578125,2117.25,2125.0,2092.10009765625,2108.0,1802969,TCS_NS
2019-07-18,1716.2205810546875,2065.949951171875,2116.199951171875,2060.0,2116.199951171875,3072096,TCS_NS
2019-07-19,1725.3582763671875,2076.949951171875,2097.0,2062.5,2077.0,1953177,TCS_NS
2019-07-22,1752.7303466796875,2109.89990234375,2117.449951171875,2068.800048828125,2077.0,1920167,TCS_NS
2019-07-23,1754.8486328125,2112.449951171875,2130.0,2102.39990234375,2127.89990234375,3538588,TCS_NS
2019-07-24,1741.848388671875,2096.800048828125,2120.800048828125,2076.5,2110.0,2413196,TCS_NS
2019-07-25,1767.683349609375,2127.89990234375,2135.0,2092.550048828125,2108.89990234375,2544464,TCS_NS
2019-07-26,1752.0247802734375,2109.050048828125,2129.800048828125,2095.0,2129.800048828125,1720592,TCS_NS
2019-07-29,1769.4281005859375,2130.0,2142.0,2103.300048828125,2110.800048828125,1647090,TCS_NS
2019-07-30,1810.2578125,2179.14990234375,2185.0,2120.449951171875,2130.0,2851672,TCS_NS
2019-07-31,1832.3133544921875,2205.699951171875,2211.699951171875,2147.14990234375,2171.75,3000677,TCS_NS
2019-08-01,1811.00537109375,2180.050048828125,2217.5,2166.25,2200.0,2375236,TCS_NS
2019-08-02,1831.9813232421875,2205.300048828125,2210.0,2165.5,2173.0,2500816,TCS_NS
2019-08-05,1867.951171875,2248.60009765625,2252.25,2195.60009765625,2199.89990234375,3039682,TCS_NS
2019-08-06,1839.9561767578125,2214.89990234375,2251.949951171875,2211.449951171875,2232.800048828125,2885467,TCS_NS
2019-08-07,1838.751220703125,2213.449951171875,2238.5,2207.25,2230.0,2165362,TCS_NS
2019-08-08,1875.8431396484375,2258.10009765625,2281.0,2218.89990234375,2228.89990234375,2073298,TCS_NS
2019-08-09,1865.9986572265625,2246.25,2267.89990234375,2241.35009765625,2260.0,1744550,TCS_NS
2019-08-13,1827.121337890625,2199.449951171875,2246.25,2194.300048828125,2245.0,1647281,TCS_NS
2019-08-14,1831.2330322265625,2204.39990234375,2217.85009765625,2167.39990234375,2181.10009765625,1945002,TCS_NS
2019-08-16,1798.586181640625,2165.10009765625,2241.39990234375,2143.25,2241.39990234375,3755507,TCS_NS
2019-08-19,1796.8419189453125,2163.0,2186.0,2157.699951171875,2180.0,974884,TCS_NS
2019-08-20,1816.571533203125,2186.75,2205.0,2166.5,2172.0,1843611,TCS_NS
2019-08-21,1816.1146240234375,2186.199951171875,2202.0,2182.25,2184.949951171875,1214408,TCS_NS
2019-08-22,1840.8697509765625,2216.0,2235.64990234375,2170.0,2187.0,2131601,TCS_NS
2019-08-23,1867.203125,2247.699951171875,2259.89990234375,2213.89990234375,2214.949951171875,2826425,TCS_NS
2019-08-26,1890.9619140625,2276.300048828125,2282.0,2225.0,2247.0,2345475,TCS_NS
2019-08-27,1857.8994140625,2236.5,2274.85009765625,2229.0,2270.0,3432106,TCS_NS
2019-08-28,1860.1839599609375,2239.25,2252.14990234375,2216.0,2240.0,1294621,TCS_NS
2019-08-29,1855.36572265625,2233.449951171875,2248.199951171875,2222.199951171875,2222.199951171875,1670652,TCS_NS
2019-08-30,1877.088623046875,2259.60009765625,2266.0,2218.0,2241.0,2583625,TCS_NS
2019-09-03,1870.443359375,2251.60009765625,2296.199951171875,2236.949951171875,2270.0,2545060,TCS_NS
2019-09-04,1865.2930908203125,2245.39990234375,2270.0,2233.0,2265.0,2228092,TCS_NS
2019-09-05,1840.2880859375,2215.300048828125,2253.64990234375,2207.300048828125,2242.199951171875,2055943,TCS_NS
2019-09-06,1825.50146484375,2197.5,2233.5,2192.60009765625,2216.0,1890550,TCS_NS
2019-09-09,1813.33154296875,2182.85009765625,2202.85009765625,2179.800048828125,2200.0,1703945,TCS_NS
2019-09-11,1789.365234375,2154.0,2195.0,2146.550048828125,2186.0,2627440,TCS_NS
2019-09-12,1772.4188232421875,2133.60009765625,2165.0,2120.35009765625,2155.0,2118859,TCS_NS
2019-09-13,1779.35498046875,2141.949951171875,2157.949951171875,2115.550048828125,2135.0,2291174,TCS_NS
2019-09-16,1786.042236328125,2150.0,2173.39990234375,2126.39990234375,2159.949951171875,2597948,TCS_NS
2019-09-17,1763.3223876953125,2122.64990234375,2156.550048828125,2105.60009765625,2154.949951171875,2796530,TCS_NS
2019-09-18,1776.531005859375,2138.550048828125,2142.949951171875,2113.14990234375,2126.39990234375,1454663,TCS_NS
2019-09-19,1746.12646484375,2101.949951171875,2135.800048828125,2091.0,2135.0,1652691,TCS_NS
2019-09-20,1715.80517578125,2065.449951171875,2129.39990234375,2057.0,2104.89990234375,6941979,TCS_NS
2019-09-23,1674.5601806640625,2015.800048828125,2099.0,1975.0,2099.0,6323401,TCS_NS
2019-09-24,1698.5679931640625,2044.699951171875,2061.0,2013.0,2015.0,4620978,TCS_NS
2019-09-25,1734.91162109375,2088.449951171875,2092.0,2060.050048828125,2065.0,4002232,TCS_NS
2019-09-26,1734.205810546875,2087.60009765625,2107.0,2063.0,2097.89990234375,4234281,TCS_NS
2019-09-27,1708.079345703125,2056.14990234375,2085.199951171875,2051.39990234375,2085.0,2046795,TCS_NS
2019-09-30,1743.9251708984375,2099.300048828125,2104.0,2060.0,2061.85009765625,2620039,TCS_NS
2019-10-01,1711.2362060546875,2059.949951171875,2095.949951171875,2039.699951171875,2095.949951171875,3342877,TCS_NS
2019-10-03,1711.485595703125,2060.25,2081.14990234375,2046.1500244140625,2070.0,2317618,TCS_NS
2019-10-04,1727.3525390625,2079.35009765625,2087.949951171875,2054.949951171875,2060.60009765625,2163251,TCS_NS
2019-10-07,1701.06005859375,2047.699951171875,2094.5,2041.0,2080.0,2177916,TCS_NS
2019-10-09,1678.1319580078125,2020.0999755859375,2060.0,2015.5,2060.0,2066920,TCS_NS
2019-10-10,1665.1314697265625,2004.449951171875,2039.050048828125,1997.0999755859375,2028.0,2881452,TCS_NS
2019-10-11,1650.5107421875,1986.8499755859375,1995.0,1925.0,1931.0,12593069,TCS_NS
2019-10-14,1678.8798828125,2021.0,2032.75,1968.0,1995.0,3510704,TCS_NS
2019-10-15,1692.42041015625,2037.300048828125,2047.0,2022.699951171875,2032.0,2261310,TCS_NS
2019-10-16,1699.980224609375,2046.4000244140625,2056.0,2016.0,2038.0,3034082,TCS_NS
2019-10-17,1725.079833984375,2030.949951171875,2038.0,1999.300048828125,2014.0,3818774,TCS_NS
2019-10-18,1747.503662109375,2057.35009765625,2063.89990234375,2025.0,2037.5,3087901,TCS_NS
2019-10-22,1742.4500732421875,2051.39990234375,2111.5,2040.050048828125,2080.0,5552505,TCS_NS
2019-10-23,1758.3336181640625,2070.10009765625,2083.85009765625,2052.5,2060.0,2348134,TCS_NS
2019-10-24,1768.441162109375,2082.0,2099.0,2061.300048828125,2084.0,2798671,TCS_NS
2019-10-25,1804.9228515625,2124.949951171875,2130.0,2075.050048828125,2094.0,3954245,TCS_NS
2019-10-27,1797.0657958984375,2115.699951171875,2129.0,2108.800048828125,2129.0,224405,TCS_NS
2019-10-29,1864.29541015625,2194.85009765625,2201.699951171875,2121.5,2121.5,5064173,TCS_NS
2019-10-30,1913.5181884765625,2252.800048828125,2260.0,2176.85009765625,2225.0,5195136,TCS_NS
2019-10-31,1927.8304443359375,2269.64990234375,2284.949951171875,2237.0,2250.0,4879261,TCS_NS
2019-11-01,1869.434326171875,2200.89990234375,2275.0,2195.0,2264.0,4172620,TCS_NS
2019-11-04,1863.53125,2193.949951171875,2229.199951171875,2180.89990234375,2207.0,2646411,TCS_NS
2019-11-05,1870.2412109375,2201.85009765625,2211.0,2169.0,2197.0,2693475,TCS_NS
2019-11-06,1858.9022216796875,2188.5,2210.800048828125,2179.0,2200.0,2540719,TCS_NS
2019-11-07,1856.226318359375,2185.35009765625,2204.5,2175.199951171875,2204.5,1915598,TCS_NS
2019-11-08,1809.1695556640625,2129.949951171875,2189.60009765625,2124.0,2189.60009765625,2788759,TCS_NS
2019-11-11,1784.5377197265625,2100.949951171875,2139.0,2091.0,2135.0,2983768,TCS_NS
2019-11-13,1850.4931640625,2178.60009765625,2183.800048828125,2118.0,2118.0,3823365,TCS_NS
2019-11-14,1865.9521484375,2196.800048828125,2200.0,2146.699951171875,2187.5,2995915,TCS_NS
2019-11-15,1846.9677734375,2174.449951171875,2211.5,2168.75,2196.0,2724180,TCS_NS
2019-11-18,1828.408447265625,2152.60009765625,2187.75,2148.75,2178.39990234375,1611089,TCS_NS
2019-11-19,1791.2054443359375,2108.800048828125,2154.64990234375,2105.0,2153.0,2975313,TCS_NS
2019-11-20,1790.992919921875,2108.550048828125,2135.0,2094.5,2121.949951171875,2894129,TCS_NS
2019-11-21,1799.104736328125,2118.10009765625,2126.60009765625,2107.39990234375,2112.0,2052574,TCS_NS
2019-11-22,1759.692626953125,2071.699951171875,2107.0,2060.5,2097.0,3742049,TCS_NS
2019-11-25,1768.0167236328125,2081.5,2084.949951171875,2052.199951171875,2074.550048828125,2737010,TCS_NS
2019-11-26,1738.4151611328125,2046.6500244140625,2097.89990234375,2035.050048828125,2089.85009765625,6561580,TCS_NS
2019-11-27,1744.9130859375,2054.300048828125,2071.699951171875,2046.550048828125,2052.0,2907521,TCS_NS
2019-11-28,1764.4918212890625,2077.35009765625,2094.39990234375,2060.0,2067.050048828125,2924429,TCS_NS
2019-11-29,1744.0213623046875,2053.25,2085.0,2045.800048828125,2085.0,2064271,TCS_NS
2019-12-02,1716.6707763671875,2021.050048828125,2067.699951171875,2016.0,2060.0,3809860,TCS_NS
2019-12-03,1742.1103515625,2051.0,2062.0,2010.0,2027.699951171875,4664774,TCS_NS
2019-12-04,1765.468505859375,2078.5,2082.0,2045.5,2053.0,3334301,TCS_NS
2019-12-05,1801.8226318359375,2121.300048828125,2126.800048828125,2068.35009765625,2083.0,3902721,TCS_NS
2019-12-06,1803.776123046875,2123.60009765625,2128.0,2101.0,2124.0,1829461,TCS_NS
2019-12-09,1750.13671875,2060.449951171875,2127.949951171875,2053.5,2127.949951171875,2244747,TCS_NS
2019-12-10,1709.70556640625,2012.8499755859375,2060.85009765625,2003.25,2060.0,4520045,TCS_NS
2019-12-11,1734.380615234375,2041.9000244140625,2048.0,2006.75,2025.4000244140625,4943024,TCS_NS
2019-12-12,1716.54345703125,2020.9000244140625,2083.64990234375,1984.0,2051.10009765625,7137306,TCS_NS
2019-12-13,1759.310302734375,2071.25,2077.39990234375,2007.0,2023.0,5711133,TCS_NS
2019-12-16,1806.4515380859375,2126.75,2136.0,2080.300048828125,2096.0,5574177,TCS_NS
2019-12-17,1838.8990478515625,2164.949951171875,2169.0,2119.0,2126.5,6059673,TCS_NS
2019-12-18,1841.2769775390625,2167.75,2203.449951171875,2153.0,2174.0,8251081,TCS_NS
2019-12-19,1893.3450927734375,2229.050048828125,2236.5,2167.550048828125,2179.800048828125,6251505,TCS_NS
2019-12-20,1888.121337890625,2222.89990234375,2246.699951171875,2208.25,2220.0,5548338,TCS_NS
2019-12-23,1895.5958251953125,2231.699951171875,2241.949951171875,2210.0,2210.0,2247329,TCS_NS
2019-12-24,1881.9208984375,2215.60009765625,2243.550048828125,2211.14990234375,2239.0,1805896,TCS_NS
2019-12-26,1870.325927734375,2201.949951171875,2229.0,2195.199951171875,2216.39990234375,1880367,TCS_NS
2019-12-27,1867.3958740234375,2198.5,2226.39990234375,2176.0,2208.0,2720261,TCS_NS
2019-12-30,1854.400390625,2183.199951171875,2225.0,2177.10009765625,2207.0,2288830,TCS_NS
2019-12-31,1836.1376953125,2161.699951171875,2197.0,2157.449951171875,2189.0,1909289,TCS_NS
2020-01-01,1841.1500244140625,2167.60009765625,2183.89990234375,2154.0,2168.0,1354908,TCS_NS
2020-01-02,1832.6982421875,2157.64990234375,2179.949951171875,2149.199951171875,2179.949951171875,2380752,TCS_NS
2020-01-03,1869.2220458984375,2200.64990234375,2223.0,2164.0,2164.0,4655761,TCS_NS
2020-01-06,1869.0523681640625,2200.449951171875,2225.949951171875,2187.89990234375,2205.0,3023209,TCS_NS
2020-01-07,1873.63916015625,2205.85009765625,2214.64990234375,2183.800048828125,2200.5,2429317,TCS_NS
2020-01-08,1915.5989990234375,2255.25,2260.0,2202.050048828125,2205.0,5197454,TCS_NS
2020-01-09,1880.85888671875,2214.35009765625,2251.949951171875,2210.0,2248.75,3734173,TCS_NS
2020-01-10,1880.179443359375,2213.550048828125,2234.0,2208.0,2228.0,1915807,TCS_NS
2020-01-13,1860.473388671875,2190.35009765625,2218.949951171875,2184.699951171875,2217.85009765625,2843893,TCS_NS
2020-01-14,1874.5308837890625,2206.89990234375,2229.800048828125,2195.0,2195.0,2948452,TCS_NS
2020-01-15,1891.51904296875,2226.89990234375,2231.0,2194.199951171875,2213.0,2620681,TCS_NS
2020-01-16,1901.6265869140625,2238.800048828125,2249.0,2215.0,2226.949951171875,3117214,TCS_NS
2020-01-17,1884.893798828125,2219.10009765625,2253.550048828125,2213.0,2240.75,3281059,TCS_NS
2020-01-20,1843.485107421875,2170.35009765625,2242.199951171875,2156.199951171875,2194.89990234375,5817599,TCS_NS
2020-01-21,1844.080078125,2171.050048828125,2186.550048828125,2158.050048828125,2169.949951171875,1902980,TCS_NS
2020-01-22,1874.5308837890625,2206.89990234375,2210.0,2173.699951171875,2181.0,1773686,TCS_NS
2020-01-23,1865.208984375,2190.949951171875,2217.75,2183.699951171875,2209.800048828125,2069866,TCS_NS
2020-01-24,1858.78125,2183.39990234375,2190.949951171875,2170.0,2190.949951171875,1319430,TCS_NS
2020-01-27,1846.735107421875,2169.25,2193.449951171875,2165.0,2189.699951171875,1549101,TCS_NS
2020-01-28,1859.0794677734375,2183.75,2187.800048828125,2152.0,2174.0,1743024,TCS_NS
2020-01-29,1834.2633056640625,2154.60009765625,2186.949951171875,2150.0,2185.0,2306761,TCS_NS
2020-01-30,1820.0035400390625,2137.85009765625,2165.0,2125.0,2160.0,2098567,TCS_NS
2020-01-31,1769.9453125,2079.050048828125,2144.35009765625,2071.60009765625,2139.39990234375,3287223,TCS_NS
2020-02-03,1789.9090576171875,2102.5,2194.699951171875,2093.199951171875,2152.0,4728073,TCS_NS
2020-02-04,1794.379150390625,2107.75,2136.699951171875,2086.60009765625,2129.0,3509339,TCS_NS
2020-02-05,1827.41015625,2146.550048828125,2156.699951171875,2104.300048828125,2115.0,2439322,TCS_NS
2020-02-06,1811.91650390625,2128.35009765625,2174.199951171875,2115.5,2145.0,2640065,TCS_NS
2020-02-07,1818.89697265625,2136.550048828125,2151.0,2119.0,2139.0,2083442,TCS_NS
2020-02-10,1840.520263671875,2161.949951171875,2167.0,2119.0,2140.89990234375,2383032,TCS_NS
2020-02-11,1833.2418212890625,2153.39990234375,2174.800048828125,2147.60009765625,2163.0,1335820,TCS_NS
2020-02-12,1848.0120849609375,2170.75,2185.0,2150.0,2151.10009765625,1620407,TCS_NS
2020-02-13,1866.059814453125,2191.949951171875,2197.0,2171.0,2172.949951171875,1645948,TCS_NS
2020-02-14,1859.4625244140625,2184.199951171875,2212.0,2171.0,2188.0,1500115,TCS_NS
2020-02-17,1875.6805419921875,2203.25,2217.0,2190.199951171875,2196.949951171875,1774724,TCS_NS
2020-02-18,1886.3216552734375,2215.75,2221.0,2186.050048828125,2199.949951171875,2486223,TCS_NS
2020-02-19,1869.80615234375,2196.35009765625,2230.0,2190.5,2215.75,1760463,TCS_NS
2020-02-20,1836.13623046875,2156.800048828125,2214.39990234375,2151.25,2204.5,2317278,TCS_NS
2020-02-24,1800.848876953125,2115.35009765625,2178.949951171875,2106.699951171875,2156.0,3092877,TCS_NS
2020-02-25,1835.5830078125,2156.14990234375,2176.64990234375,2111.0,2115.5,2674567,TCS_NS
2020-02-26,1807.8724365234375,2123.60009765625,2163.89990234375,2112.949951171875,2154.0,2686842,TCS_NS
2020-02-27,1792.46337890625,2105.5,2119.949951171875,2086.199951171875,2119.949951171875,2349001,TCS_NS
2020-02-28,1702.7762451171875,2000.1500244140625,2069.5,1990.0,2068.0,4298076,TCS_NS
2020-03-02,1703.755126953125,2001.300048828125,2053.949951171875,1985.699951171875,2035.0,2667076,TCS_NS
2020-03-03,1733.46630859375,2036.199951171875,2060.0,2012.0,2020.0,2757585,TCS_NS
2020-03-04,1773.478515625,2083.199951171875,2094.449951171875,2025.0,2056.0,3237002,TCS_NS
2020-03-05,1809.1068115234375,2125.050048828125,2147.75,2084.050048828125,2085.699951171875,3937056,TCS_NS
2020-03-06,1801.784912109375,2116.449951171875,2123.64990234375,2071.60009765625,2098.0,2595027,TCS_NS
2020-03-09,1679.109375,1972.3499755859375,2079.89990234375,1935.0,2075.0,4940975,TCS_NS
2020-03-11,1663.232177734375,1953.699951171875,1987.300048828125,1920.0,1933.0,6796449,TCS_NS
2020-03-12,1506.7164306640625,1769.8499755859375,1908.4000244140625,1758.3499755859375,1904.0,8728786,TCS_NS
2020-03-13,1537.7470703125,1806.300048828125,1820.0,1506.050048828125,1687.9000244140625,8029720,TCS_NS
2020-03-16,1444.1866455078125,1696.4000244140625,1842.25,1675.8499755859375,1755.0,7844271,TCS_NS
2020-03-17,1411.49560546875,1658.0,1731.0,1623.1500244140625,1730.0,5713248,TCS_NS
2020-03-18,1408.43115234375,1654.4000244140625,1713.550048828125,1627.75,1676.800048828125,7258778,TCS_NS
2020-03-19,1403.2425537109375,1636.3499755859375,1685.449951171875,1546.75,1559.699951171875,5135111,TCS_NS
2020-03-20,1541.3931884765625,1797.449951171875,1869.0,1627.0,1630.0,8547498,TCS_NS
2020-03-23,1431.8416748046875,1669.699951171875,1750.0,1617.75,1620.0,7003490,TCS_NS
2020-03-24,1460.526611328125,1703.1500244140625,1770.0,1632.8499755859375,1653.050048828125,6350865,TCS_NS
2020-03-25,1500.9595947265625,1750.300048828125,1810.0,1680.0,1700.0,2765520,TCS_NS
2020-03-26,1535.819091796875,1790.949951171875,1832.050048828125,1722.550048828125,1831.5999755859375,4556067,TCS_NS
2020-03-27,1564.5897216796875,1824.5,1850.0,1750.4000244140625,1820.0,4331250,TCS_NS
2020-03-30,1525.1427001953125,1778.5,1905.0,1763.550048828125,1766.0,8513547,TCS_NS
2020-03-31,1565.9615478515625,1826.0999755859375,1855.0,1780.0,1837.4000244140625,3927593,TCS_NS
2020-04-01,1465.3287353515625,1708.75,1834.75,1702.0,1825.9000244140625,4941878,TCS_NS
2020-04-03,1418.550048828125,1654.199951171875,1740.0,1650.0,1740.0,5735369,TCS_NS
2020-04-07,1522.312744140625,1775.199951171875,1785.8499755859375,1705.0,1710.0,5427577,TCS_NS
2020-04-08,1462.4989013671875,1705.449951171875,1806.0,1701.0,1760.0,6285615,TCS_NS
2020-04-09,1514.55224609375,1766.1500244140625,1778.800048828125,1731.199951171875,1750.449951171875,5307397,TCS_NS
2020-04-13,1508.6351318359375,1759.25,1787.0,1746.0,1761.0,2990438,TCS_NS
2020-04-15,1487.96826171875,1735.1500244140625,1812.0,1727.800048828125,1785.0,4761399,TCS_NS
2020-04-16,1471.5889892578125,1716.050048828125,1764.9000244140625,1675.050048828125,1709.949951171875,6245533,TCS_NS
2020-04-17,1548.896484375,1806.199951171875,1851.949951171875,1753.0,1800.0,9895823,TCS_NS
2020-04-20,1559.572998046875,1818.6500244140625,1830.0,1802.5,1830.0,3244282,TCS_NS
2020-04-21,1490.1119384765625,1737.6500244140625,1794.5999755859375,1727.699951171875,1765.0,5122541,TCS_NS
2020-04-22,1517.4248046875,1769.5,1790.0,1719.1500244140625,1737.6500244140625,3829836,TCS_NS
2020-04-23,1610.6827392578125,1878.25,1900.0,1760.8499755859375,1780.0,5934366,TCS_NS
2020-04-24,1559.4873046875,1818.550048828125,1851.949951171875,1807.800048828125,1840.699951171875,2987102,TCS_NS
2020-04-27,1574.966064453125,1836.5999755859375,1875.0,1825.0,1832.300048828125,3374741,TCS_NS
2020-04-28,1594.2176513671875,1859.050048828125,1868.0,1832.5999755859375,1865.0,2678505,TCS_NS
2020-04-29,1634.179443359375,1905.6500244140625,1912.550048828125,1850.050048828125,1874.0,4241510,TCS_NS
2020-04-30,1727.4803466796875,2014.449951171875,2032.0,1942.199951171875,1980.0,5915544,TCS_NS
2020-05-04,1655.446533203125,1930.449951171875,1966.0,1913.6500244140625,1966.0,3729348,TCS_NS
2020-05-05,1657.4188232421875,1932.75,1977.0,1927.0,1955.0999755859375,2905528,TCS_NS
2020-05-06,1632.4215087890625,1903.5999755859375,1953.699951171875,1893.5999755859375,1939.800048828125,3517431,TCS_NS
2020-05-07,1622.1739501953125,1891.6500244140625,1934.449951171875,1883.3499755859375,1910.0,3166754,TCS_NS
2020-05-08,1623.6744384765625,1893.4000244140625,1939.5,1886.25,1939.0999755859375,2686530,TCS_NS
2020-05-11,1659.605712890625,1935.300048828125,1951.4000244140625,1909.0,1909.0,2449841,TCS_NS
2020-05-12,1671.7825927734375,1949.5,1956.5,1910.25,1933.4000244140625,3256595,TCS_NS
2020-05-13,1671.91162109375,1949.6500244140625,1994.0,1925.6500244140625,1994.0,2656665,TCS_NS
2020-05-14,1631.349365234375,1902.3499755859375,1923.0999755859375,1891.0999755859375,1910.0,2263146,TCS_NS
2020-05-15,1623.24560546875,1892.9000244140625,1917.4000244140625,1865.199951171875,1916.0,3173682,TCS_NS
2020-05-18,1668.4384765625,1945.5999755859375,1952.949951171875,1872.0999755859375,1907.0,3727694,TCS_NS
2020-05-19,1671.0538330078125,1948.6500244140625,1966.449951171875,1903.0,1903.0,3198693,TCS_NS
2020-05-20,1675.298583984375,1953.5999755859375,1962.9000244140625,1931.699951171875,1950.0,2778505,TCS_NS
2020-05-21,1707.5419921875,1991.199951171875,1998.0,1941.1500244140625,1946.0,3400908,TCS_NS
2020-05-22,1732.539794921875,2020.3499755859375,2032.0,1961.25,1977.0999755859375,3663418,TCS_NS
2020-05-26,1666.2086181640625,1943.0,2024.0,1925.0,2015.0,4575317,TCS_NS
2020-05-27,1719.6334228515625,2005.300048828125,2010.0,1941.25,1959.0,3482160,TCS_NS
2020-05-28,1718.7762451171875,2004.300048828125,2014.0,1971.300048828125,1988.5,3475681,TCS_NS
2020-05-29,1691.377685546875,1972.3499755859375,2002.6500244140625,1962.4000244140625,1982.0,7237735,TCS_NS
2020-06-01,1753.892822265625,2045.25,2060.0,1981.0999755859375,1990.0,3747773,TCS_NS
2020-06-02,1755.5216064453125,2047.1500244140625,2081.0,2040.050048828125,2060.199951171875,2443886,TCS_NS
2020-06-03,1759.822265625,2046.1500244140625,2063.75,2020.0,2051.85009765625,3699799,TCS_NS
2020-06-04,1798.869384765625,2091.550048828125,2100.0,2046.75,2046.75,4048593,TCS_NS
2020-06-05,1761.6282958984375,2048.25,2098.0,2040.300048828125,2091.60009765625,3573289,TCS_NS
2020-06-08,1781.8402099609375,2071.75,2095.0,2062.10009765625,2078.25,2957841,TCS_NS
2020-06-09,1782.09814453125,2072.050048828125,2095.5,2060.25,2063.10009765625,2909439,TCS_NS
2020-06-10,1813.661865234375,2108.75,2132.0,2073.5,2077.050048828125,5168397,TCS_NS
2020-06-11,1778.313720703125,2067.64990234375,2105.0,2061.800048828125,2100.0,2269513,TCS_NS
2020-06-12,1754.1026611328125,2039.5,2049.199951171875,2011.0,2011.199951171875,2842642,TCS_NS
2020-06-15,1745.845947265625,2029.9000244140625,2059.0,2000.949951171875,2039.0999755859375,2399022,TCS_NS
2020-06-16,1759.521240234375,2045.800048828125,2073.949951171875,2031.0,2065.0,2146528,TCS_NS
2020-06-17,1761.241455078125,2047.800048828125,2058.85009765625,2026.550048828125,2046.0,2703527,TCS_NS
2020-06-18,1752.8985595703125,2038.0999755859375,2059.199951171875,2025.199951171875,2045.0,1944389,TCS_NS
2020-06-19,1758.4891357421875,2044.5999755859375,2090.0,2032.0,2042.0,5681758,TCS_NS
2020-06-22,1744.169189453125,2027.949951171875,2052.25,2019.1500244140625,2050.0,3196138,TCS_NS
2020-06-23,1750.4906005859375,2035.300048828125,2044.0,2010.0,2027.0,4205944,TCS_NS
2020-06-24,1756.4251708984375,2042.199951171875,2064.25,2031.5999755859375,2034.0,2560937,TCS_NS
2020-06-25,1733.977294921875,2016.0999755859375,2060.0,2009.25,2035.0,3043931,TCS_NS
2020-06-26,1822.349365234375,2118.85009765625,2132.0,2019.949951171875,2025.0,6300722,TCS_NS
2020-06-29,1807.5557861328125,2101.64990234375,2127.60009765625,2091.300048828125,2108.0,3076341,TCS_NS
2020-06-30,1790.7845458984375,2082.14990234375,2111.89990234375,2075.050048828125,2100.0,3071725,TCS_NS
2020-07-01,1799.29931640625,2092.050048828125,2113.949951171875,2079.5,2079.699951171875,2503466,TCS_NS
2020-07-02,1855.289306640625,2157.14990234375,2165.0,2098.0,2102.0,3758699,TCS_NS
2020-07-03,1891.8419189453125,2199.64990234375,2205.0,2160.25,2163.64990234375,4185208,TCS_NS
2020-07-06,1946.4991455078125,2263.199951171875,2269.89990234375,2205.0,2205.0,5190366,TCS_NS
2020-07-07,1952.261962890625,2269.89990234375,2302.699951171875,2232.14990234375,2275.0,5630055,TCS_NS
2020-07-08,1908.3984375,2218.89990234375,2274.39990234375,2207.60009765625,2270.0,2793358,TCS_NS
2020-07-09,1895.8846435546875,2204.35009765625,2244.5,2191.050048828125,2229.0,3443998,TCS_NS
2020-07-10,1911.3660888671875,2222.35009765625,2249.85009765625,2176.0,2205.25,9610320,TCS_NS
2020-07-13,1909.34423828125,2220.0,2244.949951171875,2210.0,2220.0,2963503,TCS_NS
2020-07-14,1868.0181884765625,2171.949951171875,2239.0,2165.0,2210.0,2976738,TCS_NS
2020-07-15,1921.2996826171875,2233.89990234375,2260.0,2181.10009765625,2185.0,5569321,TCS_NS
2020-07-16,1926.3419189453125,2234.75,2333.0,2220.10009765625,2244.0,8582118,TCS_NS
2020-07-17,1897.033935546875,2200.75,2243.89990234375,2190.050048828125,2237.0,4509135,TCS_NS
2020-07-20,1903.197265625,2207.89990234375,2226.89990234375,2190.800048828125,2201.0,2952646,TCS_NS
2020-07-21,1917.98095703125,2225.050048828125,2238.64990234375,2201.14990234375,2230.0,2665286,TCS_NS
2020-07-22,1888.5870361328125,2190.949951171875,2231.0,2184.199951171875,2231.0,2861534,TCS_NS
2020-07-23,1871.56201171875,2171.199951171875,2190.949951171875,2163.0,2190.949951171875,2265766,TCS_NS
2020-07-24,1859.6668701171875,2157.39990234375,2163.0,2125.10009765625,2154.5,3665100,TCS_NS
2020-07-27,1902.2496337890625,2206.800048828125,2215.0,2163.5,2165.0,4248480,TCS_NS
2020-07-28,1990.9918212890625,2309.75,2320.0,2215.0,2215.0,8092319,TCS_NS
2020-07-29,1961.9422607421875,2276.050048828125,2342.0,2246.050048828125,2292.0,6090431,TCS_NS
2020-07-30,1964.9161376953125,2279.5,2358.0,2272.25,2285.89990234375,7098496,TCS_NS
2020-07-31,1966.553955078125,2281.39990234375,2334.800048828125,2257.449951171875,2303.14990234375,4723290,TCS_NS
2020-08-03,1943.064697265625,2254.14990234375,2303.85009765625,2230.699951171875,2290.449951171875,4012337,TCS_NS
2020-08-04,1939.228515625,2249.699951171875,2269.64990234375,2225.050048828125,2259.949951171875,2927928,TCS_NS
2020-08-05,1947.676513671875,2259.5,2300.0,2253.0,2260.0,3800641,TCS_NS
2020-08-06,1989.5694580078125,2308.10009765625,2319.5,2265.35009765625,2275.0,4748047,TCS_NS
2020-08-07,1978.5791015625,2295.35009765625,2328.0,2287.0,2308.0,3165491,TCS_NS
2020-08-10,1967.760986328125,2282.800048828125,2325.0,2276.050048828125,2318.0,2929353,TCS_NS
2020-08-11,1965.261474609375,2279.89990234375,2312.0,2275.60009765625,2283.0,2774423,TCS_NS
2020-08-12,1945.823486328125,2257.35009765625,2296.39990234375,2246.550048828125,2288.35009765625,3415751,TCS_NS
2020-08-13,1943.3233642578125,2254.449951171875,2300.0,2250.5,2273.0,2695682,TCS_NS
2020-08-14,1932.720703125,2242.14990234375,2281.300048828125,2233.10009765625,2277.0,2270405,TCS_NS
2020-08-17,1942.4183349609375,2253.39990234375,2270.0,2238.25,2263.0,2625630,TCS_NS
2020-08-18,1956.512451171875,2269.75,2289.0,2248.300048828125,2262.800048828125,3493374,TCS_NS
2020-08-19,1945.1766357421875,2256.60009765625,2284.60009765625,2252.5,2276.35009765625,2843005,TCS_NS
2020-08-20,1941.9443359375,2252.85009765625,2276.550048828125,2240.050048828125,2257.0,2895164,TCS_NS
2020-08-21,1938.28125,2248.60009765625,2271.0,2241.050048828125,2260.0,1975294,TCS_NS
2020-08-24,1937.849609375,2248.10009765625,2259.949951171875,2230.0,2250.60009765625,2167966,TCS_NS
2020-08-25,1933.1514892578125,2242.64990234375,2250.0,2233.550048828125,2245.0,1663419,TCS_NS
2020-08-26,1942.504638671875,2253.5,2259.89990234375,2216.449951171875,2242.0,2618149,TCS_NS
2020-08-27,1938.1082763671875,2248.39990234375,2287.35009765625,2241.75,2266.0,3579393,TCS_NS
2020-08-28,1929.6171875,2238.550048828125,2279.949951171875,2235.10009765625,2268.39990234375,2941136,TCS_NS
2020-08-31,1945.7371826171875,2257.25,2276.199951171875,2228.0,2240.0,6018154,TCS_NS
2020-09-01,1936.3414306640625,2246.35009765625,2278.0,2241.300048828125,2269.0,3610908,TCS_NS
2020-09-02,1952.546630859375,2265.14990234375,2268.75,2241.64990234375,2247.0,2084137,TCS_NS
2020-09-03,1982.1561279296875,2299.5,2324.0,2268.0,2268.0,4654146,TCS_NS
2020-09-04,1972.932861328125,2288.800048828125,2324.25,2262.949951171875,2275.0,5231303,TCS_NS
2020-09-07,2005.9034423828125,2327.050048828125,2343.5,2283.35009765625,2289.0,4620401,TCS_NS
2020-09-08,2024.135498046875,2348.199951171875,2390.449951171875,2327.050048828125,2335.949951171875,7453998,TCS_NS
2020-09-09,2006.4215087890625,2327.64990234375,2359.0,2320.0,2325.0,3866535,TCS_NS
2020-09-10,2009.4381103515625,2331.14990234375,2348.5,2324.300048828125,2335.0,2308813,TCS_NS
2020-09-11,2046.4608154296875,2374.10009765625,2383.0,2330.14990234375,2330.949951171875,4145424,TCS_NS
2020-09-14,2147.572998046875,2491.39990234375,2505.75,2381.85009765625,2384.10009765625,7512131,TCS_NS
2020-09-15,2147.572998046875,2491.39990234375,2538.0,2464.60009765625,2491.39990234375,7318770,TCS_NS
2020-09-16,2157.571533203125,2503.0,2507.60009765625,2477.300048828125,2488.949951171875,3074003,TCS_NS
2020-09-17,2121.325439453125,2460.949951171875,2495.75,2450.60009765625,2480.0,4828176,TCS_NS
2020-09-18,2111.800048828125,2449.89990234375,2500.39990234375,2436.39990234375,2485.0,4183256,TCS_NS
2020-09-21,2125.074951171875,2465.300048828125,2504.89990234375,2452.14990234375,2465.0,4598809,TCS_NS
2020-09-22,2174.7685546875,2522.949951171875,2555.0,2458.0,2485.0,7499613,TCS_NS
2020-09-23,2126.927978515625,2467.449951171875,2519.85009765625,2409.0,2510.0,7502280,TCS_NS
2020-09-24,2010.3861083984375,2332.25,2450.0,2302.60009765625,2450.0,8424708,TCS_NS
2020-09-25,2088.0087890625,2422.300048828125,2440.0,2352.10009765625,2368.0,8228267,TCS_NS
2020-09-28,2091.45751953125,2426.300048828125,2444.0,2366.0,2440.0,4347166,TCS_NS
2020-09-29,2144.987060546875,2488.39990234375,2511.050048828125,2426.300048828125,2434.85009765625,6995811,TCS_NS
2020-09-30,2148.3486328125,2492.300048828125,2505.0,2460.0,2489.0,3917166,TCS_NS
2020-10-01,2175.199462890625,2523.449951171875,2540.0,2492.300048828125,2510.0,2610337,TCS_NS
2020-10-05,2332.384765625,2705.800048828125,2728.10009765625,2603.050048828125,2620.0,17412105,TCS_NS
2020-10-06,2339.7109375,2714.300048828125,2736.0,2650.10009765625,2736.0,9846367,TCS_NS
2020-10-07,2358.37353515625,2735.949951171875,2770.0,2703.0,2742.0,9656101,TCS_NS
2020-10-08,2435.737548828125,2825.699951171875,2885.0,2800.0,2800.0,19839329,TCS_NS
2020-10-09,2424.747314453125,2812.949951171875,2829.85009765625,2780.0,2810.0,7739245,TCS_NS
2020-10-12,2439.4443359375,2830.0,2854.0,2800.75,2815.5,4623203,TCS_NS
2020-10-13,2436.47021484375,2826.550048828125,2854.89990234375,2812.199951171875,2845.0,4209878,TCS_NS
2020-10-14,2432.185302734375,2809.60009765625,2842.0,2787.550048828125,2842.0,4395936,TCS_NS
2020-10-15,2372.4541015625,2740.60009765625,2827.75,2727.0,2811.0,6629355,TCS_NS
2020-10-16,2392.104736328125,2763.300048828125,2771.64990234375,2731.300048828125,2750.10009765625,5273773,TCS_NS
2020-10-19,2347.306640625,2711.550048828125,2774.0,2706.60009765625,2774.0,3331194,TCS_NS
2020-10-20,2371.0693359375,2739.0,2759.89990234375,2717.949951171875,2725.0,3406273,TCS_NS
2020-10-21,2316.011962890625,2675.39990234375,2749.0,2663.050048828125,2739.0,4570143,TCS_NS
2020-10-22,2312.333740234375,2671.14990234375,2686.64990234375,2638.10009765625,2661.0,5262294,TCS_NS
2020-10-23,2325.880859375,2686.800048828125,2702.0,2670.10009765625,2687.800048828125,3499091,TCS_NS
2020-10-26,2327.0927734375,2688.199951171875,2709.949951171875,2670.5,2689.949951171875,2672752,TCS_NS
2020-10-27,2276.8408203125,2630.14990234375,2718.14990234375,2624.10009765625,2699.75,3537502,TCS_NS
2020-10-28,2269.958740234375,2622.199951171875,2655.949951171875,2606.0,2650.0,3569445,TCS_NS
2020-10-29,2279.0048828125,2632.64990234375,2655.0,2600.25,2608.0,3105968,TCS_NS
2020-10-30,2306.87939453125,2664.85009765625,2674.35009765625,2621.60009765625,2636.10009765625,3427003,TCS_NS
2020-11-02,2254.72314453125,2604.60009765625,2664.85009765625,2600.050048828125,2660.0,2571196,TCS_NS
2020-11-03,2279.8271484375,2633.60009765625,2665.0,2601.050048828125,2604.0,2879269,TCS_NS
2020-11-04,2296.7509765625,2653.14990234375,2721.85009765625,2610.0,2610.0,4893928,TCS_NS
2020-11-05,2324.92919921875,2685.699951171875,2710.0,2667.0,2685.0,2816502,TCS_NS
2020-11-06,2343.75732421875,2707.449951171875,2713.25,2681.300048828125,2699.0,3884421,TCS_NS
2020-11-09,2360.334228515625,2726.60009765625,2744.0,2695.10009765625,2731.10009765625,3646592,TCS_NS
2020-11-10,2293.678466796875,2649.60009765625,2713.14990234375,2638.35009765625,2697.199951171875,4760020,TCS_NS
2020-11-11,2326.746826171875,2687.800048828125,2692.800048828125,2643.39990234375,2667.949951171875,3242441,TCS_NS
2020-11-12,2312.24658203125,2671.050048828125,2713.0,2661.75,2686.0,2437505,TCS_NS
2020-11-13,2299.95458984375,2656.85009765625,2664.89990234375,2636.0,2655.75,2548093,TCS_NS
2020-11-14,2311.640625,2670.35009765625,2689.0,2660.050048828125,2677.949951171875,298819,TCS_NS
2020-11-17,2307.9189453125,2666.050048828125,2695.0,2650.050048828125,2695.0,2827273,TCS_NS
2020-11-18,2273.81103515625,2626.64990234375,2664.199951171875,2607.050048828125,2661.0,2893762,TCS_NS
2020-11-19,2282.683837890625,2636.89990234375,2676.14990234375,2630.85009765625,2637.0,4167501,TCS_NS
2020-11-20,2302.897705078125,2660.25,2676.0,2627.550048828125,2655.0,2711471,TCS_NS
2020-11-23,2358.300048828125,2724.25,2730.0,2665.0,2690.0,3706418,TCS_NS
2020-11-24,2356.396728515625,2722.050048828125,2743.0,2705.0,2734.39990234375,3120516,TCS_NS
2020-11-25,2338.433349609375,2701.300048828125,2732.949951171875,2688.199951171875,2729.0,3302249,TCS_NS
2020-11-26,2355.14111328125,2720.60009765625,2730.949951171875,2680.0,2686.0,2341099,TCS_NS
2020-11-27,2319.691162109375,2679.64990234375,2717.699951171875,2669.050048828125,2705.0,6086808,TCS_NS
2020-12-01,2360.507568359375,2726.800048828125,2735.89990234375,2624.449951171875,2679.0,3605017,TCS_NS
2020-12-02,2380.2021484375,2749.550048828125,2754.699951171875,2702.449951171875,2719.0,2509032,TCS_NS
2020-12-03,2345.48876953125,2709.449951171875,2773.89990234375,2700.800048828125,2773.89990234375,2852548,TCS_NS
2020-12-04,2361.156982421875,2727.550048828125,2738.85009765625,2699.0,2710.800048828125,2686527,TCS_NS
2020-12-07,2369.943603515625,2737.699951171875,2744.0,2706.14990234375,2715.0,1996400,TCS_NS
2020-12-08,2421.537841796875,2797.300048828125,2805.550048828125,2732.449951171875,2740.0,4277818,TCS_NS
2020-12-09,2433.224853515625,2810.800048828125,2840.0,2793.14990234375,2815.0,3659996,TCS_NS
2020-12-10,2410.28369140625,2784.300048828125,2827.300048828125,2780.25,2818.0,2127801,TCS_NS
2020-12-11,2409.677734375,2783.60009765625,2807.699951171875,2764.550048828125,2792.699951171875,1795408,TCS_NS
2020-12-14,2421.88427734375,2797.699951171875,2804.0,2756.25,2802.0,2483658,TCS_NS
2020-12-15,2390.58984375,2761.550048828125,2794.699951171875,2755.0,2786.0,2365509,TCS_NS
2020-12-16,2436.16748046875,2814.199951171875,2819.800048828125,2760.449951171875,2779.0,2565149,TCS_NS
2020-12-17,2456.943603515625,2838.199951171875,2853.699951171875,2805.0,2811.0,2863460,TCS_NS
2020-12-18,2476.681640625,2861.0,2898.0,2846.199951171875,2868.0,6076692,TCS_NS
2020-12-21,2441.31884765625,2820.14990234375,2886.5,2785.0,2861.0,2705195,TCS_NS
2020-12-22,2486.6357421875,2872.5,2883.64990234375,2818.64990234375,2834.0,2881737,TCS_NS
2020-12-23,2518.016845703125,2908.75,2919.0,2865.449951171875,2876.050048828125,2790988,TCS_NS
2020-12-24,2518.535888671875,2909.35009765625,2921.35009765625,2883.199951171875,2909.0,1807144,TCS_NS
2020-12-28,2535.892578125,2929.39990234375,2949.699951171875,2902.0,2910.0,2108994,TCS_NS
2020-12-29,2536.843994140625,2930.5,2952.0,2920.0,2920.0,1994151,TCS_NS
2020-12-30,2518.4931640625,2909.300048828125,2947.699951171875,2902.0,2934.39990234375,2637968,TCS_NS
2020-12-31,2478.195556640625,2862.75,2905.0,2845.0,2900.0,4040956,TCS_NS
2021-01-01,2534.897216796875,2928.25,2940.0,2879.0,2880.0,2681440,TCS_NS
2021-01-04,2631.159423828125,3039.449951171875,3050.75,2940.949951171875,2950.0,5113293,TCS_NS
2021-01-05,2677.516357421875,3093.0,3114.25,3039.60009765625,3039.60009765625,5801309,TCS_NS
2021-01-06,2641.591064453125,3051.5,3113.5,3037.199951171875,3100.0,3726716,TCS_NS
2021-01-07,2625.40234375,3032.800048828125,3080.85009765625,3000.25,3075.0,3717827,TCS_NS
2021-01-08,2701.668701171875,3120.89990234375,3128.0,3060.0,3090.0,5879039,TCS_NS
2021-01-11,2749.756591796875,3176.449951171875,3230.0,3146.550048828125,3230.0,9508039,TCS_NS
2021-01-12,2748.37109375,3174.85009765625,3210.0,3150.0,3176.449951171875,3611458,TCS_NS
2021-01-13,2734.606201171875,3158.949951171875,3177.0,3126.25,3175.0,3572801,TCS_NS
2021-01-14,2819.38720703125,3250.699951171875,3266.5,3120.39990234375,3155.0,6931542,TCS_NS
2021-01-15,2804.339111328125,3233.35009765625,3274.0,3210.0,3235.0,4131692,TCS_NS
2021-01-18,2794.2783203125,3221.75,3256.75,3187.39990234375,3250.0,4160906,TCS_NS
2021-01-19,2828.059814453125,3260.699951171875,3279.0,3232.0,3233.0,2975735,TCS_NS
2021-01-20,2869.779296875,3308.800048828125,3327.949951171875,3267.10009765625,3270.0,3453446,TCS_NS
2021-01-21,2839.466064453125,3273.85009765625,3309.14990234375,3262.10009765625,3305.0,2778546,TCS_NS
2021-01-22,2864.834716796875,3303.10009765625,3325.0,3241.89990234375,3241.89990234375,3052459,TCS_NS
2021-01-25,2854.600341796875,3291.300048828125,3339.800048828125,3278.64990234375,3308.949951171875,2272887,TCS_NS
2021-01-27,2828.364501953125,3261.050048828125,3306.449951171875,3227.0,3300.0,2786662,TCS_NS
2021-01-28,2772.421875,3196.550048828125,3275.0,3183.800048828125,3230.0,3083938,TCS_NS
2021-01-29,2698.52734375,3111.35009765625,3216.85009765625,3100.0,3210.050048828125,5445659,TCS_NS
2021-02-01,2722.811767578125,3139.35009765625,3165.0,3044.10009765625,3100.0,3985846,TCS_NS
2021-02-02,2778.406982421875,3203.449951171875,3224.0,3150.0,3174.0,2881837,TCS_NS
2021-02-03,2775.45751953125,3200.050048828125,3236.0,3162.64990234375,3213.0,2505866,TCS_NS
2021-02-04,2765.396728515625,3188.449951171875,3237.85009765625,3176.0,3216.050048828125,2057261,TCS_NS
2021-02-05,2738.94384765625,3157.949951171875,3205.85009765625,3129.0,3198.949951171875,2366135,TCS_NS
2021-02-08,2787.6435546875,3214.10009765625,3226.0,3155.14990234375,3189.5,2526592,TCS_NS
2021-02-09,2755.379638671875,3176.89990234375,3245.800048828125,3164.0,3195.0,2658751,TCS_NS
2021-02-10,2786.949462890625,3213.300048828125,3219.39990234375,3157.300048828125,3185.0,2127983,TCS_NS
2021-02-11,2780.617919921875,3206.0,3219.300048828125,3185.050048828125,3215.0,1165882,TCS_NS
2021-02-12,2767.43505859375,3190.800048828125,3245.5,3182.0,3184.199951171875,2777404,TCS_NS
2021-02-15,2723.245361328125,3139.85009765625,3209.0,3131.550048828125,3209.0,2630853,TCS_NS
2021-02-16,2696.3154296875,3108.800048828125,3167.64990234375,3100.0,3150.0,3435770,TCS_NS
2021-02-17,2665.352294921875,3073.10009765625,3132.85009765625,3045.550048828125,3105.10009765625,3678426,TCS_NS
2021-02-18,2651.691162109375,3057.35009765625,3097.89990234375,3031.0,3065.0,4189909,TCS_NS
2021-02-19,2664.267578125,3071.85009765625,3087.14990234375,3016.14990234375,3058.0,3725028,TCS_NS
2021-02-22,2565.91357421875,2958.449951171875,3096.0,2943.14990234375,3096.0,5366696,TCS_NS
2021-02-23,2584.778076171875,2980.199951171875,3028.0,2968.0,2970.0,3832829,TCS_NS
2021-02-24,2556.937255859375,2948.10009765625,3003.35009765625,2921.14990234375,2972.0,3774549,TCS_NS
2021-02-25,2597.874267578125,2995.300048828125,3029.89990234375,2968.449951171875,2974.0,4224073,TCS_NS
2021-02-26,2510.275634765625,2894.300048828125,2972.35009765625,2880.0,2960.0,5553153,TCS_NS
2021-03-01,2536.20849609375,2924.199951171875,2965.0,2901.800048828125,2926.0,3265871,TCS_NS
2021-03-02,2607.45849609375,3006.35009765625,3025.0,2948.0,2960.0,3306469,TCS_NS
2021-03-03,2653.209716796875,3059.10009765625,3064.0,2996.89990234375,3035.0,3509857,TCS_NS
2021-03-04,2645.056884765625,3049.699951171875,3081.449951171875,3016.050048828125,3023.0,3916760,TCS_NS
2021-03-05,2608.9326171875,3008.050048828125,3063.199951171875,2996.60009765625,3016.10009765625,3203686,TCS_NS
2021-03-08,2607.979248046875,3006.949951171875,3033.0,2996.0,3016.0,2003125,TCS_NS
2021-03-09,2646.14013671875,3050.949951171875,3066.89990234375,2992.10009765625,3006.949951171875,1942397,TCS_NS
2021-03-10,2663.487060546875,3070.949951171875,3093.199951171875,3060.0,3075.0,3053778,TCS_NS
2021-03-12,2652.212158203125,3057.949951171875,3117.0,3041.35009765625,3075.0,2938317,TCS_NS
2021-03-15,2659.32373046875,3066.14990234375,3099.0,3041.0,3041.0,3097083,TCS_NS
2021-03-16,2697.3994140625,3110.050048828125,3141.0,3060.0,3060.0,4894756,TCS_NS
2021-03-17,2699.9140625,3112.949951171875,3155.0,3085.300048828125,3105.0,3838390,TCS_NS
2021-03-18,2633.60791015625,3036.5,3146.449951171875,2987.050048828125,3125.949951171875,3656306,TCS_NS
2021-03-19,2645.490234375,3050.199951171875,3099.0,3005.0,3030.0,5776626,TCS_NS
2021-03-22,2714.398681640625,3129.64990234375,3139.449951171875,3018.64990234375,3048.699951171875,2821646,TCS_NS
2021-03-23,2725.630615234375,3142.60009765625,3169.0,3122.85009765625,3140.0,3305973,TCS_NS
2021-03-24,2706.983154296875,3121.10009765625,3152.300048828125,3111.14990234375,3111.199951171875,2207104,TCS_NS
2021-03-25,2658.1962890625,3064.85009765625,3130.85009765625,3050.0,3112.199951171875,3179786,TCS_NS
2021-03-26,2659.8876953125,3066.800048828125,3118.0,3043.050048828125,3090.64990234375,3697370,TCS_NS
2021-03-30,2739.46435546875,3158.550048828125,3188.449951171875,3060.89990234375,3083.0,4694008,TCS_NS
2021-03-31,2756.203369140625,3177.85009765625,3205.0,3132.0,3155.0,3530069,TCS_NS
2021-04-01,2745.0576171875,3165.0,3215.0,3145.0,3191.10009765625,4285076,TCS_NS
2021-04-05,2809.15283203125,3238.89990234375,3263.0,3151.0,3171.0,5317862,TCS_NS
2021-04-06,2831.52978515625,3264.699951171875,3275.0,3230.0,3275.0,2291562,TCS_NS
2021-04-07,2837.340087890625,3271.39990234375,3277.550048828125,3234.800048828125,3259.0,2491268,TCS_NS
2021-04-08,2877.19384765625,3317.35009765625,3335.0,3266.050048828125,3270.0,2578118,TCS_NS
2021-04-09,2881.443603515625,3322.25,3354.35009765625,3308.0,3354.0,2911129,TCS_NS
2021-04-12,2815.787841796875,3246.550048828125,3338.10009765625,3213.199951171875,3322.25,3791828,TCS_NS
2021-04-13,2692.195556640625,3104.050048828125,3214.0,3073.050048828125,3214.0,8654596,TCS_NS
2021-04-15,2791.850341796875,3218.949951171875,3237.25,3087.449951171875,3160.300048828125,6062760,TCS_NS
2021-04-16,2771.207763671875,3195.14990234375,3247.0,3182.60009765625,3229.0,3224657,TCS_NS
2021-04-19,2742.282958984375,3161.800048828125,3189.0,3135.10009765625,3169.0,2679106,TCS_NS
2021-04-20,2727.3212890625,3144.550048828125,3225.35009765625,3126.35009765625,3225.0,3141893,TCS_NS
2021-04-22,2704.98876953125,3118.800048828125,3148.0,3105.25,3148.0,1988980,TCS_NS
2021-04-23,2696.92236328125,3109.5,3119.0,3091.050048828125,3105.0,1615309,TCS_NS
2021-04-26,2689.3759765625,3100.800048828125,3153.0,3088.050048828125,3102.050048828125,2490260,TCS_NS
2021-04-27,2716.43701171875,3132.0,3136.10009765625,3103.0,3106.0,1471417,TCS_NS
2021-04-28,2709.5849609375,3124.10009765625,3151.0,3112.0,3149.949951171875,1639037,TCS_NS
2021-04-29,2701.90966796875,3115.25,3157.35009765625,3105.5,3145.60009765625,1621395,TCS_NS
2021-04-30,2632.87060546875,3035.64990234375,3132.050048828125,3020.0,3099.0,3072305,TCS_NS
2021-05-03,2634.041259765625,3037.0,3055.0,3004.0,3024.89990234375,1545831,TCS_NS
2021-05-04,2645.099609375,3049.75,3090.0,3035.0,3062.800048828125,1990777,TCS_NS
2021-05-05,2684.953369140625,3095.699951171875,3099.39990234375,3052.39990234375,3070.0,1939289,TCS_NS
2021-05-06,2698.61328125,3111.449951171875,3134.0,3074.0,3105.5,1791671,TCS_NS
2021-05-07,2717.21728515625,3132.89990234375,3159.85009765625,3111.800048828125,3133.0,1912540,TCS_NS
2021-05-10,2728.1455078125,3145.5,3164.199951171875,3125.0,3145.949951171875,2137153,TCS_NS
2021-05-11,2708.2841796875,3122.60009765625,3128.10009765625,3091.14990234375,3125.0,2415625,TCS_NS
2021-05-12,2677.927978515625,3087.60009765625,3120.0,3070.60009765625,3120.0,1978558,TCS_NS
2021-05-14,2646.61767578125,3051.5,3098.5,3040.0,3098.5,2043935,TCS_NS
2021-05-17,2662.4462890625,3069.75,3075.199951171875,3036.0,3055.0,2890462,TCS_NS
2021-05-18,2678.968505859375,3088.800048828125,3124.0,3078.0,3100.0,2098538,TCS_NS
2021-05-19,2673.071044921875,3082.0,3118.0,3067.10009765625,3084.0,1986041,TCS_NS
2021-05-20,2653.98974609375,3060.0,3088.800048828125,3052.10009765625,3067.10009765625,2329027,TCS_NS
2021-05-21,2671.77001953125,3080.5,3088.199951171875,3055.10009765625,3061.0,1685566,TCS_NS
2021-05-24,2672.63671875,3081.5,3105.0,3072.0,3081.5,1652260,TCS_NS
2021-05-25,2714.0361328125,3114.0,3128.25,3082.10009765625,3092.0,1841613,TCS_NS
2021-05-26,2752.82080078125,3158.5,3165.0,3103.800048828125,3120.0,1923753,TCS_NS
2021-05-27,2771.558837890625,3180.0,3217.75,3161.800048828125,3161.949951171875,5959785,TCS_NS
2021-05-28,2739.83447265625,3143.60009765625,3198.0,3135.64990234375,3189.5,1763701,TCS_NS
2021-05-31,2753.387451171875,3159.14990234375,3170.35009765625,3128.60009765625,3150.0,1652799,TCS_NS
2021-06-01,2748.02685546875,3153.0,3169.949951171875,3132.0,3168.60009765625,1377441,TCS_NS
2021-06-02,2727.501953125,3129.449951171875,3159.449951171875,3115.0,3150.85009765625,2240078,TCS_NS
2021-06-03,2737.7861328125,3141.25,3154.550048828125,3122.64990234375,3154.550048828125,1281706,TCS_NS
2021-06-04,2739.96533203125,3143.75,3156.85009765625,3125.0,3128.0,1836060,TCS_NS
2021-06-07,2774.3486328125,3183.199951171875,3190.449951171875,3133.60009765625,3145.0,2559821,TCS_NS
2021-06-08,2789.120361328125,3200.14990234375,3231.0,3187.199951171875,3198.0,2574057,TCS_NS
2021-06-09,2789.208251953125,3200.25,3220.0,3186.199951171875,3202.0,1710925,TCS_NS
2021-06-10,2803.632568359375,3216.800048828125,3224.0,3193.0,3210.0,1874324,TCS_NS
2021-06-11,2853.3115234375,3273.800048828125,3309.0,3211.0,3211.550048828125,3452954,TCS_NS
2021-06-14,2855.534423828125,3276.35009765625,3308.699951171875,3270.35009765625,3279.0,1847360,TCS_NS
2021-06-15,2843.680908203125,3262.75,3298.0,3251.550048828125,3298.0,1304985,TCS_NS
2021-06-16,2853.79052734375,3274.35009765625,3294.699951171875,3253.0,3262.10009765625,1635552,TCS_NS
2021-06-17,2891.616455078125,3317.75,3336.050048828125,3260.0,3265.5,2273413,TCS_NS
2021-06-18,2873.79248046875,3297.300048828125,3358.0,3275.0,3350.89990234375,3380431,TCS_NS
2021-06-21,2852.700927734375,3273.10009765625,3286.0,3251.699951171875,3265.0,1130569,TCS_NS
2021-06-22,2877.19189453125,3301.199951171875,3327.050048828125,3285.0,3304.0,1708688,TCS_NS
2021-06-23,2842.504150390625,3261.39990234375,3329.0,3256.39990234375,3329.0,1467104,TCS_NS
2021-06-24,2940.29345703125,3373.60009765625,3383.0,3278.5,3284.0,4155204,TCS_NS
2021-06-25,2946.568115234375,3380.800048828125,3399.64990234375,3350.0,3375.25,2722861,TCS_NS
2021-06-28,2908.176025390625,3336.75,3391.5,3333.0,3391.5,1355238,TCS_NS
2021-06-29,2911.749755859375,3340.85009765625,3366.300048828125,3326.5,3342.0,1497322,TCS_NS
2021-06-30,2916.019775390625,3345.75,3382.0,3338.5,3346.0,1693146,TCS_NS
2021-07-01,2912.31591796875,3341.5,3362.0,3332.35009765625,3358.0,990310,TCS_NS
2021-07-02,2898.327392578125,3325.449951171875,3339.699951171875,3295.199951171875,3331.0,1682274,TCS_NS
2021-07-05,2894.44873046875,3321.0,3374.0,3302.0,3342.0,1972858,TCS_NS
2021-07-06,2843.28857421875,3262.300048828125,3328.0,3256.10009765625,3313.0,2159420,TCS_NS
2021-07-07,2854.313720703125,3274.949951171875,3282.699951171875,3241.60009765625,3275.0,2640710,TCS_NS
2021-07-08,2839.9765625,3258.5,3298.0,3231.89990234375,3298.0,2485811,TCS_NS
2021-07-09,2796.09375,3208.14990234375,3282.0,3201.0,3250.0,6365067,TCS_NS
2021-07-12,2782.9765625,3193.10009765625,3236.0,3188.35009765625,3235.0,1892226,TCS_NS
2021-07-13,2778.13916015625,3187.550048828125,3214.0,3175.0,3214.0,1809339,TCS_NS
2021-07-14,2801.671142578125,3214.550048828125,3222.0,3185.0,3187.0,2044279,TCS_NS
2021-07-15,2797.6533203125,3202.949951171875,3231.85009765625,3194.0,3227.60009765625,2232968,TCS_NS
2021-07-16,2790.53466796875,3194.800048828125,3219.85009765625,3192.0,3213.0,1256526,TCS_NS
2021-07-19,2781.62548828125,3184.60009765625,3199.800048828125,3176.0,3180.0,1597058,TCS_NS
2021-07-20,2800.142822265625,3205.800048828125,3215.0,3156.14990234375,3184.60009765625,1811945,TCS_NS
2021-07-22,2809.35791015625,3216.35009765625,3224.949951171875,3190.0,3190.0,2859334,TCS_NS
2021-07-23,2806.30078125,3212.85009765625,3241.550048828125,3206.64990234375,3230.0,1776193,TCS_NS
2021-07-26,2792.93701171875,3197.550048828125,3224.25,3190.85009765625,3200.0,1259611,TCS_NS
2021-07-27,2780.1845703125,3182.949951171875,3210.0,3161.14990234375,3200.0,1121367,TCS_NS
2021-07-28,2793.1552734375,3197.800048828125,3204.449951171875,3132.39990234375,3188.0,1660654,TCS_NS
2021-07-29,2791.408447265625,3195.800048828125,3225.449951171875,3190.300048828125,3200.25,1731997,TCS_NS
2021-07-30,2766.6455078125,3167.449951171875,3223.5,3162.35009765625,3219.0,2999943,TCS_NS
2021-08-02,2812.02197265625,3219.39990234375,3224.89990234375,3167.0,3180.0,2608669,TCS_NS
2021-08-03,2869.233154296875,3284.89990234375,3290.0,3218.949951171875,3229.0,3804735,TCS_NS
2021-08-04,2859.669677734375,3273.949951171875,3305.199951171875,3261.199951171875,3300.0,2929598,TCS_NS
2021-08-05,2868.403564453125,3283.949951171875,3315.0,3262.5,3275.0,2534521,TCS_NS
2021-08-06,2890.98291015625,3309.800048828125,3324.0,3265.0,3272.550048828125,2292362,TCS_NS
2021-08-09,2902.250732421875,3322.699951171875,3337.0,3310.0,3323.89990234375,1510489,TCS_NS
2021-08-10,2912.032958984375,3333.89990234375,3349.89990234375,3315.60009765625,3315.60009765625,2040777,TCS_NS
2021-08-11,2921.029541015625,3344.199951171875,3360.0,3327.10009765625,3350.0,1929707,TCS_NS
2021-08-12,2927.6240234375,3351.75,3368.0,3326.0,3326.0,1310205,TCS_NS
2021-08-13,3025.146728515625,3463.39990234375,3480.0,3357.5,3360.75,4363584,TCS_NS
2021-08-16,3033.488037109375,3472.949951171875,3494.35009765625,3436.5,3460.0,2083489,TCS_NS
2021-08-17,3103.4521484375,3553.050048828125,3560.800048828125,3463.0,3482.10009765625,4336019,TCS_NS
2021-08-18,3110.003662109375,3560.550048828125,3595.0,3536.60009765625,3573.85009765625,2631309,TCS_NS
2021-08-20,3109.086181640625,3559.5,3575.0,3500.0,3506.0,2836148,TCS_NS
2021-08-23,3177.12890625,3637.39990234375,3673.0,3561.89990234375,3580.0,3744176,TCS_NS
2021-08-24,3155.9912109375,3613.199951171875,3667.35009765625,3594.39990234375,3657.0,2511141,TCS_NS
2021-08-25,3195.995361328125,3659.0,3697.75,3607.050048828125,3610.0,2123263,TCS_NS
2021-08-26,3207.2197265625,3671.85009765625,3687.60009765625,3647.89990234375,3660.0,1902533,TCS_NS
2021-08-27,3249.407470703125,3720.14990234375,3729.5,3651.10009765625,3666.0,3944728,TCS_NS
2021-08-30,3232.943115234375,3701.300048828125,3740.35009765625,3687.60009765625,3715.0,2033114,TCS_NS
2021-08-31,3307.318115234375,3786.449951171875,3804.10009765625,3703.449951171875,3709.39990234375,3207480,TCS_NS
2021-09-01,3244.865966796875,3714.949951171875,3816.699951171875,3707.0,3796.0,2643336,TCS_NS
2021-09-02,3351.25341796875,3836.75,3859.14990234375,3722.0,3734.0,3403717,TCS_NS
2021-09-03,3355.8828125,3842.050048828125,3856.89990234375,3804.550048828125,3825.0,1746812,TCS_NS
2021-09-06,3364.573486328125,3852.0,3877.60009765625,3814.0,3849.699951171875,1723693,TCS_NS
2021-09-07,3333.04150390625,3815.89990234375,3869.949951171875,3808.25,3864.0,1585039,TCS_NS
2021-09-08,3296.57470703125,3774.14990234375,3815.0,3756.0,3810.0,4147175,TCS_NS
2021-09-09,3311.6416015625,3791.39990234375,3808.699951171875,3765.0,3789.699951171875,1441148,TCS_NS
2021-09-13,3358.76513671875,3845.35009765625,3852.39990234375,3767.0,3767.0,1691473,TCS_NS
2021-09-14,3394.184326171875,3885.89990234375,3896.5,3825.0,3849.949951171875,1991188,TCS_NS
2021-09-15,3454.147216796875,3954.550048828125,3980.0,3866.0,3882.10009765625,2461369,TCS_NS
2021-09-16,3409.382568359375,3903.300048828125,3981.75,3892.10009765625,3930.0,2946666,TCS_NS
2021-09-17,3343.479736328125,3827.85009765625,3945.0,3805.0,3920.0,6477148,TCS_NS
2021-09-20,3339.680419921875,3823.5,3871.0,3807.85009765625,3809.0,2002008,TCS_NS
2021-09-21,3374.138427734375,3862.949951171875,3871.550048828125,3821.64990234375,3858.0,1568129,TCS_NS
2021-09-22,3373.439453125,3862.14990234375,3896.85009765625,3852.449951171875,3862.5,1744067,TCS_NS
2021-09-23,3379.640869140625,3869.25,3879.0,3835.0,3870.0,2003869,TCS_NS
2021-09-24,3381.43212890625,3871.300048828125,3944.39990234375,3855.0,3890.0,2320754,TCS_NS
2021-09-27,3351.4287109375,3836.949951171875,3904.0,3802.89990234375,3900.0,1673362,TCS_NS
2021-09-28,3300.942138671875,3779.14990234375,3850.0,3751.25,3850.0,2253075,TCS_NS
2021-09-29,3312.078125,3791.89990234375,3806.0,3722.14990234375,3759.800048828125,2489161,TCS_NS
2021-09-30,3297.7978515625,3775.550048828125,3805.0,3750.10009765625,3805.0,2252412,TCS_NS
2021-10-01,3258.18603515625,3730.199951171875,3810.0,3725.0,3781.75,1578374,TCS_NS
2021-10-04,3295.83251953125,3773.300048828125,3783.64990234375,3707.449951171875,3724.800048828125,1356860,TCS_NS
2021-10-05,3348.239990234375,3833.300048828125,3840.0,3741.60009765625,3754.0,1877966,TCS_NS
2021-10-06,3328.67431640625,3810.89990234375,3857.449951171875,3795.0,3836.0,1678154,TCS_NS
2021-10-07,3400.298583984375,3892.89990234375,3899.0,3820.050048828125,3830.0,1647233,TCS_NS
2021-10-08,3437.638671875,3935.64990234375,3989.89990234375,3900.0,3925.0,2934339,TCS_NS
2021-10-11,3219.229736328125,3685.60009765625,3757.5,3660.0,3755.0,11845402,TCS_NS
2021-10-12,3190.6240234375,3652.85009765625,3707.0,3630.60009765625,3706.0,5752877,TCS_NS
2021-10-13,3192.677001953125,3655.199951171875,3675.449951171875,3645.0,3650.0,3545655,TCS_NS
2021-10-14,3160.51513671875,3611.449951171875,3670.0,3608.199951171875,3625.0,6442299,TCS_NS
2021-10-18,3191.75732421875,3647.14990234375,3652.699951171875,3601.449951171875,3603.449951171875,3590107,TCS_NS
2021-10-19,3180.38037109375,3634.14990234375,3690.10009765625,3625.199951171875,3669.0,3135441,TCS_NS
2021-10-20,3158.239990234375,3608.85009765625,3630.0,3578.300048828125,3612.0,2933693,TCS_NS
2021-10-21,3091.42333984375,3532.5,3607.449951171875,3511.25,3604.10009765625,4871211,TCS_NS
2021-10-22,3061.974853515625,3498.85009765625,3561.60009765625,3485.0,3560.0,2691670,TCS_NS
2021-10-25,3056.811767578125,3492.949951171875,3514.550048828125,3450.0,3503.0,2595594,TCS_NS
2021-10-26,3047.75390625,3482.60009765625,3529.0,3475.0,3494.5,3878763,TCS_NS
2021-10-27,3054.01123046875,3489.75,3511.25,3483.0,3483.0,2510813,TCS_NS
2021-10-28,2994.414306640625,3421.64990234375,3518.0,3415.0,3518.0,2424942,TCS_NS
2021-10-29,2973.49853515625,3397.75,3461.0,3385.949951171875,3400.050048828125,3960501,TCS_NS
2021-11-01,3042.328125,3476.39990234375,3487.0,3412.949951171875,3437.949951171875,2020718,TCS_NS
2021-11-02,3049.154052734375,3484.199951171875,3513.60009765625,3469.75,3494.0,3087414,TCS_NS
2021-11-03,3056.198974609375,3492.25,3519.89990234375,3466.050048828125,3504.199951171875,1537639,TCS_NS
2021-11-04,3070.55126953125,3508.64990234375,3513.25,3505.0,3512.949951171875,328991,TCS_NS
2021-11-08,3065.387451171875,3502.75,3548.0,3481.199951171875,3548.0,2526082,TCS_NS
2021-11-09,3067.968994140625,3505.699951171875,3535.0,3496.0,3508.0,1782692,TCS_NS
2021-11-10,3049.241455078125,3484.300048828125,3519.699951171875,3480.199951171875,3498.0,1516489,TCS_NS
2021-11-11,3052.654541015625,3488.199951171875,3510.050048828125,3436.0,3480.0,1284514,TCS_NS
2021-11-12,3085.77880859375,3526.050048828125,3534.14990234375,3485.699951171875,3506.0,1747259,TCS_NS
2021-11-15,3109.62646484375,3553.300048828125,3569.60009765625,3528.0,3528.0,1809157,TCS_NS
2021-11-16,3112.33935546875,3556.39990234375,3575.550048828125,3542.0,3569.0,2013204,TCS_NS
2021-11-17,3082.146484375,3521.89990234375,3562.85009765625,3506.39990234375,3550.60009765625,1632914,TCS_NS
2021-11-18,3041.715087890625,3475.699951171875,3520.85009765625,3451.60009765625,3515.14990234375,2136598,TCS_NS
2021-11-22,3026.575439453125,3458.39990234375,3515.949951171875,3440.300048828125,3478.39990234375,3167936,TCS_NS
2021-11-23,3031.69482421875,3464.25,3480.949951171875,3407.800048828125,3445.0,2153461,TCS_NS
2021-11-24,3013.361083984375,3443.300048828125,3493.050048828125,3424.0,3472.199951171875,2161746,TCS_NS
2021-11-25,3015.636474609375,3445.89990234375,3463.0,3434.050048828125,3443.89990234375,1849619,TCS_NS
2021-11-26,3016.468017578125,3446.85009765625,3490.0,3411.89990234375,3425.0,1941251,TCS_NS
2021-11-29,3064.730712890625,3502.0,3529.35009765625,3406.449951171875,3447.14990234375,2981745,TCS_NS
2021-11-30,3088.490966796875,3529.14990234375,3563.75,3491.0,3491.0,5588446,TCS_NS
2021-12-01,3131.067138671875,3577.800048828125,3590.0,3535.0,3535.0,2102118,TCS_NS
2021-12-02,3188.038330078125,3642.89990234375,3648.0,3574.10009765625,3589.199951171875,3152938,TCS_NS
2021-12-03,3185.894287109375,3640.449951171875,3665.949951171875,3630.85009765625,3646.449951171875,2486263,TCS_NS
2021-12-06,3094.836181640625,3536.39990234375,3658.0,3522.0,3640.449951171875,1849642,TCS_NS
2021-12-07,3136.93017578125,3584.5,3598.0,3524.300048828125,3562.5,1484458,TCS_NS
2021-12-08,3174.036376953125,3626.89990234375,3646.449951171875,3601.0,3601.0,1428660,TCS_NS
2021-12-09,3152.026611328125,3601.75,3634.75,3566.0,3610.0,1567957,TCS_NS
2021-12-10,3182.700439453125,3636.800048828125,3642.0,3575.10009765625,3585.0,1510718,TCS_NS
2021-12-13,3158.93994140625,3609.64990234375,3662.0,3601.699951171875,3650.0,1883864,TCS_NS
2021-12-14,3171.3232421875,3623.800048828125,3635.0,3576.699951171875,3605.0,1747007,TCS_NS
2021-12-15,3124.546630859375,3570.35009765625,3623.0,3558.14990234375,3620.0,1603233,TCS_NS
2021-12-16,3134.392578125,3581.60009765625,3608.449951171875,3570.0,3582.0,2072320,TCS_NS
2021-12-17,3136.799560546875,3584.35009765625,3651.35009765625,3573.699951171875,3602.5,4333992,TCS_NS
2021-12-20,3112.776123046875,3556.89990234375,3606.0,3510.14990234375,3589.0,2312310,TCS_NS
2021-12-21,3157.75830078125,3608.300048828125,3641.199951171875,3566.39990234375,3582.64990234375,2340989,TCS_NS
2021-12-22,3177.40576171875,3630.75,3636.800048828125,3606.25,3624.0,1224328,TCS_NS
2021-12-23,3205.365478515625,3662.699951171875,3670.5,3630.0,3648.0,1792861,TCS_NS
2021-12-24,3212.541748046875,3670.89990234375,3705.0,3644.800048828125,3685.0,2209923,TCS_NS
2021-12-27,3234.595458984375,3696.10009765625,3700.0,3653.10009765625,3671.0,1534135,TCS_NS
2021-12-28,3243.741455078125,3706.550048828125,3725.0,3693.85009765625,3710.0,1456218,TCS_NS
2021-12-29,3233.3701171875,3694.699951171875,3719.949951171875,3685.0,3692.25,1456923,TCS_NS
2021-12-30,3267.544677734375,3733.75,3740.0,3680.0,3681.35009765625,1966475,TCS_NS
2021-12-31,3271.570068359375,3738.35009765625,3760.0,3731.300048828125,3742.800048828125,1207141,TCS_NS
2022-01-03,3341.056396484375,3817.75,3830.0,3745.0,3750.0,2346158,TCS_NS
2022-01-04,3399.6904296875,3884.75,3889.14990234375,3811.699951171875,3831.10009765625,2488606,TCS_NS
2022-01-05,3378.862060546875,3860.949951171875,3870.0,3812.39990234375,3865.0,1733031,TCS_NS
2022-01-06,3332.042236328125,3807.449951171875,3835.0,3772.0,3812.0,1810293,TCS_NS
2022-01-07,3372.342041015625,3853.5,3864.89990234375,3796.39990234375,3820.0,2460591,TCS_NS
2022-01-10,3395.402099609375,3879.85009765625,3978.0,3861.0,3978.0,3937092,TCS_NS
2022-01-11,3426.950927734375,3915.89990234375,3925.0,3856.0,3856.0,1906106,TCS_NS
2022-01-12,3377.943115234375,3859.89990234375,3929.0,3836.550048828125,3925.0,3203744,TCS_NS
2022-01-13,3411.1982421875,3897.89990234375,3923.0,3857.0,3918.0,6684507,TCS_NS
2022-01-14,3472.677001953125,3968.14990234375,3977.0,3860.050048828125,3877.85009765625,3348123,TCS_NS
2022-01-17,3517.308837890625,4019.14990234375,4043.0,3962.300048828125,3992.699951171875,3442604,TCS_NS
2022-01-18,3492.32373046875,3990.60009765625,4041.699951171875,3980.0,4033.949951171875,2389041,TCS_NS
2022-01-19,3431.876953125,3914.64990234375,4012.0,3910.5,4012.0,3102539,TCS_NS
2022-01-20,3354.641357421875,3826.550048828125,3920.0,3811.0,3910.0,6176776,TCS_NS
2022-01-21,3360.734619140625,3833.5,3851.550048828125,3771.10009765625,3807.0,3112358,TCS_NS
2022-01-24,3306.249267578125,3771.35009765625,3849.64990234375,3740.10009765625,3840.0,3258414,TCS_NS
2022-01-25,3304.97802734375,3769.89990234375,3809.39990234375,3722.199951171875,3769.5,3330501,TCS_NS
2022-01-27,3199.207275390625,3649.25,3733.39990234375,3625.10009765625,3731.0,5718297,TCS_NS
2022-01-28,3234.975341796875,3690.050048828125,3729.800048828125,3646.0,3646.0,3143862,TCS_NS
2022-01-31,3275.47802734375,3736.25,3758.0,3721.39990234375,3749.0,2739393,TCS_NS
2022-02-01,3331.935302734375,3800.64990234375,3808.0,3736.39990234375,3770.0,2105169,TCS_NS
2022-02-02,3380.63525390625,3856.199951171875,3864.0,3800.64990234375,3827.89990234375,1984212,TCS_NS
2022-02-03,3352.932373046875,3824.60009765625,3882.5,3816.050048828125,3851.0,1960538,TCS_NS
2022-02-04,3344.42822265625,3814.89990234375,3824.699951171875,3769.0,3815.300048828125,2307366,TCS_NS
2022-02-07,3312.956298828125,3779.0,3831.800048828125,3756.14990234375,3791.0,1919149,TCS_NS
2022-02-08,3281.78955078125,3743.449951171875,3799.699951171875,3721.0,3791.550048828125,2946443,TCS_NS
2022-02-09,3296.781494140625,3760.550048828125,3777.949951171875,3746.10009765625,3750.0,1638721,TCS_NS
2022-02-10,3305.373046875,3770.35009765625,3789.800048828125,3758.0,3789.800048828125,2112459,TCS_NS
2022-02-11,3239.271728515625,3694.949951171875,3752.5,3690.0,3752.5,3851488,TCS_NS
2022-02-14,3273.285888671875,3733.75,3793.25,3710.0,3724.0,5951745,TCS_NS
2022-02-15,3346.970947265625,3817.800048828125,3835.0,3748.0,3786.0,3931683,TCS_NS
2022-02-16,3342.85009765625,3813.10009765625,3854.10009765625,3806.0,3844.0,3256906,TCS_NS
2022-02-17,3317.5146484375,3784.199951171875,3835.0,3779.0,3825.0,3134372,TCS_NS
2022-02-18,3326.018310546875,3793.89990234375,3815.949951171875,3757.60009765625,3769.0,3688883,TCS_NS
2022-02-21,3260.7060546875,3719.39990234375,3827.800048828125,3705.550048828125,3810.0,7465922,TCS_NS
2022-02-22,3144.107666015625,3586.39990234375,3667.89990234375,3570.0,3650.0,5408531,TCS_NS
2022-02-23,3124.29541015625,3563.800048828125,3622.89990234375,3555.64990234375,3611.0,2426203,TCS_NS
2022-02-24,2982.142578125,3401.64990234375,3483.85009765625,3391.10009765625,3474.0,5039136,TCS_NS
2022-02-25,3086.55419921875,3520.75,3530.0,3462.0,3468.0,2549723,TCS_NS
2022-02-28,3115.879150390625,3554.199951171875,3563.75,3455.89990234375,3490.0,3288942,TCS_NS
2022-03-02,3108.8212890625,3546.14990234375,3571.949951171875,3506.0,3552.5,2761341,TCS_NS
2022-03-03,3107.28759765625,3544.39990234375,3578.60009765625,3530.10009765625,3562.85009765625,1928039,TCS_NS
2022-03-04,3089.710693359375,3524.35009765625,3561.199951171875,3487.050048828125,3501.5,2370257,TCS_NS
2022-03-07,3055.12548828125,3484.89990234375,3548.0,3431.550048828125,3450.0,3054130,TCS_NS
2022-03-08,3155.9873046875,3599.949951171875,3609.0,3460.0,3460.0,3300992,TCS_NS
2022-03-09,3184.6103515625,3632.60009765625,3654.0,3597.050048828125,3605.0,2719654,TCS_NS
2022-03-10,3174.3974609375,3620.949951171875,3684.0,3615.0,3684.0,2005441,TCS_NS
2022-03-11,3155.285888671875,3599.14990234375,3639.85009765625,3592.85009765625,3603.25,1623423,TCS_NS
2022-03-14,3193.72802734375,3643.0,3648.35009765625,3580.0,3580.0,1765688,TCS_NS
2022-03-15,3150.68310546875,3593.89990234375,3659.0,3585.39990234375,3659.0,3651133,TCS_NS
2022-03-16,3205.037109375,3655.89990234375,3668.0,3616.25,3640.5,3090475,TCS_NS
2022-03-17,3219.80908203125,3672.75,3710.0,3660.300048828125,3696.60009765625,3600452,TCS_NS
2022-03-21,3179.438232421875,3626.699951171875,3713.949951171875,3615.0,3696.0,2413831,TCS_NS
2022-03-22,3244.53125,3700.949951171875,3711.0,3625.0,3640.0,2907611,TCS_NS
2022-03-23,3254.569580078125,3712.39990234375,3729.800048828125,3690.0,3708.0,1596195,TCS_NS
2022-03-24,3287.400390625,3749.85009765625,3758.199951171875,3695.0,3700.0,1879046,TCS_NS
2022-03-25,3250.2294921875,3707.449951171875,3779.5,3672.0,3759.89990234375,1690133,TCS_NS
2022-03-28,3250.449462890625,3707.699951171875,3713.0,3661.199951171875,3695.0,1760990,TCS_NS
2022-03-29,3248.388427734375,3705.35009765625,3722.0,3691.0,3694.75,2689063,TCS_NS
2022-03-30,3271.357421875,3731.550048828125,3738.0,3706.199951171875,3738.0,1583455,TCS_NS
2022-03-31,3278.7216796875,3739.949951171875,3754.64990234375,3720.199951171875,3740.0,2168110,TCS_NS
2022-04-01,3295.20263671875,3758.75,3763.0,3728.050048828125,3748.0,1387014,TCS_NS
2022-04-04,3305.373046875,3770.35009765625,3780.0,3737.10009765625,3762.0,1472994,TCS_NS
2022-04-05,3344.3408203125,3814.800048828125,3835.60009765625,3772.0,3772.0,2314947,TCS_NS
2022-04-06,3292.22265625,3755.35009765625,3809.300048828125,3731.14990234375,3809.300048828125,2051729,TCS_NS
2022-04-07,3229.802978515625,3684.14990234375,3745.5,3679.0,3745.5,2494829,TCS_NS
2022-04-08,3231.118408203125,3685.64990234375,3705.0,3642.5,3690.0,2296773,TCS_NS
2022-04-11,3240.542724609375,3696.39990234375,3712.35009765625,3656.10009765625,3690.0,2291660,TCS_NS
2022-04-12,3235.896728515625,3691.10009765625,3739.0,3648.35009765625,3683.0,4483476,TCS_NS
2022-04-13,3210.341064453125,3661.949951171875,3709.85009765625,3655.550048828125,3707.0,1621672,TCS_NS
2022-04-18,3092.954345703125,3528.050048828125,3610.0,3522.5,3610.0,3820792,TCS_NS
2022-04-19,3043.728759765625,3471.89990234375,3563.550048828125,3439.14990234375,3550.0,3170014,TCS_NS
2022-04-20,3118.158935546875,3556.800048828125,3569.14990234375,3480.0,3500.0,2640370,TCS_NS
2022-04-21,3181.147705078125,3628.64990234375,3644.0,3567.39990234375,3580.0,2280996,TCS_NS
2022-04-22,3167.033447265625,3612.550048828125,3617.0,3571.5,3581.10009765625,1581465,TCS_NS
2022-04-25,3110.619140625,3548.199951171875,3584.0,3533.10009765625,3558.0,1960694,TCS_NS
2022-04-26,3108.95361328125,3546.300048828125,3587.89990234375,3518.14990234375,3575.14990234375,1943469,TCS_NS
2022-04-27,3122.016357421875,3561.199951171875,3568.449951171875,3506.300048828125,3546.0,1727648,TCS_NS
2022-04-28,3142.266845703125,3584.300048828125,3604.39990234375,3538.050048828125,3588.0,1703660,TCS_NS
2022-04-29,3109.30419921875,3546.699951171875,3623.25,3536.85009765625,3597.0,2051115,TCS_NS
2022-05-02,3105.534423828125,3542.39990234375,3547.949951171875,3492.75,3519.89990234375,1324161,TCS_NS
2022-05-04,3050.610595703125,3479.75,3545.449951171875,3465.300048828125,3538.5,2305825,TCS_NS
2022-05-05,3080.11083984375,3513.39990234375,3533.0,3485.35009765625,3512.10009765625,1612262,TCS_NS
2022-05-06,3009.275390625,3432.60009765625,3474.5,3424.5,3459.0,2010812,TCS_NS
2022-05-09,3020.23388671875,3445.10009765625,3456.0,3346.85009765625,3398.0,2481830,TCS_NS
2022-05-10,3014.66748046875,3438.75,3464.800048828125,3422.0,3434.0,1622685,TCS_NS
2022-05-11,2991.2158203125,3412.0,3448.449951171875,3382.14990234375,3435.0,1841769,TCS_NS
2022-05-12,2988.278564453125,3408.64990234375,3449.699951171875,3350.10009765625,3378.0,2807195,TCS_NS
2022-05-13,2993.75830078125,3414.89990234375,3439.89990234375,3382.14990234375,3435.0,2187823,TCS_NS
2022-05-16,2960.35693359375,3376.800048828125,3430.0,3366.60009765625,3415.0,1195813,TCS_NS
2022-05-17,3025.932373046875,3451.60009765625,3467.0,3350.39990234375,3370.0,1754076,TCS_NS
2022-05-18,3023.477783203125,3448.800048828125,3495.0,3443.050048828125,3465.0,1866781,TCS_NS
2022-05-19,2859.67138671875,3261.949951171875,3405.0,3230.0,3397.0,4642963,TCS_NS
2022-05-20,2886.8916015625,3293.0,3313.89990234375,3270.050048828125,3310.0,3065125,TCS_NS
2022-05-23,2912.096435546875,3321.75,3338.89990234375,3267.0,3304.800048828125,2293690,TCS_NS
2022-05-24,2882.508544921875,3288.0,3324.85009765625,3275.60009765625,3315.14990234375,1711510,TCS_NS
2022-05-25,2795.70654296875,3167.64990234375,3292.85009765625,3154.050048828125,3292.85009765625,3548046,TCS_NS
2022-05-26,2848.04345703125,3226.949951171875,3241.5,3180.550048828125,3191.0,2813186,TCS_NS
2022-05-27,2878.360595703125,3261.300048828125,3278.89990234375,3229.199951171875,3253.199951171875,3103153,TCS_NS
2022-05-30,2978.93017578125,3375.25,3386.60009765625,3286.35009765625,3297.0,2094624,TCS_NS
2022-05-31,2969.31005859375,3364.35009765625,3383.39990234375,3325.0,3354.14990234375,4840965,TCS_NS
2022-06-01,2961.234619140625,3355.199951171875,3388.0,3340.050048828125,3388.0,1493835,TCS_NS
2022-06-02,3021.0732421875,3423.0,3432.0,3346.300048828125,3355.0,2657939,TCS_NS
2022-06-03,3036.2099609375,3440.14990234375,3477.300048828125,3431.199951171875,3459.39990234375,1913622,TCS_NS
2022-06-06,3028.08984375,3430.949951171875,3453.0,3377.14990234375,3418.0,1084210,TCS_NS
2022-06-07,2967.853515625,3362.699951171875,3418.85009765625,3356.0,3401.050048828125,2308256,TCS_NS
2022-06-08,3004.4365234375,3404.14990234375,3413.949951171875,3346.5,3380.14990234375,2185707,TCS_NS
2022-06-09,3024.692626953125,3427.10009765625,3437.0,3353.10009765625,3385.0,1279197,TCS_NS
2022-06-10,2965.38232421875,3359.89990234375,3393.0,3352.0,3382.0,1527582,TCS_NS
2022-06-13,2841.556640625,3219.60009765625,3293.0,3192.449951171875,3290.0,3030921,TCS_NS
2022-06-14,2833.5693359375,3210.550048828125,3238.89990234375,3174.699951171875,3190.0,2611493,TCS_NS
2022-06-15,2829.818115234375,3206.300048828125,3234.0,3201.0,3218.5,1404536,TCS_NS
2022-06-16,2773.068115234375,3142.0,3244.85009765625,3133.050048828125,3240.0,2032028,TCS_NS
2022-06-17,2726.203369140625,3088.89990234375,3118.75,3023.85009765625,3092.0,5240434,TCS_NS
2022-06-20,2746.943603515625,3112.39990234375,3138.75,3069.0,3094.0,1502769,TCS_NS
2022-06-21,2834.8046875,3211.949951171875,3237.75,3125.39990234375,3130.0,2964461,TCS_NS
2022-06-22,2844.51318359375,3222.949951171875,3250.550048828125,3183.0,3199.89990234375,3336315,TCS_NS
2022-06-23,2920.28271484375,3308.800048828125,3318.0,3222.949951171875,3222.949951171875,3692578,TCS_NS
2022-06-24,2906.426025390625,3293.10009765625,3345.0,3277.5,3339.0,2132118,TCS_NS
2022-06-27,2925.489990234375,3314.699951171875,3362.89990234375,3306.5,3350.0,2037686,TCS_NS
2022-06-28,2928.534423828125,3318.14990234375,3330.0,3272.60009765625,3307.0,1400046,TCS_NS
2022-06-29,2904.131591796875,3290.5,3333.0,3271.0,3271.0,2133994,TCS_NS
2022-06-30,2883.4794921875,3267.10009765625,3310.89990234375,3255.0,3272.0,2719603,TCS_NS
2022-07-01,2925.8427734375,3315.10009765625,3333.0,3252.050048828125,3260.0,1502879,TCS_NS
2022-07-04,2855.1923828125,3235.050048828125,3317.949951171875,3225.050048828125,3312.0,2622535,TCS_NS
2022-07-05,2838.64404296875,3216.300048828125,3272.0,3206.949951171875,3255.0,2170627,TCS_NS
2022-07-06,2877.875,3260.75,3268.5,3202.25,3218.5,2182144,TCS_NS
2022-07-07,2901.79296875,3287.85009765625,3319.39990234375,3265.050048828125,3271.0,1989921,TCS_NS
2022-07-08,2882.022705078125,3265.449951171875,3305.0,3250.0,3300.0,2136916,TCS_NS
2022-07-11,2748.1796875,3113.800048828125,3225.0,3106.0,3206.14990234375,6974600,TCS_NS
2022-07-12,2722.496337890625,3084.699951171875,3136.199951171875,3080.25,3114.89990234375,3734815,TCS_NS
2022-07-13,2681.941650390625,3038.75,3110.0,3035.0,3104.0,3863530,TCS_NS
2022-07-14,2653.624755859375,2998.75,3057.0,2967.0,3056.0,4764908,TCS_NS
2022-07-15,2649.9521484375,2994.60009765625,3028.89990234375,2953.0,3018.550048828125,4574806,TCS_NS
2022-07-18,2710.923095703125,3063.5,3076.949951171875,3014.300048828125,3023.0,3202795,TCS_NS
2022-07-19,2720.435302734375,3074.25,3078.949951171875,3030.050048828125,3030.050048828125,1865074,TCS_NS
2022-07-20,2800.564208984375,3164.800048828125,3171.949951171875,3098.050048828125,3107.800048828125,3402251,TCS_NS
2022-07-21,2811.625244140625,3177.300048828125,3184.0,3144.050048828125,3167.0,2420640,TCS_NS
2022-07-22,2806.05029296875,3171.0,3197.0,3143.5,3185.0,2075886,TCS_NS
2022-07-25,2802.289306640625,3166.75,3186.449951171875,3149.10009765625,3165.0,1797504,TCS_NS
2022-07-26,2757.291748046875,3115.89990234375,3168.89990234375,3096.5,3164.699951171875,2639367,TCS_NS
2022-07-27,2821.846435546875,3188.85009765625,3194.10009765625,3110.0,3115.0,1389808,TCS_NS
2022-07-28,2885.25,3260.5,3264.0,3201.64990234375,3216.0,2106333,TCS_NS
2022-07-29,2921.88525390625,3301.89990234375,3317.300048828125,3275.0,3290.0,2430257,TCS_NS
2022-08-01,2919.1416015625,3298.800048828125,3327.0,3271.0,3327.0,1306913,TCS_NS
2022-08-02,2912.94775390625,3291.800048828125,3312.89990234375,3271.64990234375,3290.0,1269114,TCS_NS
2022-08-03,2955.15771484375,3339.5,3349.0,3277.050048828125,3280.0,2895824,TCS_NS
2022-08-04,2968.829833984375,3354.949951171875,3387.89990234375,3307.35009765625,3350.0,2150567,TCS_NS
2022-08-05,2977.767333984375,3365.050048828125,3377.0,3355.0,3361.199951171875,1106933,TCS_NS
2022-08-08,2986.085693359375,3374.449951171875,3378.89990234375,3336.0,3365.0,1068836,TCS_NS
2022-08-10,2968.210693359375,3354.25,3385.0,3335.0,3385.0,1878359,TCS_NS
2022-08-11,3028.60546875,3422.5,3428.699951171875,3375.050048828125,3400.0,1449248,TCS_NS
2022-08-12,3010.06689453125,3401.550048828125,3419.0,3381.25,3419.0,1472354,TCS_NS
2022-08-16,3002.234619140625,3392.699951171875,3414.85009765625,3387.5,3411.0,839942,TCS_NS
2022-08-17,3009.66845703125,3401.10009765625,3417.949951171875,3371.10009765625,3385.10009765625,1622326,TCS_NS
2022-08-18,2992.102783203125,3381.25,3392.0,3362.0,3390.0,1430659,TCS_NS
2022-08-19,2996.0849609375,3385.75,3421.5,3371.25,3387.0,1398410,TCS_NS
2022-08-22,2968.475341796875,3354.550048828125,3384.10009765625,3347.39990234375,3365.0,1536532,TCS_NS
2022-08-23,2906.576171875,3284.60009765625,3341.89990234375,3270.0,3319.949951171875,1849256,TCS_NS
2022-08-24,2880.6923828125,3255.35009765625,3308.0,3250.199951171875,3292.0,1691923,TCS_NS
2022-08-25,2847.818115234375,3218.199951171875,3278.14990234375,3214.75,3276.0,1946930,TCS_NS
2022-08-26,2851.357421875,3222.199951171875,3257.0,3216.800048828125,3234.300048828125,1457962,TCS_NS
2022-08-29,2772.02587890625,3132.550048828125,3142.699951171875,3081.0,3125.0,2539173,TCS_NS
2022-08-30,2841.57958984375,3211.14990234375,3226.5,3142.10009765625,3155.0,3431525,TCS_NS
2022-09-01,2771.27392578125,3131.699951171875,3190.0,3121.0,3190.0,3546935,TCS_NS
2022-09-02,2770.123291015625,3130.39990234375,3163.0,3120.300048828125,3163.0,2052900,TCS_NS
2022-09-05,2772.77783203125,3133.39990234375,3147.949951171875,3112.25,3123.64990234375,2147912,TCS_NS
2022-09-06,2767.15869140625,3127.050048828125,3140.85009765625,3106.35009765625,3135.5,1936453,TCS_NS
2022-09-07,2787.113525390625,3149.60009765625,3161.89990234375,3102.0,3102.0,1291534,TCS_NS
2022-09-08,2804.85595703125,3169.64990234375,3183.5,3160.10009765625,3170.0,1346113,TCS_NS
2022-09-09,2847.3310546875,3217.64990234375,3233.5,3168.5,3195.0,1561185,TCS_NS
2022-09-12,2869.7197265625,3242.949951171875,3269.800048828125,3225.0,3239.89990234375,1785928,TCS_NS
2022-09-13,2857.68505859375,3229.35009765625,3263.449951171875,3225.0,3263.449951171875,1972678,TCS_NS
2022-09-14,2761.2744140625,3120.39990234375,3141.39990234375,3113.800048828125,3135.0,5090269,TCS_NS
2022-09-15,2747.071533203125,3104.35009765625,3137.75,3100.0,3130.0,2138023,TCS_NS
2022-09-16,2662.4296875,3008.699951171875,3094.35009765625,3000.0,3076.0,5322221,TCS_NS
2022-09-19,2680.216552734375,3028.800048828125,3042.0,2987.800048828125,3036.0,2072220,TCS_NS
2022-09-20,2690.393310546875,3040.300048828125,3079.949951171875,3030.0,3050.0,1544295,TCS_NS
2022-09-21,2655.79296875,3001.199951171875,3041.39990234375,2998.14990234375,3028.0,2253818,TCS_NS
2022-09-22,2661.279296875,3007.39990234375,3029.949951171875,2979.300048828125,2990.0,2017983,TCS_NS
2022-09-23,2638.8466796875,2982.050048828125,3022.5,2979.0,3004.0,2652374,TCS_NS
2022-09-26,2649.775634765625,2994.39990234375,3025.85009765625,2926.10009765625,2959.85009765625,2925489,TCS_NS
2022-09-27,2670.17236328125,3017.449951171875,3025.0,2976.0,3009.39990234375,2227447,TCS_NS
2022-09-28,2686.277587890625,3035.64990234375,3049.949951171875,2980.0,2980.0,2739767,TCS_NS
2022-09-29,2652.341552734375,2997.300048828125,3055.85009765625,2990.0,3054.0,2493902,TCS_NS
2022-09-30,2658.7568359375,3004.550048828125,3019.699951171875,2950.10009765625,2990.85009765625,2817353,TCS_NS
2022-10-03,2641.412841796875,2984.949951171875,3020.699951171875,2974.0,2995.0,1763331,TCS_NS
2022-10-04,2735.39013671875,3091.14990234375,3098.0,3023.0,3029.949951171875,2145875,TCS_NS
2022-10-06,2744.947265625,3101.949951171875,3124.0,3092.449951171875,3111.0,1790816,TCS_NS
2022-10-07,2712.16162109375,3064.89990234375,3105.0,3058.10009765625,3097.39990234375,1939879,TCS_NS
2022-10-10,2759.636962890625,3118.550048828125,3127.0,3005.0,3010.0,3064063,TCS_NS
2022-10-11,2716.2763671875,3069.550048828125,3145.0,3053.35009765625,3100.0,4730645,TCS_NS
2022-10-12,2743.885498046875,3100.75,3109.89990234375,3062.050048828125,3084.89990234375,1665247,TCS_NS
2022-10-13,2746.14208984375,3103.300048828125,3110.0,3052.35009765625,3100.75,2054781,TCS_NS
2022-10-14,2742.4697265625,3099.14990234375,3150.0,3071.0,3145.0,2245977,TCS_NS
2022-10-17,2760.74560546875,3111.75,3128.39990234375,3071.449951171875,3072.64990234375,1517005,TCS_NS
2022-10-18,2789.979248046875,3144.699951171875,3155.35009765625,3128.550048828125,3150.0,1793722,TCS_NS
2022-10-19,2769.706787109375,3121.85009765625,3159.0,3112.0,3159.0,1194289,TCS_NS
2022-10-20,2801.158203125,3157.300048828125,3160.0,3105.0,3105.0,1587601,TCS_NS
2022-10-21,2783.5029296875,3137.39990234375,3160.39990234375,3127.0,3157.800048828125,1021913,TCS_NS
2022-10-24,2805.061767578125,3161.699951171875,3178.0,3155.0,3170.10009765625,260949,TCS_NS
2022-10-25,2805.416015625,3162.10009765625,3184.25,3151.14990234375,3180.5,2069643,TCS_NS
2022-10-27,2801.24658203125,3157.39990234375,3174.0,3134.35009765625,3160.699951171875,2438421,TCS_NS
2022-10-28,2806.436767578125,3163.25,3178.5,3145.0,3150.0,1355739,TCS_NS
2022-10-31,2832.96337890625,3193.14990234375,3199.0,3177.800048828125,3199.0,1919414,TCS_NS
2022-11-01,2892.00732421875,3259.699951171875,3262.60009765625,3203.449951171875,3214.5,2991060,TCS_NS
2022-11-02,2876.037841796875,3241.699951171875,3270.0,3222.050048828125,3270.0,1405955,TCS_NS
2022-11-03,2845.0302734375,3206.75,3228.050048828125,3195.0,3228.050048828125,1422652,TCS_NS
2022-11-04,2854.478515625,3217.39990234375,3220.050048828125,3166.14990234375,3217.0,1464013,TCS_NS
2022-11-07,2868.940185546875,3233.699951171875,3242.800048828125,3195.10009765625,3229.0,1474498,TCS_NS
2022-11-09,2853.281005859375,3216.050048828125,3249.800048828125,3201.64990234375,3249.800048828125,1162267,TCS_NS
2022-11-10,2844.054443359375,3205.64990234375,3225.0,3170.0,3170.0,1573092,TCS_NS
2022-11-11,2941.912109375,3315.949951171875,3341.60009765625,3255.050048828125,3269.60009765625,3265394,TCS_NS
2022-11-14,2959.25732421875,3335.5,3349.0,3309.0,3324.0,1342074,TCS_NS
2022-11-15,2956.68408203125,3332.60009765625,3339.949951171875,3292.0,3321.0,1400708,TCS_NS
2022-11-16,2976.868408203125,3355.35009765625,3367.89990234375,3321.449951171875,3338.89990234375,1748235,TCS_NS
2022-11-17,2971.234130859375,3349.0,3360.0,3317.75,3340.0,1417986,TCS_NS
2022-11-18,2966.310302734375,3343.449951171875,3362.75,3321.0,3350.0,1164540,TCS_NS
2022-11-21,2913.122802734375,3283.5,3333.699951171875,3273.0,3322.5,1304194,TCS_NS
2022-11-22,2941.025390625,3314.949951171875,3318.949951171875,3255.25,3280.0,1149739,TCS_NS
2022-11-23,2935.125732421875,3308.300048828125,3330.0,3291.0,3330.0,1150011,TCS_NS
2022-11-24,2998.87060546875,3380.14990234375,3392.949951171875,3308.300048828125,3316.25,1296591,TCS_NS
2022-11-25,3007.299072265625,3389.64990234375,3403.35009765625,3348.0,3383.0,1588981,TCS_NS
2022-11-28,3012.267333984375,3395.25,3417.0,3365.550048828125,3366.0,2195437,TCS_NS
2022-11-29,3014.130615234375,3397.35009765625,3429.0,3383.0,3383.0,1576028,TCS_NS
2022-11-30,3008.319580078125,3390.800048828125,3414.89990234375,3375.0,3383.0,3410702,TCS_NS
2022-12-01,3083.5986328125,3475.64990234375,3480.0,3420.0,3425.0,2180856,TCS_NS
2022-12-02,3051.215087890625,3439.14990234375,3468.89990234375,3413.0,3458.10009765625,2411749,TCS_NS
2022-12-05,3039.4599609375,3425.89990234375,3439.14990234375,3407.0,3433.0,1475065,TCS_NS
2022-12-06,3003.484130859375,3385.35009765625,3407.949951171875,3368.0,3400.050048828125,1166999,TCS_NS
2022-12-07,2999.270263671875,3380.60009765625,3393.699951171875,3354.0,3368.300048828125,1167505,TCS_NS
2022-12-08,2972.60986328125,3350.550048828125,3380.60009765625,3339.449951171875,3360.0,1285619,TCS_NS
2022-12-09,2921.329345703125,3292.75,3374.10009765625,3276.35009765625,3374.10009765625,1797896,TCS_NS
2022-12-12,2915.73974609375,3286.449951171875,3296.0,3236.10009765625,3255.5,1527610,TCS_NS
2022-12-13,2956.240966796875,3332.10009765625,3336.449951171875,3267.800048828125,3277.199951171875,1378016,TCS_NS
2022-12-14,2985.740478515625,3365.35009765625,3377.0,3340.89990234375,3348.800048828125,1213311,TCS_NS
2022-12-15,2932.28662109375,3305.10009765625,3364.75,3298.949951171875,3358.800048828125,1415694,TCS_NS
2022-12-16,2874.75146484375,3240.25,3292.0,3225.199951171875,3275.0,2703680,TCS_NS
2022-12-19,2840.860107421875,3202.050048828125,3245.5,3194.5,3227.0,2120965,TCS_NS
2022-12-20,2878.0341796875,3243.949951171875,3249.0,3163.64990234375,3198.89990234375,1529971,TCS_NS
2022-12-21,2899.859619140625,3268.550048828125,3283.050048828125,3240.0,3249.0,1432566,TCS_NS
2022-12-22,2892.00732421875,3259.699951171875,3294.0,3245.10009765625,3294.0,1384101,TCS_NS
2022-12-23,2864.193603515625,3228.35009765625,3266.85009765625,3217.0,3217.0,1360281,TCS_NS
2022-12-26,2885.97412109375,3252.89990234375,3272.0,3225.050048828125,3228.35009765625,870157,TCS_NS
2022-12-27,2891.830322265625,3259.5,3273.800048828125,3231.5,3269.199951171875,835883,TCS_NS
2022-12-28,2889.70068359375,3257.10009765625,3266.10009765625,3226.0,3249.800048828125,910795,TCS_NS
2022-12-29,2900.036376953125,3268.75,3271.5,3228.0,3231.10009765625,1037927,TCS_NS
2022-12-30,2889.345703125,3256.699951171875,3299.0,3246.199951171875,3286.050048828125,1163131,TCS_NS
2023-01-02,2893.560302734375,3261.449951171875,3266.85009765625,3235.199951171875,3261.0,709547,TCS_NS
2023-01-03,2937.831298828125,3311.35009765625,3320.0,3245.300048828125,3252.0,1245178,TCS_NS
2023-01-04,2940.758544921875,3314.64990234375,3327.35009765625,3286.199951171875,3306.699951171875,1231668,TCS_NS
2023-01-05,2937.609619140625,3311.10009765625,3337.300048828125,3281.949951171875,3330.199951171875,1826057,TCS_NS
2023-01-06,2849.28857421875,3211.550048828125,3301.550048828125,3200.0,3300.0,2488376,TCS_NS
2023-01-09,2945.4609375,3319.949951171875,3327.0,3221.14990234375,3229.0,2885060,TCS_NS
2023-01-10,2915.695556640625,3286.39990234375,3298.0,3230.10009765625,3285.0,3864655,TCS_NS
2023-01-11,2953.22412109375,3328.699951171875,3349.5,3271.14990234375,3290.10009765625,2720512,TCS_NS
2023-01-12,2958.237060546875,3334.35009765625,3350.0,3315.550048828125,3329.0,2250391,TCS_NS
2023-01-13,2993.902587890625,3374.550048828125,3379.0,3305.0,3342.89990234375,1742837,TCS_NS
2023-01-16,3025.20654296875,3334.050048828125,3353.0,3298.050048828125,3317.0,1843607,TCS_NS
2023-01-17,3065.448486328125,3378.39990234375,3381.800048828125,3321.0,3330.0,1688475,TCS_NS
2023-01-18,3075.9736328125,3390.0,3408.949951171875,3372.25,3380.0,2421189,TCS_NS
2023-01-19,3060.639404296875,3373.10009765625,3387.0,3361.0,3380.0,1585044,TCS_NS
2023-01-20,3051.5654296875,3363.10009765625,3394.64990234375,3355.60009765625,3365.0,1529349,TCS_NS
2023-01-23,3098.56689453125,3414.89990234375,3419.0,3355.60009765625,3388.0,1067916,TCS_NS
2023-01-24,3117.98486328125,3436.300048828125,3451.949951171875,3417.300048828125,3425.0,1387863,TCS_NS
2023-01-25,3112.04150390625,3429.75,3435.0,3405.0,3425.300048828125,874110,TCS_NS
2023-01-27,3095.073974609375,3411.050048828125,3446.0,3382.300048828125,3426.0,1785879,TCS_NS
2023-01-30,3115.580078125,3433.64990234375,3458.449951171875,3385.550048828125,3420.0,1953798,TCS_NS
2023-01-31,3047.572998046875,3358.699951171875,3449.0,3351.0,3449.0,2820375,TCS_NS
2023-02-01,3092.62451171875,3408.35009765625,3419.0,3355.0,3363.0,2205161,TCS_NS
2023-02-02,3139.852783203125,3460.39990234375,3469.0,3420.10009765625,3427.0,1813847,TCS_NS
2023-02-03,3159.7236328125,3482.300048828125,3504.0,3452.89990234375,3504.0,1804469,TCS_NS
2023-02-06,3139.444091796875,3459.949951171875,3473.14990234375,3436.85009765625,3473.14990234375,1138714,TCS_NS
2023-02-07,3150.876708984375,3472.550048828125,3493.0,3461.39990234375,3468.89990234375,1455647,TCS_NS
2023-02-08,3194.0224609375,3520.10009765625,3539.89990234375,3478.050048828125,3478.050048828125,1986946,TCS_NS
2023-02-09,3212.849853515625,3540.85009765625,3547.60009765625,3505.300048828125,3515.0,1655427,TCS_NS
2023-02-10,3209.856201171875,3537.550048828125,3542.35009765625,3508.14990234375,3520.0,1187821,TCS_NS
2023-02-13,3159.81396484375,3482.39990234375,3549.0,3473.39990234375,3549.0,1087939,TCS_NS
2023-02-14,3175.875244140625,3500.10009765625,3524.85009765625,3495.0,3505.0,1579818,TCS_NS
2023-02-15,3194.520751953125,3520.64990234375,3526.0,3460.14990234375,3487.0,1429449,TCS_NS
2023-02-16,3228.456787109375,3558.050048828125,3575.0,3527.0,3527.199951171875,1618931,TCS_NS
2023-02-17,3176.8271484375,3501.14990234375,3538.89990234375,3490.0,3526.14990234375,1061369,TCS_NS
2023-02-20,3164.2607421875,3487.300048828125,3522.0,3475.050048828125,3502.0,1296082,TCS_NS
2023-02-21,3131.323486328125,3451.0,3508.89990234375,3444.75,3494.0,1139541,TCS_NS
2023-02-22,3086.4541015625,3401.550048828125,3447.0,3395.0,3414.949951171875,1218430,TCS_NS
2023-02-23,3097.5693359375,3413.800048828125,3452.39990234375,3408.0,3421.0,1441570,TCS_NS
2023-02-24,3085.45556640625,3400.449951171875,3433.949951171875,3382.300048828125,3422.5,977592,TCS_NS
2023-02-27,3023.210205078125,3331.85009765625,3390.0,3316.0,3390.0,1128022,TCS_NS
2023-02-28,3005.970947265625,3312.85009765625,3392.0,3299.89990234375,3328.5,4116217,TCS_NS
2023-03-01,3072.072021484375,3385.699951171875,3389.0,3315.0,3323.0,1669307,TCS_NS
2023-03-02,3013.773681640625,3321.449951171875,3369.89990234375,3318.0,3361.0,1556538,TCS_NS
2023-03-03,3032.555908203125,3342.14990234375,3358.0,3331.10009765625,3354.0,1043190,TCS_NS
2023-03-06,3059.505615234375,3371.85009765625,3404.949951171875,3359.0,3361.89990234375,1334132,TCS_NS
2023-03-08,3076.3369140625,3390.39990234375,3396.0,3330.85009765625,3364.0,1844590,TCS_NS
2023-03-09,3027.747314453125,3336.85009765625,3385.0,3330.85009765625,3385.0,1648500,TCS_NS
2023-03-10,3022.439453125,3331.0,3337.25,3290.0,3312.89990234375,1024404,TCS_NS
2023-03-13,2977.932861328125,3281.949951171875,3369.800048828125,3272.0,3333.0,1901233,TCS_NS
2023-03-14,2917.139404296875,3214.949951171875,3304.39990234375,3209.39990234375,3280.0,2670334,TCS_NS
2023-03-15,2902.575927734375,3198.89990234375,3260.35009765625,3192.0,3250.0,1780522,TCS_NS
2023-03-16,2889.963623046875,3185.0,3219.800048828125,3172.0,3208.0,1901060,TCS_NS
2023-03-17,2884.791259765625,3179.300048828125,3221.39990234375,3144.0,3150.5,6739966,TCS_NS
2023-03-20,2852.12646484375,3143.300048828125,3169.64990234375,3095.050048828125,3169.64990234375,2289468,TCS_NS
2023-03-21,2818.37255859375,3106.10009765625,3156.75,3097.449951171875,3143.300048828125,1815297,TCS_NS
2023-03-22,2840.7841796875,3130.800048828125,3143.5,3106.10009765625,3130.050048828125,1123939,TCS_NS
2023-03-23,2835.203857421875,3124.64990234375,3146.35009765625,3101.0,3114.89990234375,1372218,TCS_NS
2023-03-24,2831.4384765625,3120.5,3170.0,3106.0,3148.89990234375,1329577,TCS_NS
2023-03-27,2833.071533203125,3122.300048828125,3152.75,3106.0,3135.0,1524217,TCS_NS
2023-03-28,2827.264404296875,3115.89990234375,3149.550048828125,3110.14990234375,3127.0,1303530,TCS_NS
2023-03-29,2848.134033203125,3138.89990234375,3150.0,3104.10009765625,3129.0,1740616,TCS_NS
2023-03-31,2908.92724609375,3205.89990234375,3213.0,3152.0,3189.949951171875,2382581,TCS_NS
2023-04-03,2903.57421875,3200.0,3224.949951171875,3173.75,3224.949951171875,1521830,TCS_NS
2023-04-05,2939.6875,3239.800048828125,3264.35009765625,3185.5,3185.5,2655065,TCS_NS
2023-04-06,2922.356689453125,3220.699951171875,3257.35009765625,3215.0,3225.0,1703464,TCS_NS
2023-04-10,2961.10107421875,3263.39990234375,3272.0,3215.0,3220.0,2203187,TCS_NS
2023-04-11,2916.09619140625,3213.800048828125,3272.949951171875,3192.14990234375,3264.0,2348779,TCS_NS
2023-04-12,2941.36572265625,3241.64990234375,3260.949951171875,3199.0,3227.949951171875,2417727,TCS_NS
2023-04-13,2893.45703125,3188.85009765625,3230.0,3180.0,3210.0,4174070,TCS_NS
2023-04-17,2848.677978515625,3139.5,3163.39990234375,3070.25,3134.10009765625,5505048,TCS_NS
2023-04-18,2840.7392578125,3130.75,3156.85009765625,3110.60009765625,3154.949951171875,2617302,TCS_NS
2023-04-19,2803.400634765625,3089.60009765625,3140.0,3071.5,3130.75,3298034,TCS_NS
2023-04-20,2817.192626953125,3104.800048828125,3113.0,3078.0,3090.0,2419999,TCS_NS
2023-04-21,2868.05078125,3160.85009765625,3164.449951171875,3100.800048828125,3110.0,1929184,TCS_NS
2023-04-24,2880.708251953125,3174.800048828125,3180.949951171875,3126.14990234375,3151.10009765625,1640676,TCS_NS
2023-04-25,2881.796875,3176.0,3191.199951171875,3147.5,3183.0,2024090,TCS_NS
2023-04-26,2901.895751953125,3198.14990234375,3208.39990234375,3181.0,3181.0,2000029,TCS_NS
2023-04-27,2892.639892578125,3187.949951171875,3199.199951171875,3170.64990234375,3185.0,2434446,TCS_NS
2023-04-28,2921.041015625,3219.25,3227.25,3196.25,3200.39990234375,2931312,TCS_NS
2023-05-02,2921.177001953125,3219.39990234375,3235.0,3210.0,3235.0,2321159,TCS_NS
2023-05-03,2885.336181640625,3179.89990234375,3216.0,3173.14990234375,3216.0,2468285,TCS_NS
2023-05-04,2922.356689453125,3220.699951171875,3224.449951171875,3178.0,3180.14990234375,1953253,TCS_NS
2023-05-05,2931.429443359375,3230.699951171875,3244.0,3210.050048828125,3220.0,1710027,TCS_NS
2023-05-08,2949.486572265625,3250.60009765625,3254.85009765625,3231.300048828125,3245.0,928235,TCS_NS
2023-05-09,2979.112548828125,3283.25,3298.0,3246.0,3252.60009765625,1107375,TCS_NS
2023-05-10,2982.3330078125,3286.800048828125,3306.5,3266.050048828125,3290.0,1559987,TCS_NS
2023-05-11,2978.1142578125,3282.14990234375,3309.699951171875,3272.0,3309.0,1719623,TCS_NS
2023-05-12,2970.99169921875,3274.300048828125,3290.0,3260.0,3279.14990234375,1027479,TCS_NS
2023-05-15,2953.5244140625,3255.050048828125,3292.0,3248.35009765625,3284.0,1150390,TCS_NS
2023-05-16,2956.33740234375,3258.14990234375,3285.0,3250.449951171875,3256.199951171875,986306,TCS_NS
2023-05-17,2911.4677734375,3208.699951171875,3280.0,3198.25,3255.949951171875,1588815,TCS_NS
2023-05-18,2903.437744140625,3199.85009765625,3228.949951171875,3195.0,3225.949951171875,1369364,TCS_NS
2023-05-19,2924.307373046875,3222.85009765625,3234.5,3203.050048828125,3210.0,1152449,TCS_NS
2023-05-22,2993.13134765625,3298.699951171875,3308.449951171875,3217.050048828125,3230.0,1333243,TCS_NS
2023-05-23,2991.634033203125,3297.050048828125,3327.949951171875,3290.10009765625,3306.0,1687418,TCS_NS
2023-05-24,2997.350341796875,3303.35009765625,3317.199951171875,3276.0,3276.0,1016555,TCS_NS
2023-05-25,2988.412841796875,3293.5,3306.0,3267.10009765625,3294.0,1374917,TCS_NS
2023-05-26,3020.533447265625,3328.89990234375,3338.64990234375,3291.0,3293.5,1791115,TCS_NS
2023-05-29,3012.77587890625,3320.35009765625,3372.0,3312.0,3360.800048828125,1210372,TCS_NS
2023-05-30,3009.009765625,3316.199951171875,3326.949951171875,3301.35009765625,3315.0,1344224,TCS_NS
2023-05-31,2984.782958984375,3289.5,3327.699951171875,3265.14990234375,3309.0,5815424,TCS_NS
2023-06-01,3016.087890625,3324.0,3340.0,3297.5,3314.0,1177314,TCS_NS
2023-06-02,2999.392333984375,3305.60009765625,3335.89990234375,3297.449951171875,3326.25,2030661,TCS_NS
2023-06-05,2984.23876953125,3288.89990234375,3327.0,3285.050048828125,3315.0,1861468,TCS_NS
2023-06-06,2932.882080078125,3232.300048828125,3288.85009765625,3220.60009765625,3280.0,2022849,TCS_NS
2023-06-07,2971.535888671875,3274.89990234375,3278.85009765625,3241.0,3253.0,1567196,TCS_NS
2023-06-08,2936.647216796875,3236.449951171875,3270.0,3233.0,3261.0,1759366,TCS_NS
2023-06-09,2912.0126953125,3209.300048828125,3250.0,3205.35009765625,3245.0,1775689,TCS_NS
2023-06-12,2946.129638671875,3246.89990234375,3254.39990234375,3211.0,3215.0,2324605,TCS_NS
2023-06-13,2943.225830078125,3243.699951171875,3265.0,3239.0,3260.0,1371928,TCS_NS
2023-06-14,2949.89501953125,3251.050048828125,3255.85009765625,3225.85009765625,3243.699951171875,1658544,TCS_NS
2023-06-15,2940.068115234375,3216.300048828125,3247.449951171875,3210.0,3245.300048828125,2273810,TCS_NS
2023-06-16,2902.2236328125,3174.89990234375,3199.39990234375,3156.0,3197.0,4156189,TCS_NS
2023-06-19,2934.6748046875,3210.39990234375,3214.89990234375,3175.0,3190.0,1468186,TCS_NS
2023-06-20,2950.4892578125,3227.699951171875,3232.5,3201.050048828125,3214.0,1528452,TCS_NS
2023-06-21,2978.369384765625,3258.199951171875,3261.39990234375,3223.949951171875,3250.0,1645987,TCS_NS
2023-06-22,2960.361572265625,3238.5,3267.64990234375,3230.10009765625,3260.0,1529603,TCS_NS
2023-06-23,2940.1142578125,3216.35009765625,3249.39990234375,3209.14990234375,3237.300048828125,1119505,TCS_NS
2023-06-26,2915.707275390625,3189.64990234375,3213.89990234375,3173.0,3205.0,1978803,TCS_NS
2023-06-27,2922.745849609375,3197.35009765625,3209.64990234375,3182.300048828125,3202.0,863542,TCS_NS
2023-06-28,2939.29150390625,3215.449951171875,3230.949951171875,3193.39990234375,3208.0,1575872,TCS_NS
2023-06-30,3018.636474609375,3302.25,3310.0,3214.10009765625,3220.0,2672406,TCS_NS
2023-07-03,2991.25927734375,3272.300048828125,3318.800048828125,3268.75,3314.300048828125,1687264,TCS_NS
2023-07-04,3024.669677734375,3308.85009765625,3315.0,3277.300048828125,3290.0,1656681,TCS_NS
2023-07-05,3034.816162109375,3319.949951171875,3329.0,3305.0,3320.0,1453008,TCS_NS
2023-07-06,3037.512939453125,3322.89990234375,3328.449951171875,3302.0,3306.550048828125,1848238,TCS_NS
2023-07-07,3043.317626953125,3329.25,3356.89990234375,3302.0,3302.0,1789326,TCS_NS
2023-07-10,2990.938720703125,3271.949951171875,3324.75,3265.199951171875,3324.75,1407431,TCS_NS
2023-07-11,2991.35009765625,3272.39990234375,3295.0,3260.800048828125,3295.0,1110172,TCS_NS
2023-07-12,2979.923828125,3259.89990234375,3289.14990234375,3250.10009765625,3280.949951171875,1515240,TCS_NS
2023-07-13,3053.647216796875,3340.550048828125,3367.449951171875,3272.75,3284.0,4585146,TCS_NS
2023-07-14,3212.794677734375,3514.64990234375,3524.85009765625,3352.0,3365.0,6306101,TCS_NS
2023-07-17,3191.815673828125,3491.699951171875,3549.89990234375,3477.050048828125,3510.0,2743228,TCS_NS
2023-07-18,3196.523681640625,3496.85009765625,3524.0,3465.0,3476.0,2600090,TCS_NS
2023-07-19,3172.025146484375,3470.050048828125,3516.85009765625,3445.64990234375,3500.0,2405370,TCS_NS
2023-07-20,3174.08740234375,3463.300048828125,3478.89990234375,3436.050048828125,3453.10009765625,1715404,TCS_NS
2023-07-21,3087.020751953125,3368.300048828125,3434.89990234375,3359.050048828125,3404.050048828125,3770223,TCS_NS
2023-07-24,3111.261474609375,3394.75,3413.449951171875,3372.10009765625,3381.0,1680132,TCS_NS
2023-07-25,3115.2939453125,3399.14990234375,3406.800048828125,3380.199951171875,3397.5,1272980,TCS_NS
2023-07-26,3105.35009765625,3388.300048828125,3420.85009765625,3385.0,3400.35009765625,1066803,TCS_NS
2023-07-27,3113.23193359375,3396.89990234375,3411.64990234375,3385.050048828125,3394.949951171875,1701769,TCS_NS
2023-07-28,3075.197509765625,3355.39990234375,3393.699951171875,3331.0,3385.0,2599831,TCS_NS
2023-07-31,3135.732421875,3421.449951171875,3426.64990234375,3360.89990234375,3364.39990234375,2743678,TCS_NS
2023-08-01,3163.77685546875,3452.050048828125,3460.0,3415.0,3415.0,1956167,TCS_NS
2023-08-02,3153.32861328125,3440.64990234375,3446.39990234375,3413.60009765625,3434.949951171875,1914899,TCS_NS
2023-08-03,3116.02734375,3399.949951171875,3433.25,3368.0,3420.0,2026351,TCS_NS
2023-08-04,3155.98681640625,3443.550048828125,3471.0,3401.25,3401.25,2248493,TCS_NS
2023-08-07,3193.104736328125,3484.050048828125,3488.0,3441.25,3453.949951171875,1853889,TCS_NS
2023-08-08,3180.777587890625,3470.60009765625,3489.949951171875,3456.60009765625,3484.050048828125,1634225,TCS_NS
2023-08-09,3173.35400390625,3462.5,3467.0,3425.050048828125,3464.89990234375,1794589,TCS_NS
2023-08-10,3154.657470703125,3442.10009765625,3464.89990234375,3430.050048828125,3450.0,1096701,TCS_NS
2023-08-11,3160.7978515625,3448.800048828125,3466.64990234375,3414.0,3438.10009765625,1679974,TCS_NS
2023-08-14,3161.760498046875,3449.85009765625,3455.0,3411.0,3440.699951171875,1190425,TCS_NS
2023-08-16,3169.59619140625,3458.39990234375,3466.0,3435.199951171875,3450.0,1328445,TCS_NS
2023-08-17,3148.838134765625,3435.75,3460.800048828125,3413.199951171875,3455.0,1843241,TCS_NS
2023-08-18,3085.9208984375,3367.10009765625,3410.0,3356.5,3410.0,2526749,TCS_NS
2023-08-21,3117.585205078125,3401.64990234375,3409.75,3372.0,3375.0,1375579,TCS_NS
2023-08-22,3099.7138671875,3382.14990234375,3411.0,3365.050048828125,3400.0,1222012,TCS_NS
2023-08-23,3114.46923828125,3398.25,3402.0,3376.0,3388.0,1330046,TCS_NS
2023-08-24,3104.84619140625,3387.75,3413.050048828125,3378.10009765625,3408.0,1152881,TCS_NS
2023-08-25,3098.934814453125,3381.300048828125,3385.800048828125,3350.25,3375.0,1158046,TCS_NS
2023-08-28,3093.664794921875,3375.550048828125,3394.0,3360.10009765625,3394.0,1037485,TCS_NS
2023-08-29,3094.214599609375,3376.14990234375,3389.550048828125,3365.0,3381.050048828125,944517,TCS_NS
2023-08-30,3107.77880859375,3390.949951171875,3408.10009765625,3383.050048828125,3398.0,1188200,TCS_NS
2023-08-31,3076.480712890625,3356.800048828125,3417.39990234375,3343.64990234375,3401.0,3417652,TCS_NS
2023-09-01,3097.01025390625,3379.199951171875,3389.0,3356.800048828125,3366.0,1277950,TCS_NS
2023-09-04,3133.02880859375,3418.5,3432.85009765625,3370.050048828125,3378.0,1828332,TCS_NS
2023-09-05,3142.97265625,3429.35009765625,3447.0,3405.14990234375,3420.0,1501842,TCS_NS
2023-09-06,3143.476318359375,3429.89990234375,3443.89990234375,3398.10009765625,3434.0,1314818,TCS_NS
2023-09-07,3166.70947265625,3455.25,3460.0,3422.300048828125,3430.800048828125,1885092,TCS_NS
2023-09-08,3154.474609375,3441.89990234375,3465.0,3435.050048828125,3455.25,1518917,TCS_NS
2023-09-11,3189.988525390625,3480.64990234375,3485.699951171875,3445.0,3462.0,1783604,TCS_NS
2023-09-12,3281.775390625,3580.800048828125,3589.89990234375,3483.0,3492.0,4476016,TCS_NS
2023-09-13,3269.90625,3567.85009765625,3588.85009765625,3545.0,3571.10009765625,1754929,TCS_NS
2023-09-14,3262.7578125,3560.050048828125,3597.699951171875,3545.60009765625,3570.050048828125,2604721,TCS_NS
2023-09-15,3297.813720703125,3598.300048828125,3607.35009765625,3562.449951171875,3567.85009765625,2952897,TCS_NS
2023-09-18,3305.008056640625,3606.14990234375,3619.300048828125,3575.25,3580.050048828125,1395753,TCS_NS
2023-09-20,3304.91650390625,3606.050048828125,3625.0,3580.0,3580.0,1649396,TCS_NS
2023-09-21,3285.8994140625,3585.300048828125,3605.0,3528.0,3588.550048828125,2004073,TCS_NS
2023-09-22,3302.716796875,3603.64990234375,3633.75,3565.050048828125,3584.0,1989083,TCS_NS
2023-09-25,3278.429931640625,3577.14990234375,3620.0,3558.64990234375,3602.5,1238778,TCS_NS
2023-09-26,3286.265625,3585.699951171875,3594.949951171875,3536.0,3567.60009765625,1726062,TCS_NS
2023-09-27,3289.5654296875,3589.300048828125,3614.0,3555.699951171875,3590.0,1541134,TCS_NS
2023-09-28,3241.4033203125,3536.75,3602.800048828125,3527.35009765625,3600.0,1755753,TCS_NS
2023-09-29,3233.934326171875,3528.60009765625,3568.449951171875,3505.550048828125,3537.199951171875,2243791,TCS_NS
2023-10-03,3220.415771484375,3513.85009765625,3534.199951171875,3480.10009765625,3534.199951171875,1948148,TCS_NS
2023-10-04,3242.31982421875,3537.75,3548.0,3477.300048828125,3486.300048828125,1788138,TCS_NS
2023-10-05,3289.61083984375,3589.35009765625,3624.0,3551.199951171875,3554.0,2990768,TCS_NS
2023-10-06,3318.984375,3621.39990234375,3634.949951171875,3575.050048828125,3591.0,2075691,TCS_NS
2023-10-09,3334.51953125,3638.35009765625,3679.0,3631.0,3645.050048828125,4233074,TCS_NS
2023-10-10,3325.85791015625,3628.89990234375,3648.0,3601.35009765625,3640.050048828125,1848148,TCS_NS
2023-10-11,3308.44482421875,3609.89990234375,3650.0,3605.0,3650.0,2426417,TCS_NS
2023-10-12,3246.71923828125,3542.550048828125,3588.64990234375,3538.10009765625,3575.0,4241281,TCS_NS
2023-10-13,3272.65625,3570.85009765625,3577.0,3525.0,3530.0,2890357,TCS_NS
2023-10-16,3229.764404296875,3524.050048828125,3574.64990234375,3519.10009765625,3566.0,1671104,TCS_NS
2023-10-17,3214.18359375,3507.050048828125,3534.14990234375,3503.35009765625,3530.0,1672065,TCS_NS
2023-10-18,3196.037109375,3487.25,3522.699951171875,3484.0,3511.0,1408245,TCS_NS
2023-10-19,3175.270751953125,3455.64990234375,3476.85009765625,3451.89990234375,3469.5,1514545,TCS_NS
2023-10-20,3211.014404296875,3494.550048828125,3499.5,3444.050048828125,3450.39990234375,1481211,TCS_NS
2023-10-23,3133.463134765625,3410.14990234375,3478.949951171875,3401.300048828125,3473.0,1106272,TCS_NS
2023-10-25,3115.03955078125,3390.10009765625,3425.0,3377.199951171875,3390.5,1518537,TCS_NS
2023-10-26,3066.01806640625,3336.75,3373.699951171875,3330.0,3368.050048828125,1984471,TCS_NS
2023-10-27,3079.06591796875,3350.949951171875,3362.0,3337.0,3350.0,1108851,TCS_NS
2023-10-30,3104.426513671875,3378.550048828125,3382.85009765625,3333.75,3350.0,910972,TCS_NS
2023-10-31,3095.421630859375,3368.75,3399.0,3350.050048828125,3399.0,999811,TCS_NS
2023-11-01,3060.412841796875,3330.64990234375,3371.60009765625,3311.0,3355.0,1563475,TCS_NS
2023-11-02,3087.473388671875,3360.10009765625,3375.949951171875,3343.199951171875,3343.199951171875,1245384,TCS_NS
2023-11-03,3079.019775390625,3350.89990234375,3387.89990234375,3344.300048828125,3382.0,1402598,TCS_NS
2023-11-06,3105.98876953125,3380.25,3392.300048828125,3359.0,3375.0,1099852,TCS_NS
2023-11-07,3096.9833984375,3370.449951171875,3404.14990234375,3366.0,3378.0,1191144,TCS_NS
2023-11-08,3107.18310546875,3381.550048828125,3401.949951171875,3369.550048828125,3371.449951171875,992899,TCS_NS
2023-11-09,3075.849609375,3347.449951171875,3391.5,3342.050048828125,3390.10009765625,2112352,TCS_NS
2023-11-10,3062.9853515625,3333.449951171875,3347.449951171875,3322.35009765625,3338.0,1338557,TCS_NS
2023-11-13,3061.239990234375,3331.550048828125,3356.0,3327.0,3356.0,1030990,TCS_NS
2023-11-15,3128.087646484375,3404.300048828125,3413.0,3356.050048828125,3383.10009765625,2059802,TCS_NS
2023-11-16,3214.047119140625,3497.85009765625,3529.35009765625,3414.199951171875,3430.050048828125,3951984,TCS_NS
2023-11-17,3218.2734375,3502.449951171875,3524.5,3492.550048828125,3497.85009765625,2021292,TCS_NS
2023-11-20,3234.032470703125,3519.60009765625,3533.89990234375,3491.25,3491.25,1475621,TCS_NS
2023-11-21,3225.39453125,3510.199951171875,3539.050048828125,3501.0,3519.60009765625,1807236,TCS_NS
2023-11-22,3243.72607421875,3530.14990234375,3532.64990234375,3481.10009765625,3500.0,1798051,TCS_NS
2023-11-23,3223.603271484375,3508.25,3544.0,3500.0,3530.0,2729804,TCS_NS
2023-11-24,3176.603515625,3457.10009765625,3504.550048828125,3453.0,3494.25,1989733,TCS_NS
2023-11-28,3188.594482421875,3470.14990234375,3481.25,3433.0,3457.10009765625,1689195,TCS_NS
2023-11-29,3228.656982421875,3513.75,3518.0,3475.800048828125,3481.0,1441634,TCS_NS
2023-11-30,3204.62841796875,3487.60009765625,3516.64990234375,3481.0,3499.449951171875,3266235,TCS_NS
2023-12-01,3226.72705078125,3511.64990234375,3516.949951171875,3490.050048828125,3500.0,1172141,TCS_NS
2023-12-04,3227.46240234375,3512.449951171875,3547.800048828125,3498.0,3544.64990234375,1625213,TCS_NS
2023-12-05,3245.05810546875,3531.60009765625,3538.0,3502.800048828125,3538.0,1377656,TCS_NS
2023-12-06,3311.676513671875,3604.10009765625,3612.85009765625,3525.14990234375,3532.60009765625,1896572,TCS_NS
2023-12-07,3321.599853515625,3614.89990234375,3630.550048828125,3591.699951171875,3605.0,1967653,TCS_NS
2023-12-08,3332.442138671875,3626.699951171875,3645.0,3602.050048828125,3633.0,1641155,TCS_NS
2023-12-11,3347.328125,3642.89990234375,3653.0,3615.0,3622.89990234375,1102503,TCS_NS
2023-12-12,3374.15869140625,3672.10009765625,3698.39990234375,3631.0,3638.949951171875,2236866,TCS_NS
2023-12-13,3301.982177734375,3593.550048828125,3650.0,3563.0,3643.550048828125,3850968,TCS_NS
2023-12-14,3369.702392578125,3667.25,3678.0,3627.60009765625,3630.0,3290396,TCS_NS
2023-12-15,3547.732421875,3861.0,3895.949951171875,3666.699951171875,3666.699951171875,8531230,TCS_NS
2023-12-18,3546.078369140625,3859.199951171875,3929.0,3830.14990234375,3858.10009765625,2521612,TCS_NS
2023-12-19,3506.567138671875,3816.199951171875,3855.10009765625,3790.0,3845.0,2004435,TCS_NS
2023-12-20,3473.35009765625,3780.050048828125,3898.800048828125,3766.550048828125,3827.25,2586083,TCS_NS
2023-12-21,3480.195556640625,3787.5,3806.699951171875,3743.35009765625,3756.25,1517562,TCS_NS
2023-12-22,3513.734375,3824.0,3845.949951171875,3762.0,3800.0,2413058,TCS_NS
2023-12-26,3487.592529296875,3795.550048828125,3834.0,3790.14990234375,3819.85009765625,1285231,TCS_NS
2023-12-27,3501.972412109375,3811.199951171875,3818.199951171875,3768.0,3799.0,1293976,TCS_NS
2023-12-28,3491.58935546875,3799.89990234375,3838.0,3792.10009765625,3824.0,1682889,TCS_NS
2023-12-29,3485.6171875,3793.39990234375,3822.60009765625,3765.39990234375,3792.0,1574996,TCS_NS
2024-01-01,3501.881103515625,3811.10009765625,3832.0,3773.0,3790.0,825907,TCS_NS
2024-01-02,3476.24462890625,3783.199951171875,3811.10009765625,3767.25,3811.10009765625,1344068,TCS_NS
2024-01-03,3392.21484375,3691.75,3771.85009765625,3687.050048828125,3767.0,1803075,TCS_NS
2024-01-04,3369.288818359375,3666.800048828125,3719.0,3651.0,3701.75,3598144,TCS_NS
2024-01-05,3434.619873046875,3737.89990234375,3747.75,3674.85009765625,3675.0,1963127,TCS_NS
2024-01-08,3379.85595703125,3678.300048828125,3739.75,3672.39990234375,3737.89990234375,1067805,TCS_NS
2024-01-09,3390.5146484375,3689.89990234375,3752.35009765625,3682.75,3709.949951171875,1370944,TCS_NS
2024-01-10,3411.785888671875,3713.050048828125,3729.25,3688.0,3690.0,1292227,TCS_NS
2024-01-11,3432.461181640625,3735.550048828125,3773.0,3707.0,3724.0,1777909,TCS_NS
2024-01-12,3567.763671875,3882.800048828125,3905.25,3821.60009765625,3848.0,6813450,TCS_NS
2024-01-15,3587.0595703125,3903.800048828125,3965.0,3885.0,3960.0,2801505,TCS_NS
2024-01-16,3548.007568359375,3861.300048828125,3899.0,3855.550048828125,3899.0,1432672,TCS_NS
2024-01-17,3569.417236328125,3884.60009765625,3909.949951171875,3812.550048828125,3819.0,3458696,TCS_NS
2024-01-18,3585.95703125,3902.60009765625,3908.800048828125,3862.0,3898.0,2239110,TCS_NS
2024-01-19,3648.365966796875,3943.050048828125,3963.550048828125,3915.050048828125,3945.0,2941975,TCS_NS
2024-01-23,3569.903564453125,3858.25,3933.89990234375,3842.75,3900.0,2618854,TCS_NS
2024-01-24,3554.68310546875,3841.800048828125,3883.64990234375,3805.60009765625,3880.0,2657709,TCS_NS
2024-01-25,3525.537353515625,3810.300048828125,3861.0,3778.699951171875,3839.89990234375,2205154,TCS_NS
2024-01-29,3516.932373046875,3801.0,3820.0,3780.85009765625,3800.800048828125,1646747,TCS_NS
2024-01-30,3516.515869140625,3800.550048828125,3847.800048828125,3787.0,3807.449951171875,1411621,TCS_NS
2024-01-31,3530.7646484375,3815.949951171875,3834.0,3796.449951171875,3811.199951171875,2459358,TCS_NS
2024-02-01,3566.110107421875,3854.14990234375,3904.89990234375,3805.050048828125,3820.0,2363107,TCS_NS
2024-02-02,3669.87841796875,3966.300048828125,3984.39990234375,3872.0,3875.050048828125,2826510,TCS_NS
2024-02-05,3676.355224609375,3973.300048828125,4022.0,3962.10009765625,3983.0,1691523,TCS_NS
2024-02-06,3826.89599609375,4136.0,4149.89990234375,3990.0,3997.0,4474396,TCS_NS
2024-02-07,3778.22705078125,4083.39990234375,4155.0,4073.949951171875,4153.0,2124267,TCS_NS
2024-02-08,3825.13818359375,4134.10009765625,4158.0,4086.050048828125,4090.0,2345173,TCS_NS
2024-02-09,3824.7685546875,4133.7001953125,4184.75,4100.0,4136.5498046875,2100596,TCS_NS
2024-02-12,3812.73974609375,4120.7001953125,4159.60009765625,4105.5498046875,4130.0,1013716,TCS_NS
2024-02-13,3839.386962890625,4149.5,4170.0,4081.5,4125.4501953125,1257415,TCS_NS
2024-02-14,3793.678955078125,4100.10009765625,4114.89990234375,4049.5,4107.0,1391283,TCS_NS
2024-02-15,3796.547119140625,4103.2001953125,4146.2998046875,4083.0,4128.0,1091582,TCS_NS
2024-02-16,3819.771240234375,4128.2998046875,4147.9501953125,4100.10009765625,4113.25,1307556,TCS_NS
2024-02-19,3797.10205078125,4103.7998046875,4128.2998046875,4055.0,4123.0498046875,772291,TCS_NS
2024-02-20,3729.419189453125,4030.64990234375,4098.0,4010.0,4082.10009765625,1193648,TCS_NS
2024-02-21,3693.194580078125,3991.5,4063.35009765625,3980.60009765625,4013.0,1885939,TCS_NS
2024-02-22,3781.650634765625,4087.10009765625,4094.949951171875,3971.0,3971.0,2982052,TCS_NS
2024-02-23,3749.266357421875,4052.10009765625,4130.0,4046.39990234375,4130.0,2538072,TCS_NS
2024-02-26,3702.03125,4001.050048828125,4050.0,3982.75,4036.0,1379284,TCS_NS
2024-02-27,3797.657958984375,4104.39990234375,4124.0,3999.0,3999.0,2960475,TCS_NS
2024-02-28,3811.120361328125,4118.9501953125,4154.89990234375,4089.0,4095.60009765625,1939225,TCS_NS
2024-02-29,3789.052734375,4095.10009765625,4138.10009765625,4064.550048828125,4099.0,3772719,TCS_NS
2024-03-01,3788.359130859375,4094.35009765625,4140.0,4086.800048828125,4107.2001953125,2043265,TCS_NS
2024-03-04,3775.728759765625,4080.699951171875,4117.89990234375,4075.89990234375,4105.0,1749271,TCS_NS
2024-03-05,3712.255859375,4012.10009765625,4064.0,3980.0,4062.0,2070859,TCS_NS
2024-03-06,3760.55419921875,4064.300048828125,4072.0,3958.449951171875,3994.050048828125,1744204,TCS_NS
2024-03-07,3801.543701171875,4108.60009765625,4124.0,4037.699951171875,4065.0,2688905,TCS_NS
2024-03-11,3814.26611328125,4122.35009765625,4153.0,4089.0,4089.0,2304068,TCS_NS
2024-03-12,3878.941650390625,4192.25,4229.9501953125,4121.0498046875,4122.35009765625,4039801,TCS_NS
2024-03-13,3838.92431640625,4149.0,4241.0,4131.89990234375,4205.0,2837260,TCS_NS
2024-03-14,3893.145263671875,4207.60009765625,4225.0,4086.0,4153.4501953125,2919608,TCS_NS
2024-03-15,3903.92431640625,4219.25,4239.0,4177.0,4192.60009765625,3373143,TCS_NS
2024-03-18,3842.1630859375,4152.5,4254.75,4117.85009765625,4215.25,1526904,TCS_NS
2024-03-19,3680.056396484375,3977.300048828125,4058.0,3966.60009765625,4051.25,8931209,TCS_NS
2024-03-20,3674.134765625,3970.89990234375,4018.0,3960.199951171875,3986.0,1817913,TCS_NS
2024-03-21,3676.031494140625,3972.949951171875,4008.39990234375,3948.0,3990.050048828125,3829582,TCS_NS
2024-03-22,3618.61865234375,3910.89990234375,3938.0,3855.0,3897.0,5852485,TCS_NS
2024-03-26,3587.715087890625,3877.5,3946.699951171875,3871.449951171875,3875.0,3440925,TCS_NS
2024-03-27,3553.850341796875,3840.89990234375,3895.0,3829.39990234375,3888.5,1968575,TCS_NS
2024-03-28,3586.604736328125,3876.300048828125,3915.0,3840.5,3850.10009765625,4311783,TCS_NS
2024-04-01,3624.031982421875,3916.75,3933.300048828125,3888.050048828125,3897.699951171875,1569676,TCS_NS
2024-04-02,3593.54443359375,3883.800048828125,3909.85009765625,3873.0,3890.0,2142666,TCS_NS
2024-04-03,3652.29833984375,3947.300048828125,3981.0,3851.0,3851.0,3973090,TCS_NS
2024-04-04,3704.11328125,4003.300048828125,4028.64990234375,3935.25,3975.89990234375,3394637,TCS_NS
2024-04-05,3681.86083984375,3979.25,4002.0,3960.5,3978.0,1636819,TCS_NS
2024-04-08,3675.66162109375,3972.550048828125,4032.64990234375,3960.0,3983.0,2302538,TCS_NS
2024-04-09,3651.6044921875,3946.550048828125,4015.85009765625,3925.050048828125,3984.0,1876992,TCS_NS
2024-04-10,3686.85693359375,3984.64990234375,3990.199951171875,3918.0,3956.39990234375,2101965,TCS_NS
2024-04-12,3702.35498046875,4001.39990234375,4013.35009765625,3945.5,3971.0,4354821,TCS_NS
2024-04-15,3646.654541015625,3941.199951171875,4064.199951171875,3919.050048828125,4001.39990234375,4200329,TCS_NS
2024-04-16,3583.3662109375,3872.800048828125,3928.699951171875,3862.85009765625,3902.0,3051420,TCS_NS
2024-04-18,3573.373046875,3862.0,3936.0,3850.0,3876.800048828125,3476284,TCS_NS
2024-04-19,3540.248779296875,3826.199951171875,3852.550048828125,3800.89990234375,3838.0,2957749,TCS_NS
2024-04-22,3575.779052734375,3864.60009765625,3878.0,3812.0,3837.0,1728883,TCS_NS
2024-04-23,3585.1240234375,3874.699951171875,3895.0,3860.60009765625,3877.050048828125,1807586,TCS_NS
2024-04-24,3544.736572265625,3831.050048828125,3898.0,3824.449951171875,3890.0,1317312,TCS_NS
2024-04-25,3564.305419921875,3852.199951171875,3873.64990234375,3811.0,3811.199951171875,2856271,TCS_NS
2024-04-26,3535.761474609375,3821.35009765625,3876.800048828125,3802.550048828125,3855.14990234375,2039178,TCS_NS
2024-04-29,3580.96044921875,3870.199951171875,3877.800048828125,3819.199951171875,3838.0,1110693,TCS_NS
2024-04-30,3535.11328125,3820.64990234375,3881.75,3810.0,3872.0,2203078,TCS_NS
2024-05-02,3574.576171875,3863.300048828125,3871.10009765625,3778.050048828125,3778.050048828125,2491044,TCS_NS
2024-05-03,3556.163330078125,3843.39990234375,3893.60009765625,3797.60009765625,3890.14990234375,2962234,TCS_NS
2024-05-06,3628.01025390625,3921.050048828125,3939.949951171875,3853.0,3853.0,2053831,TCS_NS
2024-05-07,3681.582763671875,3978.949951171875,3988.0,3913.5,3930.800048828125,2062112,TCS_NS
2024-05-08,3679.732666015625,3976.949951171875,3984.300048828125,3938.60009765625,3961.0,1247685,TCS_NS
2024-05-09,3664.234375,3960.199951171875,3971.0,3910.050048828125,3962.0,1726486,TCS_NS
2024-05-10,3602.88916015625,3893.89990234375,3973.60009765625,3885.050048828125,3962.60009765625,1672489,TCS_NS
2024-05-13,3652.76123046875,3947.800048828125,3955.0,3870.0,3884.5,931326,TCS_NS
2024-05-14,3609.643798828125,3901.199951171875,3945.800048828125,3892.89990234375,3936.0,1058317,TCS_NS
2024-05-15,3590.397705078125,3880.39990234375,3926.949951171875,3875.5,3904.5,1115021,TCS_NS
2024-05-16,3635.646484375,3900.949951171875,3909.5,3843.5,3891.10009765625,2599399,TCS_NS
2024-05-17,3573.3427734375,3834.10009765625,3920.0,3830.0,3919.0,2765804,TCS_NS
2024-05-21,3560.38818359375,3820.199951171875,3844.75,3810.050048828125,3830.60009765625,1908117,TCS_NS
2024-05-22,3571.385986328125,3832.0,3841.25,3817.550048828125,3835.0,1311168,TCS_NS
2024-05-23,3628.656005859375,3893.449951171875,3905.0,3825.5,3840.949951171875,2095742,TCS_NS
2024-05-24,3587.6953125,3849.5,3883.800048828125,3844.300048828125,3878.25,1309452,TCS_NS
2024-05-27,3585.411865234375,3847.050048828125,3908.35009765625,3841.35009765625,3855.0,1841538,TCS_NS
2024-05-28,3578.748046875,3839.89990234375,3870.0,3830.0,3858.0,1801993,TCS_NS
2024-05-29,3544.963623046875,3803.64990234375,3848.89990234375,3800.0,3848.89990234375,1568095,TCS_NS
2024-05-30,3482.0078125,3736.10009765625,3794.39990234375,3715.449951171875,3777.0,2919230,TCS_NS
2024-05-31,3421.28857421875,3670.949951171875,3749.800048828125,3653.75,3740.0,10956800,TCS_NS
2024-06-03,3451.019287109375,3702.85009765625,3751.550048828125,3696.0,3732.800048828125,2156773,TCS_NS
2024-06-04,3462.343017578125,3715.0,3745.0,3591.5,3700.0,3395997,TCS_NS
2024-06-05,3491.653564453125,3746.449951171875,3783.800048828125,3700.0,3716.0,2799670,TCS_NS
2024-06-06,3569.894287109375,3830.39990234375,3839.89990234375,3741.5,3781.0,4328036,TCS_NS
2024-06-07,3629.122314453125,3893.949951171875,3915.0,3837.300048828125,3837.300048828125,4552445,TCS_NS
2024-06-10,3596.27001953125,3858.699951171875,3905.89990234375,3841.89990234375,3895.0,1734661,TCS_NS
2024-06-11,3590.118408203125,3852.10009765625,3879.949951171875,3841.0,3845.0,1419898,TCS_NS
2024-06-12,3571.05908203125,3831.64990234375,3893.5,3827.449951171875,3874.39990234375,2177001,TCS_NS
2024-06-13,3614.396728515625,3878.14990234375,3890.0,3852.0,3856.800048828125,1932323,TCS_NS
2024-06-14,3571.43212890625,3832.050048828125,3889.0,3828.0,3889.0,1860730,TCS_NS
2024-06-18,3555.635009765625,3815.10009765625,3842.0,3795.050048828125,3826.050048828125,1774045,TCS_NS
2024-06-19,3543.146484375,3801.699951171875,3833.85009765625,3792.949951171875,3827.64990234375,1509050,TCS_NS
2024-06-20,3529.6787109375,3787.25,3809.949951171875,3780.050048828125,3796.0,2846526,TCS_NS
2024-06-21,3551.58056640625,3810.75,3877.800048828125,3798.050048828125,3827.0,4642195,TCS_NS
2024-06-24,3557.219482421875,3816.800048828125,3857.0,3791.300048828125,3808.75,1702154,TCS_NS
2024-06-25,3577.397216796875,3838.449951171875,3847.64990234375,3792.89990234375,3817.0,1338808,TCS_NS
2024-06-26,3593.613525390625,3855.85009765625,3866.949951171875,3841.0,3844.5,1639845,TCS_NS
2024-06-27,3666.58837890625,3934.14990234375,3942.0,3818.10009765625,3831.0,4526556,TCS_NS
2024-06-28,3638.628662109375,3904.14990234375,3960.0,3897.85009765625,3917.800048828125,2731571,TCS_NS
2024-07-01,3707.642578125,3978.199951171875,4001.699951171875,3884.0,3884.0,2658723,TCS_NS
2024-07-02,3744.176513671875,4017.39990234375,4023.39990234375,3982.550048828125,3993.60009765625,2307449,TCS_NS
2024-07-03,3695.5732421875,3965.25,4026.10009765625,3955.0,4020.0,1821198,TCS_NS
2024-07-04,3747.485107421875,4020.949951171875,4047.35009765625,3982.10009765625,3999.85009765625,2518001,TCS_NS
2024-07-05,3738.95751953125,4011.800048828125,4026.75,3988.0,4010.0,1668616,TCS_NS
2024-07-08,3721.62255859375,3993.199951171875,4031.25,3978.050048828125,4022.0,1758882,TCS_NS
2024-07-09,3714.446044921875,3985.5,4006.949951171875,3975.10009765625,3985.0,1305801,TCS_NS
2024-07-10,3643.28857421875,3909.14990234375,4003.300048828125,3902.0,3983.699951171875,2669716,TCS_NS
2024-07-11,3656.84912109375,3923.699951171875,3980.0,3895.60009765625,3931.0,4872189,TCS_NS
2024-07-12,3899.39990234375,4183.9501953125,4199.9501953125,3971.300048828125,3980.0,13509164,TCS_NS
2024-07-15,3885.65283203125,4169.2001953125,4240.0,4157.0498046875,4235.7001953125,4848030,TCS_NS
2024-07-16,3894.273681640625,4178.4501953125,4194.5498046875,4144.89990234375,4172.0,2029521,TCS_NS
2024-07-18,4022.04931640625,4315.5498046875,4325.0,4160.0,4160.0,5613364,TCS_NS
2024-07-19,4019.1064453125,4302.39990234375,4358.75,4285.25,4317.39990234375,3903354,TCS_NS
2024-07-22,4005.047607421875,4287.35009765625,4319.9501953125,4265.0,4299.9501953125,1896386,TCS_NS
2024-07-23,4019.0595703125,4302.35009765625,4361.7001953125,4266.2998046875,4283.0,2365208,TCS_NS
2024-07-24,4022.703369140625,4306.25,4339.10009765625,4268.10009765625,4287.5,1809793,TCS_NS
2024-07-25,4037.8828125,4322.5,4343.0,4274.2001953125,4295.0,2810342,TCS_NS
2024-07-26,4098.9306640625,4387.85009765625,4422.4501953125,4337.0498046875,4350.0,3552210,TCS_NS
2024-07-29,4092.62451171875,4381.10009765625,4431.0,4371.0,4415.0,1746803,TCS_NS
2024-07-30,4077.912109375,4365.35009765625,4398.0,4327.2998046875,4391.10009765625,1797906,TCS_NS
2024-07-31,4096.5947265625,4385.35009765625,4414.0,4345.0,4350.0,2330091,TCS_NS
2024-08-01,4107.5712890625,4397.10009765625,4419.2998046875,4365.0498046875,4399.39990234375,2202244,TCS_NS
2024-08-02,4001.0302734375,4283.0498046875,4398.0,4270.0,4365.0,2811282,TCS_NS
2024-08-05,3881.458740234375,4155.0498046875,4239.0,4110.5,4239.0,2787771,TCS_NS
2024-08-06,3896.545654296875,4171.2001953125,4258.25,4160.7998046875,4170.9501953125,2203067,TCS_NS
2024-08-07,3923.869873046875,4200.4501953125,4244.9501953125,4180.2998046875,4228.0,1237666,TCS_NS
2024-08-08,3897.806884765625,4172.5498046875,4232.0,4160.0,4181.0,2441283,TCS_NS
2024-08-09,3950.30615234375,4228.75,4253.64990234375,4205.5498046875,4217.0,1302536,TCS_NS
2024-08-12,3919.385498046875,4195.64990234375,4239.0,4186.35009765625,4230.0,936912,TCS_NS
2024-08-13,3920.600341796875,4196.9501953125,4234.0,4183.0,4213.0,1495593,TCS_NS
2024-08-14,4012.42724609375,4295.25,4306.2001953125,4188.14990234375,4209.0,3226545,TCS_NS
2024-08-16,4125.2734375,4416.0498046875,4427.0,4325.10009765625,4350.0,3457058,TCS_NS
2024-08-19,4194.35400390625,4490.0,4494.25,4390.35009765625,4421.0,2055210,TCS_NS
2024-08-20,4225.46142578125,4523.2998046875,4565.0,4500.0,4505.0,2212298,TCS_NS
2024-08-21,4251.80517578125,4551.5,4560.0,4492.5498046875,4518.0,1896990,TCS_NS
2024-08-22,4205.56396484375,4502.0,4560.9501953125,4497.2001953125,4560.0,1829872,TCS_NS
2024-08-23,4169.97314453125,4463.89990234375,4506.0,4455.0,4500.0,1809253,TCS_NS
2024-08-26,4205.984375,4502.4501953125,4552.14990234375,4485.0,4489.0,1844164,TCS_NS
2024-08-27,4201.033203125,4497.14990234375,4510.0,4486.7998046875,4505.0,930697,TCS_NS
2024-08-28,4209.34765625,4506.0498046875,4562.5,4457.2998046875,4498.75,1848058,TCS_NS
2024-08-29,4214.7177734375,4511.7998046875,4556.0,4460.0,4460.0,2133641,TCS_NS
2024-08-30,4253.90576171875,4553.75,4592.25,4487.7998046875,4500.0,3637222,TCS_NS
2024-09-02,4223.35986328125,4521.0498046875,4588.0,4512.0,4576.0,1216500,TCS_NS
2024-09-03,4215.232421875,4512.35009765625,4555.89990234375,4495.89990234375,4521.0498046875,1717263,TCS_NS
2024-09-04,4184.31201171875,4479.25,4487.0,4436.7001953125,4476.9501953125,1265505,TCS_NS
2024-09-05,4181.2294921875,4475.9501953125,4499.0,4454.14990234375,4481.0,1688793,TCS_NS
2024-09-06,4163.29345703125,4456.75,4518.9501953125,4440.0,4473.9501953125,1649179,TCS_NS
2024-09-09,4156.56787109375,4449.5498046875,4490.25,4430.5,4455.0,1184938,TCS_NS
2024-09-10,4211.02880859375,4507.85009765625,4539.9501953125,4440.4501953125,4442.4501953125,1385591,TCS_NS
2024-09-11,4184.4052734375,4479.35009765625,4549.35009765625,4471.25,4521.4501953125,1325919,TCS_NS
2024-09-12,4220.23046875,4517.7001953125,4532.60009765625,4431.2998046875,4510.25,2742216,TCS_NS
2024-09-13,4224.8076171875,4522.60009765625,4547.0,4505.0,4530.0,1458786,TCS_NS
2024-09-16,4216.0732421875,4513.25,4546.0498046875,4494.4501953125,4527.0,1155120,TCS_NS
2024-09-17,4208.9736328125,4505.64990234375,4535.7998046875,4466.0,4513.25,1699364,TCS_NS
2024-09-18,4059.975830078125,4346.14990234375,4497.0498046875,4321.0,4497.0498046875,2961779,TCS_NS
2024-09-19,4013.26806640625,4296.14990234375,4422.2001953125,4281.7998046875,4390.0498046875,2927551,TCS_NS
2024-09-20,4002.759033203125,4284.89990234375,4330.7001953125,4227.5,4316.89990234375,5447908,TCS_NS
2024-09-23,3987.43896484375,4268.5,4309.39990234375,4253.0,4300.0,1702319,TCS_NS
2024-09-24,3990.0537109375,4271.2998046875,4291.0,4240.0,4251.64990234375,3012026,TCS_NS
2024-09-25,3993.27734375,4274.75,4289.60009765625,4240.0,4252.35009765625,2713073,TCS_NS
2024-09-26,4009.858642578125,4292.5,4316.7998046875,4260.0,4260.0,3964251,TCS_NS
2024-09-27,4024.992431640625,4308.7001953125,4378.0,4300.0498046875,4335.0,3012477,TCS_NS
2024-09-30,3987.43896484375,4268.5,4298.75,4260.0498046875,4286.89990234375,2503416,TCS_NS
2024-10-01,4005.561279296875,4287.89990234375,4295.75,4242.9501953125,4255.5498046875,1823365,TCS_NS
2024-10-03,3954.042724609375,4232.75,4279.0,4210.0,4262.60009765625,3350119,TCS_NS
2024-10-04,3972.2587890625,4252.25,4298.0,4224.0498046875,4225.0,2965463,TCS_NS
2024-10-07,3991.503173828125,4272.85009765625,4297.25,4229.39990234375,4273.89990234375,1472619,TCS_NS
2024-10-08,3973.193115234375,4253.25,4279.39990234375,4203.9501953125,4272.60009765625,1541867,TCS_NS
2024-10-09,3972.912841796875,4252.9501953125,4295.0,4246.7001953125,4260.0,1082504,TCS_NS
2024-10-10,3949.045166015625,4227.39990234375,4293.85009765625,4198.60009765625,4253.25,2378875,TCS_NS
2024-10-11,3875.994384765625,4149.2001953125,4241.9501953125,4112.4501953125,4143.0,5759183,TCS_NS
2024-10-14,3864.2705078125,4136.64990234375,4165.39990234375,4122.2001953125,4140.0,2137590,TCS_NS
2024-10-15,3845.72705078125,4116.7998046875,4169.9501953125,4095.0,4131.0498046875,2759474,TCS_NS
2024-10-16,3825.316162109375,4094.949951171875,4115.0,4067.199951171875,4085.0,2359151,TCS_NS
2024-10-17,3838.441162109375,4109.0,4129.9501953125,4092.949951171875,4112.7998046875,2522659,TCS_NS
2024-10-18,3860.96240234375,4123.0498046875,4146.14990234375,4080.0,4090.0,2361000,TCS_NS
2024-10-21,3820.508544921875,4079.85009765625,4139.9501953125,4070.0,4132.60009765625,1595450,TCS_NS
2024-10-22,3760.2490234375,4015.5,4089.800048828125,4006.35009765625,4066.0,1928049,TCS_NS
2024-10-23,3807.77294921875,4066.25,4113.5498046875,3995.14990234375,3999.60009765625,1966476,TCS_NS
2024-10-24,3790.589599609375,4047.89990234375,4079.0,4004.0,4004.0,2676744,TCS_NS
2024-10-25,3799.626220703125,4057.550048828125,4092.0,4032.699951171875,4057.050048828125,1759676,TCS_NS
2024-10-28,3830.80908203125,4090.85009765625,4134.0,4051.0,4068.949951171875,1532534,TCS_NS
2024-10-29,3816.20068359375,4075.25,4103.5,4060.10009765625,4095.85009765625,1445885,TCS_NS
2024-10-30,3825.003173828125,4084.64990234375,4107.0,4060.050048828125,4075.0,1935002,TCS_NS
2024-10-31,3716.189697265625,3968.449951171875,4078.300048828125,3960.0,4070.0,3740372,TCS_NS
2024-11-01,3730.93896484375,3984.199951171875,3998.949951171875,3976.050048828125,3989.85009765625,154895,TCS_NS
2024-11-04,3712.162841796875,3964.14990234375,3991.89990234375,3913.25,3966.300048828125,2269192,TCS_NS
2024-11-05,3718.905517578125,3971.35009765625,3986.0,3941.10009765625,3941.10009765625,967590,TCS_NS
2024-11-06,3876.507080078125,4139.64990234375,4149.7998046875,3975.25,4003.60009765625,3792017,TCS_NS
2024-11-07,3887.042236328125,4150.89990234375,4205.7998046875,4085.050048828125,4169.7001953125,3724349,TCS_NS
2024-11-08,3883.389892578125,4147.0,4169.75,4117.64990234375,4155.0,1648039,TCS_NS
2024-11-11,3931.803466796875,4198.7001953125,4234.2998046875,4117.64990234375,4128.2001953125,1406487,TCS_NS
2024-11-12,3930.586181640625,4197.39990234375,4218.0,4164.35009765625,4216.0,1587640,TCS_NS
2024-11-13,3886.527099609375,4150.35009765625,4196.75,4131.0498046875,4178.10009765625,1098813,TCS_NS
2024-11-14,3882.35986328125,4145.89990234375,4160.0,4116.4501953125,4135.0,1825432,TCS_NS
2024-11-18,3763.99462890625,4019.5,4213.0,3990.199951171875,4213.0,3313944,TCS_NS
2024-11-19,3782.770263671875,4039.550048828125,4132.14990234375,4014.10009765625,4019.89990234375,1776233,TCS_NS
2024-11-21,3813.953369140625,4072.85009765625,4092.449951171875,4024.0,4044.89990234375,2384347,TCS_NS
2024-11-22,3974.78564453125,4244.60009765625,4254.9501953125,4054.0,4071.0,3096553,TCS_NS
2024-11-25,4040.8046875,4315.10009765625,4328.10009765625,4252.2001953125,4280.0,4052167,TCS_NS
2024-11-26,4076.014404296875,4352.7001953125,4366.60009765625,4310.0,4321.0498046875,2060669,TCS_NS
2024-11-27,4057.145263671875,4332.5498046875,4377.39990234375,4324.0498046875,4358.9501953125,1558993,TCS_NS
2024-11-28,3975.066650390625,4244.89990234375,4339.9501953125,4233.0,4319.0,2558544,TCS_NS
2024-11-29,3999.367431640625,4270.85009765625,4298.7001953125,4195.64990234375,4220.0,2017425,TCS_NS
2024-12-02,4004.79833984375,4276.64990234375,4288.2001953125,4230.0498046875,4270.0,1670944,TCS_NS
2024-12-03,4029.23974609375,4302.75,4325.0,4265.4501953125,4314.35009765625,2010905,TCS_NS
2024-12-04,4077.6064453125,4354.39990234375,4386.9501953125,4289.0498046875,4313.5498046875,3302642,TCS_NS
2024-12-05,4180.2861328125,4464.0498046875,4489.0,4360.0,4400.7998046875,3746747,TCS_NS
2024-12-06,4162.91552734375,4445.5,4465.0,4412.75,4453.0,1842087,TCS_NS
2024-12-09,4169.14208984375,4452.14990234375,4469.39990234375,4415.5498046875,4430.4501953125,2066639,TCS_NS
2024-12-10,4150.78857421875,4432.5498046875,4493.7998046875,4412.10009765625,4426.14990234375,2087828,TCS_NS
2024-12-11,4146.0126953125,4427.4501953125,4448.64990234375,4407.0,4431.85009765625,1635256,TCS_NS
2024-12-12,4171.7646484375,4454.9501953125,4485.0,4426.0,4430.0498046875,1914642,TCS_NS
2024-12-13,4189.5107421875,4473.89990234375,4494.89990234375,4394.39990234375,4434.9501953125,1967048,TCS_NS
2024-12-16,4134.54150390625,4415.2001953125,4475.0,4397.0,4459.0,1646224,TCS_NS
2024-12-17,4053.352783203125,4328.5,4432.9501953125,4318.0,4410.0,3225027,TCS_NS
2024-12-18,4071.472900390625,4347.85009765625,4362.0,4289.60009765625,4311.7001953125,1575404,TCS_NS
2024-12-19,4000.350830078125,4271.89990234375,4364.0,4262.0,4282.0,3015763,TCS_NS
2024-12-20,3905.208740234375,4170.2998046875,4382.0,4152.5,4329.0,4116989,TCS_NS
2024-12-23,3893.97119140625,4158.2998046875,4217.0,4114.89990234375,4200.0498046875,2195338,TCS_NS
2024-12-24,3913.823974609375,4179.5,4218.0,4158.2998046875,4158.2998046875,1181886,TCS_NS
2024-12-26,3904.085205078125,4169.10009765625,4199.9501953125,4143.14990234375,4179.5,1208464,TCS_NS
2024-12-27,3900.10546875,4164.85009765625,4180.9501953125,4147.25,4163.0,858100,TCS_NS
2024-12-30,3894.440185546875,4158.7998046875,4199.2998046875,4112.0,4151.0,1527169,TCS_NS
2024-12-31,3834.50830078125,4094.800048828125,4139.9501953125,4032.050048828125,4135.0,1555429,TCS_NS
2025-01-01,3851.0361328125,4112.4501953125,4134.0,4085.449951171875,4094.39990234375,763161,TCS_NS
2025-01-02,3910.3125,4175.75,4183.0,4096.9501953125,4120.0,1720835,TCS_NS
2025-01-03,3839.283935546875,4099.89990234375,4179.9501953125,4092.300048828125,4179.9501953125,1791953,TCS_NS
2025-01-06,3834.6953125,4095.0,4149.64990234375,4066.39990234375,4105.5,2085593,TCS_NS
2025-01-07,3772.235107421875,4028.300048828125,4140.35009765625,4011.550048828125,4114.9501953125,2669054,TCS_NS
2025-01-08,3847.243408203125,4108.39990234375,4126.0,4017.75,4034.89990234375,2181277,TCS_NS
2025-01-09,3782.114501953125,4038.85009765625,4137.75,4025.300048828125,4101.0,2392472,TCS_NS
2025-01-10,3994.497314453125,4265.64990234375,4297.0,4170.0,4200.0,7894300,TCS_NS
2025-01-13,4018.330322265625,4291.10009765625,4322.9501953125,4227.39990234375,4245.0,4003771,TCS_NS
2025-01-14,3963.9697265625,4233.0498046875,4313.89990234375,4219.0498046875,4302.0,3441709,TCS_NS
2025-01-15,3979.46875,4249.60009765625,4256.4501953125,4207.4501953125,4218.0,1653474,TCS_NS
2025-01-16,3938.92041015625,4206.2998046875,4294.0,4191.85009765625,4260.0,2637705,TCS_NS
2025-01-17,3933.1982421875,4124.2998046875,4160.60009765625,4100.0498046875,4159.89990234375,1761466,TCS_NS
2025-01-20,3888.853271484375,4077.800048828125,4145.7998046875,4068.10009765625,4145.7998046875,1287799,TCS_NS
2025-01-21,3848.846923828125,4035.85009765625,4111.0,4030.0,4095.300048828125,1971591,TCS_NS
2025-01-22,3964.001708984375,4156.60009765625,4163.14990234375,4044.199951171875,4050.0,2409223,TCS_NS
2025-01-23,3953.368408203125,4145.4501953125,4191.35009765625,4140.0498046875,4168.0,1822998,TCS_NS
2025-01-24,3959.94921875,4152.35009765625,4178.0,4104.0,4104.0,1910099,TCS_NS
2025-01-27,3876.7890625,4065.14990234375,4156.35009765625,4041.050048828125,4102.0,1551782,TCS_NS
2025-01-28,3853.0908203125,4040.300048828125,4102.0,4028.300048828125,4070.800048828125,2468272,TCS_NS
2025-01-29,3909.83349609375,4099.7998046875,4107.85009765625,4054.0,4054.0,1217089,TCS_NS
2025-01-30,3910.072021484375,4100.0498046875,4129.89990234375,4058.5,4099.89990234375,1531251,TCS_NS
2025-01-31,3921.85009765625,4112.39990234375,4128.4501953125,4085.25,4110.0,1492943,TCS_NS
2025-02-01,3884.41845703125,4073.14990234375,4135.89990234375,4056.0,4113.0,437172,TCS_NS
2025-02-03,3880.126953125,4068.64990234375,4077.0,3998.699951171875,4030.89990234375,1265713,TCS_NS
2025-02-04,3916.74755859375,4107.0498046875,4118.85009765625,4066.050048828125,4083.699951171875,2547132,TCS_NS
2025-02-05,3901.536865234375,4091.10009765625,4150.0,4076.0,4150.0,1693912,TCS_NS
2025-02-06,3893.57373046875,4082.75,4139.5,4051.550048828125,4105.39990234375,2284536,TCS_NS
2025-02-07,3842.69580078125,4029.39990234375,4090.0,4008.0,4090.0,1548940,TCS_NS
2025-02-10,3849.89599609375,4036.949951171875,4052.0,4014.35009765625,4040.0,1339511,TCS_NS
2025-02-11,3779.89697265625,3963.550048828125,4040.0,3955.0,4018.39990234375,1810908,TCS_NS
2025-02-12,3767.11767578125,3950.14990234375,4021.75,3940.14990234375,3971.10009765625,1678002,TCS_NS
2025-02-13,3728.97119140625,3910.14990234375,3984.449951171875,3902.25,3968.0,2277310,TCS_NS
2025-02-14,3752.527099609375,3934.85009765625,3948.0,3900.0,3925.0,1681975,TCS_NS
2025-02-17,3723.5830078125,3904.5,3934.0,3856.199951171875,3856.5,1799806,TCS_NS
2025-02-18,3693.733154296875,3873.199951171875,3924.39990234375,3864.5,3898.39990234375,2149879,TCS_NS
2025-02-19,3608.761962890625,3784.10009765625,3874.949951171875,3768.14990234375,3872.199951171875,4366672,TCS_NS
2025-02-20,3604.279541015625,3779.39990234375,3788.0,3751.300048828125,3761.5,2888572,TCS_NS
2025-02-21,3610.57373046875,3786.0,3817.0,3775.0,3776.10009765625,1833931,TCS_NS
2025-02-24,3505.289306640625,3675.60009765625,3763.199951171875,3670.0,3743.14990234375,2508516,TCS_NS
2025-02-25,3461.373046875,3629.550048828125,3658.0,3621.25,3625.0,4101954,TCS_NS
2025-02-27,3445.16064453125,3612.550048828125,3638.0,3600.699951171875,3611.699951171875,3823856,TCS_NS
2025-02-28,3321.851806640625,3483.25,3600.0,3457.0,3584.949951171875,7085018,TCS_NS
2025-03-03,3331.19775390625,3493.050048828125,3523.25,3476.14990234375,3485.0,4990439,TCS_NS
2025-03-04,3368.390625,3532.050048828125,3551.0,3464.300048828125,3474.0,2797737,TCS_NS
2025-03-05,3382.695556640625,3547.050048828125,3600.35009765625,3520.85009765625,3520.85009765625,2501894,TCS_NS
2025-03-06,3434.71826171875,3601.60009765625,3609.449951171875,3536.10009765625,3557.0,2786513,TCS_NS
2025-03-07,3443.873291015625,3611.199951171875,3625.0,3574.39990234375,3600.0,2051315,TCS_NS
2025-03-10,3423.32177734375,3589.64990234375,3622.10009765625,3582.60009765625,3606.5,1004626,TCS_NS
2025-03-11,3409.63671875,3575.300048828125,3588.75,3537.64990234375,3558.0,1995450,TCS_NS
2025-03-12,3343.738525390625,3506.199951171875,3569.25,3486.85009765625,3565.0,3174167,TCS_NS
2025-03-13,3348.36376953125,3511.050048828125,3524.300048828125,3484.10009765625,3502.300048828125,1693004,TCS_NS
2025-03-17,3335.632080078125,3497.699951171875,3530.449951171875,3477.35009765625,3489.0,2690906,TCS_NS
2025-03-18,3335.632080078125,3497.699951171875,3497.699951171875,3497.699951171875,3497.699951171875,0,TCS_NS
2025-03-19,3335.06005859375,3497.10009765625,3547.0,3462.75,3547.0,3051244,TCS_NS
2025-03-20,3398.049560546875,3563.14990234375,3578.949951171875,3512.0,3512.0,2845192,TCS_NS
2025-03-21,3412.30712890625,3578.10009765625,3616.25,3465.0,3475.0,4161925,TCS_NS
2025-03-24,3460.80078125,3628.949951171875,3649.75,3566.60009765625,3600.0,1834751,TCS_NS
2025-03-25,3488.266357421875,3657.75,3710.0,3638.0,3645.0,3135390,TCS_NS
2025-03-26,3467.33349609375,3635.800048828125,3680.5,3625.85009765625,3647.75,1734499,TCS_NS
2025-03-27,3482.02001953125,3651.199951171875,3663.0,3610.5,3614.85009765625,2528474,TCS_NS
2025-03-28,3439.05712890625,3606.14990234375,3660.949951171875,3591.89990234375,3651.0,2051919,TCS_NS
2025-04-01,3386.27197265625,3550.800048828125,3584.0,3525.0,3572.699951171875,2618493,TCS_NS
2025-04-02,3379.739013671875,3543.949951171875,3564.10009765625,3530.050048828125,3544.0,1764313,TCS_NS
2025-04-03,3245.463134765625,3403.14990234375,3502.0,3396.14990234375,3491.0,4537821,TCS_NS
2025-04-04,3146.5205078125,3299.39990234375,3399.64990234375,3295.5,3362.60009765625,5317367,TCS_NS
2025-04-07,3122.345458984375,3274.050048828125,3291.39990234375,3056.050048828125,3100.0,6623955,TCS_NS
2025-04-08,3140.369384765625,3292.949951171875,3349.0,3255.300048828125,3302.050048828125,5557558,TCS_NS
2025-04-09,3096.167236328125,3246.60009765625,3270.0,3212.050048828125,3260.550048828125,2990265,TCS_NS
2025-04-11,3081.766845703125,3231.5,3298.949951171875,3206.0,3289.550048828125,7108961,TCS_NS
2025-04-15,3097.69287109375,3248.199951171875,3314.39990234375,3238.60009765625,3314.39990234375,3512160,TCS_NS
2025-04-16,3122.107177734375,3273.800048828125,3278.10009765625,3229.0,3248.199951171875,2384391,TCS_NS
2025-04-17,3146.04345703125,3298.89990234375,3303.60009765625,3218.0,3245.5,2932346,TCS_NS
2025-04-21,3167.69189453125,3321.60009765625,3354.0,3284.10009765625,3290.10009765625,2432946,TCS_NS
2025-04-22,3160.825439453125,3314.39990234375,3333.89990234375,3295.0,3322.60009765625,2710498,TCS_NS
2025-04-23,3254.856689453125,3413.0,3420.89990234375,3337.300048828125,3365.0,3543923,TCS_NS
2025-04-24,3243.985107421875,3401.60009765625,3412.5,3387.699951171875,3401.10009765625,2252175,TCS_NS
2025-04-25,3288.235107421875,3448.0,3477.800048828125,3405.0,3420.0,2742991,TCS_NS
2025-04-28,3283.943603515625,3443.5,3457.800048828125,3405.0,3435.0,1593296,TCS_NS
2025-04-29,3311.60009765625,3472.5,3495.0,3430.39990234375,3455.0,1578332,TCS_NS
2025-04-30,3293.6708984375,3453.699951171875,3509.89990234375,3366.0,3472.0,2809332,TCS_NS
2025-05-02,3272.022705078125,3431.0,3491.5,3420.0,3472.0,1721761,TCS_NS
2025-05-05,3294.243408203125,3454.300048828125,3504.5,3446.39990234375,3450.0,1284443,TCS_NS
2025-05-06,3299.679443359375,3460.0,3473.0,3437.0,3460.0,1324763,TCS_NS
2025-05-07,3285.4697265625,3445.10009765625,3459.5,3420.60009765625,3420.60009765625,1477128,TCS_NS
2025-05-08,3289.093505859375,3448.89990234375,3477.0,3428.699951171875,3448.0,2543591,TCS_NS
2025-05-09,3280.891845703125,3440.300048828125,3446.199951171875,3398.10009765625,3399.0,2531757,TCS_NS
2025-05-12,3452.64697265625,3620.39990234375,3630.5,3502.199951171875,3505.0,2228678,TCS_NS
2025-05-13,3352.130859375,3515.0,3623.0,3510.5,3620.39990234375,3062887,TCS_NS
2025-05-14,3384.269287109375,3548.699951171875,3561.0,3508.60009765625,3521.0,2119499,TCS_NS
2025-05-15,3414.0234375,3579.89990234375,3600.0,3514.10009765625,3564.0,3548330,TCS_NS
2025-05-16,3396.285400390625,3561.300048828125,3593.89990234375,3546.10009765625,3593.89990234375,1666727,TCS_NS
2025-05-19,3355.754638671875,3518.800048828125,3550.0,3503.699951171875,3550.0,2537377,TCS_NS
2025-05-20,3336.20458984375,3498.300048828125,3558.0,3494.0,3531.800048828125,2038374,TCS_NS
2025-05-21,3362.430419921875,3525.800048828125,3537.0,3498.300048828125,3508.0,1440153,TCS_NS
2025-05-22,3315.89111328125,3477.0,3497.800048828125,3451.300048828125,3495.0,2034383,TCS_NS
2025-05-23,3351.74951171875,3514.60009765625,3535.0,3465.60009765625,3477.0,1274331,TCS_NS
2025-05-26,3373.3974609375,3537.300048828125,3545.0,3510.10009765625,3521.0,967470,TCS_NS
2025-05-27,3336.5859375,3498.699951171875,3540.0,3483.10009765625,3532.0,2467680,TCS_NS
2025-05-28,3335.632080078125,3497.699951171875,3529.0,3493.0,3520.0,1222933,TCS_NS
2025-05-29,3336.013916015625,3498.10009765625,3532.5,3486.5,3504.699951171875,3188072,TCS_NS
2025-05-30,3302.92138671875,3463.39990234375,3506.699951171875,3453.10009765625,3490.0,3404365,TCS_NS
2025-06-02,3289.95166015625,3449.800048828125,3460.0,3418.60009765625,3450.0,1877585,TCS_NS
2025-06-03,3247.418212890625,3405.199951171875,3473.5,3400.5,3446.0,2848125,TCS_NS
2025-06-04,3252.902587890625,3380.89990234375,3394.800048828125,3370.0,3389.0,2544807,TCS_NS
2025-06-05,3243.4736328125,3371.10009765625,3409.0,3363.699951171875,3409.0,3584683,TCS_NS
2025-06-06,3256.07763671875,3384.199951171875,3390.89990234375,3358.699951171875,3371.10009765625,2070390,TCS_NS
2025-06-09,3292.350341796875,3421.89990234375,3434.0,3390.89990234375,3400.0,1718678,TCS_NS
2025-06-10,3331.7978515625,3462.89990234375,3485.800048828125,3423.199951171875,3440.0,2419874,TCS_NS
2025-06-11,3340.457275390625,3471.89990234375,3489.0,3449.10009765625,3470.0,2847013,TCS_NS
2025-06-12,3304.184814453125,3434.199951171875,3474.699951171875,3423.199951171875,3471.89990234375,4060134,TCS_NS
2025-06-13,3315.249267578125,3445.699951171875,3450.5,3393.199951171875,3393.199951171875,2178493,TCS_NS
2025-06-16,3363.93359375,3496.300048828125,3509.0,3426.199951171875,3440.0,1934088,TCS_NS
2025-06-17,3382.21435546875,3515.300048828125,3520.0,3488.10009765625,3510.0,2111940,TCS_NS
2025-06-18,3320.733154296875,3451.39990234375,3538.0,3443.10009765625,3519.10009765625,2696327,TCS_NS
2025-06-19,3294.37109375,3424.0,3451.0,3413.0,3450.0,2672768,TCS_NS
2025-06-20,3305.627685546875,3435.699951171875,3446.300048828125,3410.89990234375,3425.0,2351248,TCS_NS
2025-06-23,3265.1220703125,3393.60009765625,3425.0,3370.0,3415.0,3123421,TCS_NS
2025-06-24,3262.042724609375,3390.39990234375,3442.10009765625,3382.0,3434.60009765625,3403048,TCS_NS
2025-06-25,3314.38330078125,3444.800048828125,3450.0,3400.0,3407.300048828125,1757699,TCS_NS
2025-06-26,3311.496826171875,3441.800048828125,3451.39990234375,3415.300048828125,3444.800048828125,2879106,TCS_NS
2025-06-27,3310.82373046875,3441.10009765625,3466.39990234375,3431.0,3455.0,1778433,TCS_NS
2025-06-30,3330.931884765625,3462.0,3464.89990234375,3430.0,3439.89990234375,1468351,TCS_NS
2025-07-01,3299.854736328125,3429.699951171875,3485.0,3413.5,3455.0,2375183,TCS_NS
2025-07-02,3293.697265625,3423.300048828125,3489.89990234375,3420.0,3487.199951171875,3090585,TCS_NS
2025-07-03,3272.049072265625,3400.800048828125,3435.300048828125,3397.60009765625,3430.0,2531870,TCS_NS
2025-07-04,3290.330078125,3419.800048828125,3427.0,3390.10009765625,3408.0,1109320,TCS_NS
2025-07-07,3282.536376953125,3411.699951171875,3426.10009765625,3408.39990234375,3418.300048828125,1639174,TCS_NS
2025-07-08,3277.244873046875,3406.199951171875,3425.0,3393.39990234375,3405.0,2325242,TCS_NS
2025-07-09,3255.693115234375,3383.800048828125,3414.0,3367.0,3410.0,2034938,TCS_NS
2025-07-10,3253.9609375,3382.0,3399.0,3356.0,3380.0,3035012,TCS_NS
2025-07-11,3142.3525390625,3266.0,3335.0,3261.10009765625,3299.89990234375,7635550,TCS_NS
2025-07-14,3100.691650390625,3222.699951171875,3272.0,3200.0,3266.0,3924009,TCS_NS
2025-07-15,3129.171142578125,3252.300048828125,3259.39990234375,3206.0,3206.0,2590889,TCS_NS
2025-07-16,3121.2548828125,3233.10009765625,3244.89990234375,3220.60009765625,3227.0,2540733,TCS_NS
2025-07-17,3098.181640625,3209.199951171875,3242.0,3204.10009765625,3224.10009765625,2947640,TCS_NS
2025-07-18,3079.549072265625,3189.89990234375,3228.800048828125,3187.0,3225.0,3432645,TCS_NS
2025-07-21,3048.94580078125,3158.199951171875,3197.60009765625,3152.0,3190.0,3844346,TCS_NS
2025-07-22,3050.297607421875,3159.60009765625,3180.10009765625,3154.60009765625,3159.60009765625,3198036,TCS_NS
2025-07-23,3069.122802734375,3179.10009765625,3182.0,3157.60009765625,3159.60009765625,1922875,TCS_NS
2025-07-24,3039.098876953125,3148.0,3173.699951171875,3140.0,3165.10009765625,2934778,TCS_NS
2025-07-25,3027.32080078125,3135.800048828125,3156.89990234375,3125.60009765625,3140.0,2568917,TCS_NS
2025-07-28,2972.775146484375,3079.300048828125,3118.0,3069.89990234375,3110.0,3374473,TCS_NS
2025-07-29,2950.281494140625,3056.0,3074.0,3041.199951171875,3060.0,4785312,TCS_NS
2025-07-30,2947.96435546875,3053.60009765625,3069.0,3047.199951171875,3060.0,2880121,TCS_NS
2025-07-31,2931.74560546875,3036.800048828125,3059.800048828125,3015.0,3041.699951171875,2968371,TCS_NS
2025-08-01,2899.11474609375,3003.0,3036.800048828125,3000.0,3029.89990234375,2053847,TCS_NS
2025-08-04,2968.044677734375,3074.39990234375,3079.39990234375,2991.60009765625,3009.10009765625,2519252,TCS_NS
2025-08-05,2957.907958984375,3063.89990234375,3077.5,3042.0,3074.39990234375,1927996,TCS_NS
2025-08-06,2927.401123046875,3032.300048828125,3066.800048828125,3026.0,3063.0,1487081,TCS_NS
2025-08-07,2941.5927734375,3047.0,3051.60009765625,3010.89990234375,3016.0,2543076,TCS_NS
2025-08-08,2931.359130859375,3036.39990234375,3059.800048828125,3025.0,3048.10009765625,2762140,TCS_NS
2025-08-11,2935.607421875,3040.800048828125,3049.89990234375,3021.300048828125,3036.39990234375,1884215,TCS_NS
2025-08-12,2930.393798828125,3035.39990234375,3096.39990234375,3026.89990234375,3041.0,3358232,TCS_NS
2025-08-13,2931.166259765625,3036.199951171875,3044.39990234375,3028.60009765625,3036.10009765625,2148166,TCS_NS
2025-08-14,2917.7470703125,3022.300048828125,3055.89990234375,3019.10009765625,3034.0,3342174,TCS_NS
2025-08-18,2907.03125,3011.199951171875,3049.0,3003.39990234375,3046.5,2945609,TCS_NS
2025-08-19,2911.8583984375,3016.199951171875,3025.0,3011.10009765625,3011.199951171875,2650784,TCS_NS
2025-08-20,2991.40771484375,3098.60009765625,3103.39990234375,3010.89990234375,3010.89990234375,4952358,TCS_NS
2025-08-21,2995.26953125,3102.60009765625,3130.0,3083.10009765625,3130.0,3230726,TCS_NS
2025-08-22,2948.3505859375,3054.0,3095.699951171875,3050.0,3086.0,1593791,TCS_NS
2025-08-25,3031.954833984375,3140.60009765625,3152.0,3077.10009765625,3087.300048828125,3448370,TCS_NS
2025-08-26,3047.980712890625,3157.199951171875,3162.0,3120.0,3129.0,5522097,TCS_NS
2025-08-28,2986.677001953125,3093.699951171875,3146.5,3086.5,3145.0,3116051,TCS_NS
2025-08-29,2977.988525390625,3084.699951171875,3115.0,3077.199951171875,3093.0,2271789,TCS_NS
2025-09-01,3004.92333984375,3112.60009765625,3131.10009765625,3090.0,3090.0,1246862,TCS_NS
2025-09-02,3003.861328125,3111.5,3155.0,3103.10009765625,3121.10009765625,2185229,TCS_NS
2025-09-03,2990.345703125,3097.5,3141.89990234375,3088.0,3129.89990234375,1799774,TCS_NS
2025-09-04,2988.608154296875,3095.699951171875,3118.0,3090.800048828125,3116.0,1481391,TCS_NS
2025-09-05,2942.84765625,3048.300048828125,3103.39990234375,3028.60009765625,3097.10009765625,2802055,TCS_NS
2025-09-08,2914.561279296875,3019.0,3064.89990234375,3016.0,3050.0,2626187,TCS_NS
2025-09-09,2943.909423828125,3049.39990234375,3060.0,3030.800048828125,3032.10009765625,2489301,TCS_NS
2025-09-10,3002.413330078125,3110.0,3122.699951171875,3053.39990234375,3056.39990234375,2079428,TCS_NS
2025-09-11,3016.1220703125,3124.199951171875,3139.0,3110.10009765625,3139.0,2263446,TCS_NS
2025-09-12,3025.00390625,3133.39990234375,3148.699951171875,3121.0,3144.0,1447167,TCS_NS
2025-09-15,3004.247314453125,3111.89990234375,3134.0,3096.0,3134.0,1732539,TCS_NS
2025-09-16,3036.87841796875,3145.699951171875,3150.0,3109.10009765625,3128.0,2573429,TCS_NS
2025-09-17,3063.040771484375,3172.800048828125,3182.39990234375,3142.39990234375,3152.0,2418271,TCS_NS
2025-09-18,3066.805908203125,3176.699951171875,3203.0,3161.39990234375,3185.0,2633138,TCS_NS
2025-09-19,3059.565185546875,3169.199951171875,3180.5,3144.0,3170.0,4901694,TCS_NS
2025-09-22,2967.465576171875,3073.800048828125,3106.89990234375,3065.0,3095.0,3634901,TCS_NS
2025-09-23,2956.459716796875,3062.39990234375,3080.699951171875,3052.0,3070.0,3177741,TCS_NS
2025-09-24,2930.393798828125,3035.39990234375,3057.0,3033.0,3050.0,1625714,TCS_NS
2025-09-25,2855.092041015625,2957.39990234375,3029.60009765625,2951.0,3022.0,4974361,TCS_NS
2025-09-26,2798.809326171875,2899.10009765625,2954.800048828125,2891.300048828125,2941.0,3934636,TCS_NS
2025-09-29,2795.912841796875,2896.10009765625,2929.300048828125,2894.0,2916.0,3110035,TCS_NS
2025-09-30,2788.479248046875,2888.39990234375,2915.300048828125,2885.10009765625,2911.0,2253458,TCS_NS
2025-10-01,2813.38671875,2914.199951171875,2924.800048828125,2866.60009765625,2891.0,1952902,TCS_NS
2025-10-03,2801.51220703125,2901.89990234375,2924.0,2891.10009765625,2924.0,2899519,TCS_NS
2025-10-06,2885.019775390625,2988.39990234375,2993.60009765625,2895.60009765625,2902.0,2112774,TCS_NS
2025-10-07,2870.828125,2973.699951171875,3004.5,2955.5,2995.0,3062943,TCS_NS
2025-10-08,2922.4775390625,3027.199951171875,3043.0,2968.0,2975.0,4121889,TCS_NS
2025-10-09,2955.7841796875,3061.699951171875,3066.0,3020.0,3034.0,3211304,TCS_NS
2025-10-10,2923.53955078125,3028.300048828125,3070.0,3006.89990234375,3050.0,8817365,TCS_NS
2025-10-13,2903.169677734375,3007.199951171875,3035.5,2998.199951171875,3027.0,2866865,TCS_NS
2025-10-14,2857.89208984375,2960.300048828125,3027.199951171875,2955.5,3021.0,3611416,TCS_NS
2025-10-15,2877.756591796875,2969.800048828125,2979.699951171875,2951.0,2971.0,4282226,TCS_NS
2025-10-16,2878.628662109375,2970.699951171875,2975.0,2943.10009765625,2969.89990234375,3251495,TCS_NS
2025-10-17,2870.391845703125,2962.199951171875,2988.800048828125,2955.39990234375,2970.0,4374683,TCS_NS
2025-10-20,2921.749267578125,3015.199951171875,3023.0,2978.5,2985.5,3133039,TCS_NS
2025-10-21,2913.512939453125,3006.699951171875,3031.800048828125,2996.0,3031.10009765625,310644,TCS_NS
2025-10-23,2977.951904296875,3073.199951171875,3098.0,3036.10009765625,3055.0,5564758,TCS_NS
2025-10-24,2968.26171875,3063.199951171875,3090.0,3058.300048828125,3080.0,2684318,TCS_NS
2025-10-27,2989.2890625,3084.89990234375,3094.199951171875,3060.199951171875,3066.5,1946312,TCS_NS
2025-10-28,2963.1259765625,3057.89990234375,3090.199951171875,3040.199951171875,3076.0,3470737,TCS_NS
2025-10-29,2962.83544921875,3057.60009765625,3076.0,3046.10009765625,3057.89990234375,2895420,TCS_NS
2025-10-30,2941.226318359375,3035.300048828125,3063.800048828125,3032.800048828125,3049.10009765625,2241536,TCS_NS
2025-10-31,2963.222900390625,3058.0,3067.39990234375,3025.10009765625,3035.0,1868085,TCS_NS
2025-11-03,2923.2998046875,3016.800048828125,3058.0,3010.0,3046.89990234375,2194877,TCS_NS
2025-11-04,2897.5244140625,2990.199951171875,3029.300048828125,2976.0,3019.60009765625,2670720,TCS_NS
2025-11-06,2917.582763671875,3010.89990234375,3024.0,2990.0,2990.10009765625,2542721,TCS_NS
2025-11-07,2899.074951171875,2991.800048828125,3004.0,2960.5,3001.0,1830520,TCS_NS
2025-11-10,2931.439453125,3025.199951171875,3047.89990234375,2992.0,2993.0,1556656,TCS_NS
2025-11-11,2952.56396484375,3047.0,3055.699951171875,3018.0,3045.0,2806868,TCS_NS
2025-11-12,3034.735595703125,3131.800048828125,3136.39990234375,3057.10009765625,3060.0,4460315,TCS_NS
2025-11-13,3009.444580078125,3105.699951171875,3131.89990234375,3102.0,3131.800048828125,1740435,TCS_NS
2025-11-14,3009.7353515625,3106.0,3113.10009765625,3077.300048828125,3090.0,2210794,TCS_NS
2025-11-17,3006.052978515625,3102.199951171875,3123.5,3086.60009765625,3106.0,2232853,TCS_NS
2025-11-18,2991.421142578125,3087.10009765625,3105.0,3078.0,3102.0,2548350,TCS_NS
2025-11-19,3050.142822265625,3147.699951171875,3155.0,3083.5,3097.0,3151053,TCS_NS
2025-11-20,3047.3330078125,3144.800048828125,3164.5,3138.10009765625,3148.0,2700767,TCS_NS
2025-11-21,3052.952880859375,3150.60009765625,3170.0,3135.199951171875,3144.800048828125,4177037,TCS_NS
2025-11-24,3043.84423828125,3141.199951171875,3178.89990234375,3131.0,3158.0,6703764,TCS_NS
2025-11-25,3022.526123046875,3119.199951171875,3149.800048828125,3115.0,3145.300048828125,2737920,TCS_NS
2025-11-26,3064.87158203125,3162.89990234375,3178.0,3117.0,3118.800048828125,2508527,TCS_NS
2025-11-27,3039.386962890625,3136.60009765625,3180.0,3125.0,3180.0,2836233,TCS_NS
2025-11-28,3040.2587890625,3137.5,3147.300048828125,3125.0,3140.0,1616690,TCS_NS
2025-12-01,3036.285888671875,3133.39990234375,3154.0,3122.199951171875,3137.89990234375,1747647,TCS_NS
2025-12-02,3038.5146484375,3135.699951171875,3144.0,3120.39990234375,3131.0,2512003,TCS_NS
2025-12-03,3081.441650390625,3180.0,3211.89990234375,3139.0,3140.0,3952112,TCS_NS
2025-12-04,3129.11669921875,3229.199951171875,3250.0,3187.39990234375,3194.0,5025905,TCS_NS
2025-12-05,3137.837890625,3238.199951171875,3271.60009765625,3222.39990234375,3230.0,5244013,TCS_NS
2025-12-08,3136.190673828125,3236.5,3259.89990234375,3208.60009765625,3243.0,2544725,TCS_NS
2025-12-09,3108.86474609375,3208.300048828125,3233.699951171875,3181.199951171875,3230.0,2734893,TCS_NS
2025-12-10,3090.356689453125,3189.199951171875,3225.0,3178.10009765625,3225.0,1386849,TCS_NS
2025-12-11,3092.972900390625,3191.89990234375,3208.39990234375,3153.10009765625,3205.0,1914362,TCS_NS
2025-12-12,3120.6865234375,3220.5,3223.0,3185.699951171875,3197.699951171875,1146554,TCS_NS
2025-12-15,3130.0859375,3230.199951171875,3238.199951171875,3197.300048828125,3211.10009765625,1562190,TCS_NS
2025-12-16,3105.763916015625,3205.10009765625,3220.0,3191.10009765625,3220.0,1734623,TCS_NS
2025-12-17,3118.0703125,3217.800048828125,3236.89990234375,3200.5,3200.5,1376350,TCS_NS
2025-12-18,3179.117919921875,3280.800048828125,3287.800048828125,3221.0,3228.0,2307422,TCS_NS
2025-12-19,3180.280517578125,3282.0,3317.89990234375,3278.800048828125,3299.0,3902511,TCS_NS
2025-12-22,3221.850830078125,3324.89990234375,3328.60009765625,3291.0,3310.0,2632816,TCS_NS
2025-12-23,3207.41259765625,3310.0,3319.89990234375,3293.5,3319.89990234375,2365420,TCS_NS
2025-12-24,3216.1337890625,3319.0,3327.10009765625,3296.10009765625,3304.10009765625,1367708,TCS_NS
2025-12-26,3178.342529296875,3280.0,3320.0,3271.800048828125,3313.10009765625,1176664,TCS_NS
2025-12-29,3150.7255859375,3251.5,3288.0,3242.89990234375,3280.0,2079473,TCS_NS
2025-12-30,3146.17138671875,3246.800048828125,3267.5,3239.5,3250.0,2807593,TCS_NS
2025-12-31,3106.82958984375,3206.199951171875,3246.0,3198.5,3240.0,3362634,TCS_NS
2026-01-01,3127.37255859375,3227.39990234375,3234.10009765625,3198.199951171875,3215.0,1255735,TCS_NS
2026-01-02,3149.950439453125,3250.699951171875,3254.300048828125,3219.5,3234.0,1184324,TCS_NS
2026-01-05,3116.4228515625,3216.10009765625,3247.0,3191.0,3240.5,2341703,TCS_NS
2026-01-06,3154.892578125,3255.800048828125,3263.199951171875,3205.0,3210.0,2912325,TCS_NS
2026-01-07,3193.458984375,3295.60009765625,3300.60009765625,3223.199951171875,3242.89990234375,1989442,TCS_NS
2026-01-08,3104.600830078125,3203.89990234375,3286.89990234375,3182.0,3286.89990234375,4159336,TCS_NS
2026-01-09,3108.380126953125,3207.800048828125,3229.699951171875,3191.0,3191.0,1938673,TCS_NS
2026-01-12,3139.19482421875,3239.60009765625,3252.0,3174.300048828125,3203.0,2228342,TCS_NS
2026-01-13,3166.71435546875,3268.0,3280.0,3210.5,3245.0,5645341,TCS_NS
2026-01-14,3093.554443359375,3192.5,3260.0,3183.0,3260.0,3539511,TCS_NS
2026-01-15,3093.554443359375,3192.5,3192.5,3192.5,3192.5,0,TCS_NS
2026-01-16,3163.8017578125,3206.699951171875,3221.89990234375,3171.0,3219.39990234375,4293470,TCS_NS
2026-01-19,3121.278564453125,3163.60009765625,3220.0,3152.10009765625,3188.0,3387562,TCS_NS
2026-01-20,3060.798583984375,3102.300048828125,3160.0,3091.10009765625,3151.60009765625,4499273,TCS_NS
2026-01-21,3080.826904296875,3122.60009765625,3138.5,3082.0,3100.0,2015150,TCS_NS
2026-01-22,3108.2548828125,3150.39990234375,3160.0,3122.300048828125,3150.0,2269827,TCS_NS
2026-01-23,3120.193115234375,3162.5,3194.5,3152.0,3190.300048828125,2068857,TCS_NS
2026-01-27,3115.75341796875,3158.0,3175.0,3130.0,3175.0,4279874,TCS_NS
2026-01-28,3157.290283203125,3200.10009765625,3205.199951171875,3170.60009765625,3176.0,2751234,TCS_NS
2026-01-29,3102.335205078125,3144.39990234375,3200.10009765625,3125.60009765625,3200.10009765625,2457641,TCS_NS
2026-01-30,3082.109375,3123.89990234375,3141.0,3092.0,3141.0,3022068,TCS_NS
2026-02-02,3127.1982421875,3169.60009765625,3198.0,3134.0,3198.0,2636272,TCS_NS
2026-02-03,3182.153076171875,3225.300048828125,3350.0,3186.300048828125,3350.0,4366060,TCS_NS
2026-02-04,2958.979248046875,2999.10009765625,3120.0,2986.0,3120.0,10852595,TCS_NS
2026-02-05,2951.480712890625,2991.5,3029.699951171875,2972.300048828125,2990.0,3521545,TCS_NS
2026-02-06,2902.248291015625,2941.60009765625,2985.0,2916.0,2976.60009765625,4687389,TCS_NS
2026-02-09,2908.760009765625,2948.199951171875,2977.0,2937.5,2959.10009765625,2380318,TCS_NS
2026-02-10,2944.673095703125,2984.60009765625,3011.60009765625,2943.5,2949.800048828125,3547763,TCS_NS
2026-02-11,2870.873779296875,2909.800048828125,2998.0,2904.199951171875,2980.0,3363513,TCS_NS
2026-02-12,2713.31005859375,2750.10009765625,2880.0,2740.0,2869.800048828125,10612156,TCS_NS
2026-02-13,2656.1845703125,2692.199951171875,2713.0,2585.0,2585.0,11168735,TCS_NS
2026-02-16,2670.39208984375,2706.60009765625,2719.800048828125,2671.0,2700.0,2918730,TCS_NS
2026-02-17,2681.04736328125,2717.39990234375,2760.0,2695.199951171875,2716.0,4209118,TCS_NS
2026-02-18,2658.848388671875,2694.89990234375,2730.0,2657.300048828125,2730.0,2950820,TCS_NS
2026-02-19,2642.075927734375,2677.89990234375,2748.699951171875,2666.60009765625,2708.0,3238849,TCS_NS
2026-02-20,2650.264892578125,2686.199951171875,2702.60009765625,2647.5,2667.0,2293482,TCS_NS
2026-02-23,2640.497314453125,2676.300048828125,2704.0,2660.199951171875,2686.0,4699596,TCS_NS
2026-02-24,2539.269775390625,2573.699951171875,2647.5,2561.300048828125,2641.0,7798833,TCS_NS
2026-02-25,2594.126220703125,2629.300048828125,2654.199951171875,2595.0,2596.0,3621285,TCS_NS
2026-02-26,2612.27978515625,2647.699951171875,2671.0,2635.0,2650.0,3464267,TCS_NS
2026-02-27,2602.11767578125,2637.39990234375,2688.60009765625,2626.10009765625,2681.60009765625,5083717,TCS_NS
2026-03-02,2578.537353515625,2613.5,2623.800048828125,2580.300048828125,2592.0,3374385,TCS_NS
2026-03-04,2553.181396484375,2587.800048828125,2635.0,2580.39990234375,2625.0,3446434,TCS_NS
2026-03-05,2544.3017578125,2578.800048828125,2609.5,2546.39990234375,2600.0,2960636,TCS_NS
2026-03-06,2523.385498046875,2557.60009765625,2619.199951171875,2553.60009765625,2572.0,3998643,TCS_NS
2026-03-09,2493.589111328125,2527.39990234375,2560.0,2505.0,2530.0,3653428,TCS_NS
2026-03-10,2479.480712890625,2513.10009765625,2545.199951171875,2490.10009765625,2541.0,4323710,TCS_NS
2026-03-11,2431.92529296875,2464.89990234375,2521.0,2460.10009765625,2508.10009765625,2720664,TCS_NS
2026-03-12,2409.726318359375,2442.39990234375,2472.89990234375,2436.0,2459.800048828125,2752075,TCS_NS
2026-03-13,2378.253173828125,2410.5,2445.89990234375,2397.0,2437.0,2466488,TCS_NS
2026-03-16,2376.970458984375,2409.199951171875,2425.0,2366.10009765625,2410.0,3807907,TCS_NS
2026-03-17,2359.70458984375,2391.699951171875,2420.0,2360.0,2420.0,2993367,TCS_NS
2026-03-18,2408.14794921875,2440.800048828125,2482.89990234375,2410.0,2410.0,3082388,TCS_NS
2026-03-19,2324.482177734375,2356.0,2424.0,2350.199951171875,2417.0,2757060,TCS_NS
2026-03-20,2358.619384765625,2390.60009765625,2407.800048828125,2364.199951171875,2386.0,4206320,TCS_NS
2026-03-23,2351.910400390625,2383.800048828125,2406.800048828125,2348.0,2365.0,3860515,TCS_NS
2026-03-24,2366.709716796875,2398.800048828125,2435.39990234375,2379.10009765625,2404.10009765625,3420182,TCS_NS
2026-03-25,2345.595947265625,2377.39990234375,2421.60009765625,2369.800048828125,2400.89990234375,5843778,TCS_NS
2026-03-27,2357.830078125,2389.800048828125,2422.10009765625,2385.0,2403.89990234375,4979411,TCS_NS
2026-03-30,2327.34326171875,2358.89990234375,2398.0,2346.199951171875,2375.10009765625,6804756,TCS_NS
2026-04-01,2375.98388671875,2408.199951171875,2472.0,2397.89990234375,2429.0,4132661,TCS_NS
2026-04-02,2417.915283203125,2450.699951171875,2469.89990234375,2375.699951171875,2386.0,5378361,TCS_NS
2026-04-06,2440.804931640625,2473.89990234375,2482.0,2448.199951171875,2474.0,2572417,TCS_NS
2026-04-07,2505.823486328125,2539.800048828125,2543.89990234375,2448.0,2461.0,4516550,TCS_NS
2026-04-08,2524.9638671875,2559.199951171875,2580.300048828125,2540.10009765625,2572.0,4769337,TCS_NS
2026-04-09,2554.365234375,2589.0,2605.0,2531.10009765625,2554.0,5628261,TCS_NS
2026-04-10,2490.53076171875,2524.300048828125,2565.800048828125,2501.10009765625,2565.800048828125,10480239,TCS_NS
2026-04-13,2439.5224609375,2472.60009765625,2504.89990234375,2470.0,2489.89990234375,3739587,TCS_NS
2026-04-15,2520.72119140625,2554.89990234375,2559.0,2493.39990234375,2501.89990234375,5261384,TCS_NS
2026-04-16,2542.427001953125,2576.89990234375,2594.0,2558.0,2572.0,3905403,TCS_NS
2026-04-17,2546.965576171875,2581.5,2589.0,2555.89990234375,2570.0,2718206,TCS_NS
2026-04-20,2545.091064453125,2579.60009765625,2594.0,2561.199951171875,2587.10009765625,2288558,TCS_NS
2026-04-21,2575.57763671875,2610.5,2614.0,2560.0,2560.0,2719959,TCS_NS
2026-04-22,2504.540771484375,2538.5,2580.0,2503.60009765625,2580.0,5232045,TCS_NS
2026-04-23,2488.064208984375,2521.800048828125,2559.5,2516.300048828125,2529.0,2509050,TCS_NS
2026-04-24,2364.8349609375,2396.89990234375,2505.0,2388.800048828125,2488.0,5107719,TCS_NS
2026-04-27,2414.85693359375,2447.60009765625,2459.0,2396.89990234375,2396.89990234375,5853425,TCS_NS
2026-04-28,2411.99560546875,2444.699951171875,2487.0,2427.39990234375,2444.0,4508363,TCS_NS
2026-04-29,2441.59423828125,2474.699951171875,2487.89990234375,2447.60009765625,2451.0,2835961,TCS_NS
2026-04-30,2440.804931640625,2473.89990234375,2491.0,2438.0,2479.0,3970446,TCS_NS
2026-05-01,2440.804931640625,2473.89990234375,2473.89990234375,2473.89990234375,2473.89990234375,0,TCS_NS
2026-05-04,2398.77490234375,2431.300048828125,2498.300048828125,2425.0,2494.0,2632358,TCS_NS
2026-05-05,2394.828369140625,2427.300048828125,2460.39990234375,2412.199951171875,2430.0,3385720,TCS_NS
2026-05-06,2402.81982421875,2435.39990234375,2471.0,2406.5,2441.89990234375,3147628,TCS_NS
2026-05-07,2369.274658203125,2401.39990234375,2439.699951171875,2398.0,2438.199951171875,5829594,TCS_NS
2026-05-08,2362.368408203125,2394.39990234375,2407.0,2375.10009765625,2398.0,3792199,TCS_NS
2026-05-11,2360.888427734375,2392.89990234375,2415.0,2371.0,2371.0,1975188,TCS_NS
2026-05-12,2269.52734375,2300.300048828125,2375.0,2283.0,2375.0,6347884,TCS_NS
2026-05-13,2242.395263671875,2272.800048828125,2309.199951171875,2269.0,2306.0,3171843,TCS_NS
2026-05-14,2215.953857421875,2246.0,2265.0,2206.39990234375,2265.0,5633313,TCS_NS
2026-05-15,2233.712890625,2264.0,2304.89990234375,2252.0,2252.0,3410637,TCS_NS
2026-05-18,2252.656005859375,2283.199951171875,2292.89990234375,2252.199951171875,2264.0,3773336,TCS_NS
2026-05-19,2295.968994140625,2327.10009765625,2377.60009765625,2297.10009765625,2300.0,10394707,TCS_NS
2026-05-20,2296.2646484375,2327.39990234375,2342.0,2317.800048828125,2323.89990234375,2537422,TCS_NS
2026-05-21,2296.0673828125,2327.199951171875,2335.89990234375,2314.0,2331.0,3299087,TCS_NS
2026-05-22,2286.300048828125,2317.300048828125,2340.0,2308.10009765625,2331.10009765625,2617262,TCS_NS
2026-05-25,2308.199951171875,2308.199951171875,2326.10009765625,2293.0,2325.0,3298364,TCS_NS
2026-05-26,2276.199951171875,2276.199951171875,2327.89990234375,2272.39990234375,2308.199951171875,3587597,TCS_NS
2026-05-27,2284.199951171875,2284.199951171875,2295.60009765625,2260.89990234375,2275.0,2653950,TCS_NS
2026-05-28,2284.199951171875,2284.199951171875,2284.199951171875,2284.199951171875,2284.199951171875,0,TCS_NS
2026-05-29,2258.89990234375,2258.89990234375,2334.0,2235.0,2291.0,16331582,TCS_NS
2026-06-01,2297.39990234375,2297.39990234375,2335.0,2280.0,2284.0,7505095,TCS_NS
2026-06-02,2446.89990234375,2446.89990234375,2457.39990234375,2316.199951171875,2320.0,11306127,TCS_NS
2026-06-03,2241.699951171875,2241.699951171875,2393.0,2224.800048828125,2393.0,15660062,TCS_NS
2026-06-04,2241.0,2241.0,2253.10009765625,2216.60009765625,2241.699951171875,4867263,TCS_NS
2026-06-05,2198.89990234375,2198.89990234375,2271.800048828125,2192.0,2262.89990234375,5019717,TCS_NS
2026-06-08,2151.39990234375,2151.39990234375,2177.0,2143.300048828125,2170.0,6536734,TCS_NS
2026-06-09,2151.0,2151.0,2174.0,2132.800048828125,2174.0,4148655,TCS_NS
2026-06-10,2153.89990234375,2153.89990234375,2180.800048828125,2144.800048828125,2151.300048828125,2848650,TCS_NS
2026-06-11,2135.60009765625,2135.60009765625,2154.60009765625,2110.0,2127.0,3079815,TCS_NS
2026-06-12,2161.39990234375,2161.39990234375,2168.0,2138.0,2150.0,2124656,TCS_NS
